fecha,pais,texto,autor,url
2026-08-22,Colombia,con la diabetes el control de glucosa es un problema https://ejemplo.invalid/p/0 @cuenta_ficticia,@usuario_ficticio_0,https://ejemplo.invalid/p/0
2026-07-12,Argentina,buenísimo el programa para controlar la diabetes,@usuario_ficticio_1,https://ejemplo.invalid/p/1
2026-07-19,Colombia,"Vitalix me encanta, excelente para arrancar el día",@usuario_ficticio_2,https://ejemplo.invalid/p/2
2026-07-04,Argentina,me diagnosticaron presión alta y no sé qué comer https://ejemplo.invalid/p/3,@usuario_ficticio_3,https://ejemplo.invalid/p/3
2026-08-30,México,"el Vasotril funciona bien, la presión mejoró",@usuario_ficticio_4,https://ejemplo.invalid/p/4
2026-07-26,México,"no hay Glucofin en la farmacia, desabastecimiento otra vez @cuenta_ficticia",@usuario_ficticio_5,https://ejemplo.invalid/p/5
2026-08-03,Brasil,con la diabetes el control de glucosa es un problema https://ejemplo.invalid/p/6,@usuario_ficticio_6,https://ejemplo.invalid/p/6
2026-09-22,Chile,con la diabetes el control de glucosa es un problema,@usuario_ficticio_7,https://ejemplo.invalid/p/7
2026-08-20,Brasil,Vitalix está carísimo,@usuario_ficticio_8,https://ejemplo.invalid/p/8
2026-08-14,Uruguay,me diagnosticaron presión alta y no sé qué comer https://ejemplo.invalid/p/9,@usuario_ficticio_9,https://ejemplo.invalid/p/9
2026-07-01,Argentina,"Vitalix me encanta, excelente para arrancar el día @cuenta_ficticia",@usuario_ficticio_10,https://ejemplo.invalid/p/10
2026-09-02,Chile,la hipertensión es un problema grave y nadie habla,@usuario_ficticio_11,https://ejemplo.invalid/p/11
2026-07-18,Brasil,mi vieja tiene osteoporosis y le duele todo https://ejemplo.invalid/p/12,@usuario_ficticio_12,https://ejemplo.invalid/p/12
2026-07-25,Brasil,caminar todos los días me ayudó con la presión,@usuario_ficticio_13,https://ejemplo.invalid/p/13
2026-07-31,Perú,buenísimo el programa para controlar la diabetes,@usuario_ficticio_14,https://ejemplo.invalid/p/14
2026-08-03,Argentina,caminar todos los días me ayudó con la presión https://ejemplo.invalid/p/15 @cuenta_ficticia,@usuario_ficticio_15,https://ejemplo.invalid/p/15
2026-08-05,Chile,caminar todos los días me ayudó con la presión,@usuario_ficticio_16,https://ejemplo.invalid/p/16
2026-07-02,México,buenísimo el programa para controlar la diabetes,@usuario_ficticio_17,https://ejemplo.invalid/p/17
2026-07-17,México,"Vitalix me encanta, excelente para arrancar el día https://ejemplo.invalid/p/18",@usuario_ficticio_18,https://ejemplo.invalid/p/18
2026-07-06,Argentina,caminar todos los días me ayudó con la presión,@usuario_ficticio_19,https://ejemplo.invalid/p/19
2026-08-06,Perú,caminar todos los días me ayudó con la presión @cuenta_ficticia,@usuario_ficticio_20,https://ejemplo.invalid/p/20
2026-08-08,Argentina,Calcimar D recomendado por mi médica https://ejemplo.invalid/p/21,@usuario_ficticio_21,https://ejemplo.invalid/p/21
2026-07-02,Uruguay,"Vitalix me encanta, excelente para arrancar el día",@usuario_ficticio_22,https://ejemplo.invalid/p/22
2026-09-07,Uruguay,caminar todos los días me ayudó con la presión,@usuario_ficticio_23,https://ejemplo.invalid/p/23
2026-08-22,Argentina,buenísimo el programa para controlar la diabetes https://ejemplo.invalid/p/24,@usuario_ficticio_24,https://ejemplo.invalid/p/24
2026-08-16,Brasil,"Vasotril me hizo mal, tuve mareos @cuenta_ficticia",@usuario_ficticio_25,https://ejemplo.invalid/p/25
2026-08-24,Colombia,"Vitalix me encanta, excelente para arrancar el día",@usuario_ficticio_26,https://ejemplo.invalid/p/26
2026-08-25,Argentina,"no hay Glucofin en la farmacia, desabastecimiento otra vez https://ejemplo.invalid/p/27",@usuario_ficticio_27,https://ejemplo.invalid/p/27
2026-07-21,Argentina,buenísimo el programa para controlar la diabetes,@usuario_ficticio_28,https://ejemplo.invalid/p/28
2026-08-13,México,"el Vasotril funciona bien, la presión mejoró",@usuario_ficticio_29,https://ejemplo.invalid/p/29
2026-07-15,Colombia,mi vieja tiene osteoporosis y le duele todo https://ejemplo.invalid/p/30 @cuenta_ficticia,@usuario_ficticio_30,https://ejemplo.invalid/p/30
2026-08-28,Argentina,con la diabetes el control de glucosa es un problema,@usuario_ficticio_31,https://ejemplo.invalid/p/31
2026-07-23,Argentina,Calcimar D recomendado por mi médica,@usuario_ficticio_32,https://ejemplo.invalid/p/32
2026-08-10,México,Calcimar D recomendado por mi médica https://ejemplo.invalid/p/33,@usuario_ficticio_33,https://ejemplo.invalid/p/33
2026-08-23,México,"Vitalix me encanta, excelente para arrancar el día",@usuario_ficticio_34,https://ejemplo.invalid/p/34
2026-07-17,Colombia,buenísimo el programa para controlar la diabetes @cuenta_ficticia,@usuario_ficticio_35,https://ejemplo.invalid/p/35
2026-07-03,Argentina,con la diabetes el control de glucosa es un problema https://ejemplo.invalid/p/36,@usuario_ficticio_36,https://ejemplo.invalid/p/36
2026-07-01,Chile,con la diabetes el control de glucosa es un problema,@usuario_ficticio_37,https://ejemplo.invalid/p/37
2026-08-02,Uruguay,"el Vasotril funciona bien, la presión mejoró",@usuario_ficticio_38,https://ejemplo.invalid/p/38
2026-09-14,México,me diagnosticaron presión alta y no sé qué comer https://ejemplo.invalid/p/39,@usuario_ficticio_39,https://ejemplo.invalid/p/39
2026-09-06,México,Vitalix está carísimo @cuenta_ficticia,@usuario_ficticio_40,https://ejemplo.invalid/p/40
2026-08-14,México,"el Vasotril funciona bien, la presión mejoró",@usuario_ficticio_41,https://ejemplo.invalid/p/41
2026-07-01,Colombia,mi vieja tiene osteoporosis y le duele todo https://ejemplo.invalid/p/42,@usuario_ficticio_42,https://ejemplo.invalid/p/42
2026-08-17,Uruguay,la hipertensión es un problema grave y nadie habla,@usuario_ficticio_43,https://ejemplo.invalid/p/43
2026-08-04,Colombia,me diagnosticaron presión alta y no sé qué comer,@usuario_ficticio_44,https://ejemplo.invalid/p/44
2026-09-19,Argentina,Calcimar D recomendado por mi médica https://ejemplo.invalid/p/45 @cuenta_ficticia,@usuario_ficticio_45,https://ejemplo.invalid/p/45
2026-08-03,Colombia,"Vitalix me encanta, excelente para arrancar el día",@usuario_ficticio_46,https://ejemplo.invalid/p/46
2026-08-31,México,Calcimar D recomendado por mi médica,@usuario_ficticio_47,https://ejemplo.invalid/p/47
2026-08-14,Brasil,caminar todos los días me ayudó con la presión https://ejemplo.invalid/p/48,@usuario_ficticio_48,https://ejemplo.invalid/p/48
2026-07-22,Uruguay,la hipertensión es un problema grave y nadie habla,@usuario_ficticio_49,https://ejemplo.invalid/p/49
2026-08-18,Uruguay,"Vasotril me hizo mal, tuve mareos @cuenta_ficticia",@usuario_ficticio_50,https://ejemplo.invalid/p/50
2026-07-20,Colombia,Vitalix está carísimo https://ejemplo.invalid/p/51,@usuario_ficticio_51,https://ejemplo.invalid/p/51
2026-07-24,Colombia,Calcimar D recomendado por mi médica,@usuario_ficticio_52,https://ejemplo.invalid/p/52
2026-07-09,México,Vitalix está carísimo,@usuario_ficticio_53,https://ejemplo.invalid/p/53
2026-08-07,Colombia,"no hay Glucofin en la farmacia, desabastecimiento otra vez https://ejemplo.invalid/p/54",@usuario_ficticio_54,https://ejemplo.invalid/p/54
2026-09-22,Argentina,me diagnosticaron presión alta y no sé qué comer @cuenta_ficticia,@usuario_ficticio_55,https://ejemplo.invalid/p/55
2026-09-14,México,"Vasotril me hizo mal, tuve mareos",@usuario_ficticio_56,https://ejemplo.invalid/p/56
2026-08-11,Chile,mi vieja tiene osteoporosis y le duele todo https://ejemplo.invalid/p/57,@usuario_ficticio_57,https://ejemplo.invalid/p/57
2026-08-23,Colombia,Vitalix está carísimo,@usuario_ficticio_58,https://ejemplo.invalid/p/58
2026-08-20,México,caminar todos los días me ayudó con la presión,@usuario_ficticio_59,https://ejemplo.invalid/p/59
2026-08-07,Colombia,"Vasotril me hizo mal, tuve mareos https://ejemplo.invalid/p/60 @cuenta_ficticia",@usuario_ficticio_60,https://ejemplo.invalid/p/60
2026-07-29,Chile,Calcimar D recomendado por mi médica,@usuario_ficticio_61,https://ejemplo.invalid/p/61
2026-08-14,México,me diagnosticaron presión alta y no sé qué comer,@usuario_ficticio_62,https://ejemplo.invalid/p/62
2026-08-24,México,"no hay Glucofin en la farmacia, desabastecimiento otra vez https://ejemplo.invalid/p/63",@usuario_ficticio_63,https://ejemplo.invalid/p/63
2026-09-11,Argentina,Vitalix está carísimo,@usuario_ficticio_64,https://ejemplo.invalid/p/64
2026-07-04,Perú,buenísimo el programa para controlar la diabetes @cuenta_ficticia,@usuario_ficticio_65,https://ejemplo.invalid/p/65
2026-09-06,Argentina,con la diabetes el control de glucosa es un problema https://ejemplo.invalid/p/66,@usuario_ficticio_66,https://ejemplo.invalid/p/66
2026-08-18,Uruguay,me diagnosticaron presión alta y no sé qué comer,@usuario_ficticio_67,https://ejemplo.invalid/p/67
2026-08-08,Argentina,me diagnosticaron presión alta y no sé qué comer,@usuario_ficticio_68,https://ejemplo.invalid/p/68
2026-09-11,Colombia,Vitalix está carísimo https://ejemplo.invalid/p/69,@usuario_ficticio_69,https://ejemplo.invalid/p/69
2026-09-15,Brasil,"Vitalix me encanta, excelente para arrancar el día @cuenta_ficticia",@usuario_ficticio_70,https://ejemplo.invalid/p/70
2026-09-14,México,Calcimar D recomendado por mi médica,@usuario_ficticio_71,https://ejemplo.invalid/p/71
2026-09-07,Perú,"no hay Glucofin en la farmacia, desabastecimiento otra vez https://ejemplo.invalid/p/72",@usuario_ficticio_72,https://ejemplo.invalid/p/72
2026-08-10,Colombia,la hipertensión es un problema grave y nadie habla,@usuario_ficticio_73,https://ejemplo.invalid/p/73
2026-07-05,Colombia,me diagnosticaron presión alta y no sé qué comer,@usuario_ficticio_74,https://ejemplo.invalid/p/74
2026-07-07,Colombia,Calcimar D recomendado por mi médica https://ejemplo.invalid/p/75 @cuenta_ficticia,@usuario_ficticio_75,https://ejemplo.invalid/p/75
2026-09-08,Uruguay,buenísimo el programa para controlar la diabetes,@usuario_ficticio_76,https://ejemplo.invalid/p/76
2026-08-13,México,Vitalix está carísimo,@usuario_ficticio_77,https://ejemplo.invalid/p/77
2026-08-22,Chile,caminar todos los días me ayudó con la presión https://ejemplo.invalid/p/78,@usuario_ficticio_78,https://ejemplo.invalid/p/78
2026-09-15,México,"el Vasotril funciona bien, la presión mejoró",@usuario_ficticio_79,https://ejemplo.invalid/p/79
2026-07-21,Uruguay,Calcimar D recomendado por mi médica @cuenta_ficticia,@usuario_ficticio_80,https://ejemplo.invalid/p/80
2026-07-13,México,caminar todos los días me ayudó con la presión https://ejemplo.invalid/p/81,@usuario_ficticio_81,https://ejemplo.invalid/p/81
2026-07-24,México,"Vasotril me hizo mal, tuve mareos",@usuario_ficticio_82,https://ejemplo.invalid/p/82
2026-07-06,México,mi vieja tiene osteoporosis y le duele todo,@usuario_ficticio_83,https://ejemplo.invalid/p/83
2026-08-26,Argentina,"Vasotril me hizo mal, tuve mareos https://ejemplo.invalid/p/84",@usuario_ficticio_84,https://ejemplo.invalid/p/84
2026-09-21,Argentina,la hipertensión es un problema grave y nadie habla @cuenta_ficticia,@usuario_ficticio_85,https://ejemplo.invalid/p/85
2026-09-13,Colombia,me diagnosticaron presión alta y no sé qué comer,@usuario_ficticio_86,https://ejemplo.invalid/p/86
2026-08-21,Argentina,"no hay Glucofin en la farmacia, desabastecimiento otra vez https://ejemplo.invalid/p/87",@usuario_ficticio_87,https://ejemplo.invalid/p/87
2026-07-20,Argentina,caminar todos los días me ayudó con la presión,@usuario_ficticio_88,https://ejemplo.invalid/p/88
2026-08-12,Colombia,caminar todos los días me ayudó con la presión,@usuario_ficticio_89,https://ejemplo.invalid/p/89
2026-09-06,Colombia,"el Vasotril funciona bien, la presión mejoró https://ejemplo.invalid/p/90 @cuenta_ficticia",@usuario_ficticio_90,https://ejemplo.invalid/p/90
2026-08-30,Argentina,caminar todos los días me ayudó con la presión,@usuario_ficticio_91,https://ejemplo.invalid/p/91
2026-09-17,Argentina,"Vitalix me encanta, excelente para arrancar el día",@usuario_ficticio_92,https://ejemplo.invalid/p/92
2026-08-04,Colombia,me diagnosticaron presión alta y no sé qué comer https://ejemplo.invalid/p/93,@usuario_ficticio_93,https://ejemplo.invalid/p/93
2026-08-23,México,"el Vasotril funciona bien, la presión mejoró",@usuario_ficticio_94,https://ejemplo.invalid/p/94
2026-07-18,Argentina,"el Vasotril funciona bien, la presión mejoró @cuenta_ficticia",@usuario_ficticio_95,https://ejemplo.invalid/p/95
2026-07-25,México,con la diabetes el control de glucosa es un problema https://ejemplo.invalid/p/96,@usuario_ficticio_96,https://ejemplo.invalid/p/96
2026-07-22,Argentina,mi vieja tiene osteoporosis y le duele todo,@usuario_ficticio_97,https://ejemplo.invalid/p/97
2026-08-24,México,mi vieja tiene osteoporosis y le duele todo,@usuario_ficticio_98,https://ejemplo.invalid/p/98
2026-08-04,Colombia,me diagnosticaron presión alta y no sé qué comer https://ejemplo.invalid/p/99,@usuario_ficticio_99,https://ejemplo.invalid/p/99
2026-08-26,Uruguay,buenísimo el programa para controlar la diabetes @cuenta_ficticia,@usuario_ficticio_100,https://ejemplo.invalid/p/100
2026-09-22,Argentina,"Vitalix me encanta, excelente para arrancar el día",@usuario_ficticio_101,https://ejemplo.invalid/p/101
2026-07-21,Argentina,la hipertensión es un problema grave y nadie habla https://ejemplo.invalid/p/102,@usuario_ficticio_102,https://ejemplo.invalid/p/102
2026-08-20,Argentina,mi vieja tiene osteoporosis y le duele todo,@usuario_ficticio_103,https://ejemplo.invalid/p/103
2026-08-24,Brasil,"no hay Glucofin en la farmacia, desabastecimiento otra vez",@usuario_ficticio_104,https://ejemplo.invalid/p/104
2026-07-27,Chile,"el Vasotril funciona bien, la presión mejoró https://ejemplo.invalid/p/105 @cuenta_ficticia",@usuario_ficticio_105,https://ejemplo.invalid/p/105
2026-08-14,Chile,Calcimar D recomendado por mi médica,@usuario_ficticio_106,https://ejemplo.invalid/p/106
2026-09-07,Perú,mi vieja tiene osteoporosis y le duele todo,@usuario_ficticio_107,https://ejemplo.invalid/p/107
2026-09-21,México,Calcimar D recomendado por mi médica https://ejemplo.invalid/p/108,@usuario_ficticio_108,https://ejemplo.invalid/p/108
2026-09-08,Argentina,"el Vasotril funciona bien, la presión mejoró",@usuario_ficticio_109,https://ejemplo.invalid/p/109
2026-08-09,México,caminar todos los días me ayudó con la presión @cuenta_ficticia,@usuario_ficticio_110,https://ejemplo.invalid/p/110
2026-08-08,Argentina,con la diabetes el control de glucosa es un problema https://ejemplo.invalid/p/111,@usuario_ficticio_111,https://ejemplo.invalid/p/111
2026-07-10,Uruguay,con la diabetes el control de glucosa es un problema,@usuario_ficticio_112,https://ejemplo.invalid/p/112
2026-09-01,México,caminar todos los días me ayudó con la presión,@usuario_ficticio_113,https://ejemplo.invalid/p/113
2026-09-17,Colombia,"Vasotril me hizo mal, tuve mareos https://ejemplo.invalid/p/114",@usuario_ficticio_114,https://ejemplo.invalid/p/114
2026-08-27,México,Vitalix está carísimo @cuenta_ficticia,@usuario_ficticio_115,https://ejemplo.invalid/p/115
2026-07-04,Colombia,me diagnosticaron presión alta y no sé qué comer,@usuario_ficticio_116,https://ejemplo.invalid/p/116
2026-07-19,Colombia,"el Vasotril funciona bien, la presión mejoró https://ejemplo.invalid/p/117",@usuario_ficticio_117,https://ejemplo.invalid/p/117
2026-08-02,México,me diagnosticaron presión alta y no sé qué comer,@usuario_ficticio_118,https://ejemplo.invalid/p/118
2026-08-18,México,"no hay Glucofin en la farmacia, desabastecimiento otra vez",@usuario_ficticio_119,https://ejemplo.invalid/p/119
2026-08-17,Argentina,caminar todos los días me ayudó con la presión https://ejemplo.invalid/p/120 @cuenta_ficticia,@usuario_ficticio_120,https://ejemplo.invalid/p/120
2026-07-13,Colombia,"Vitalix me encanta, excelente para arrancar el día",@usuario_ficticio_121,https://ejemplo.invalid/p/121
2026-09-19,México,me diagnosticaron presión alta y no sé qué comer,@usuario_ficticio_122,https://ejemplo.invalid/p/122
2026-08-25,México,"el Vasotril funciona bien, la presión mejoró https://ejemplo.invalid/p/123",@usuario_ficticio_123,https://ejemplo.invalid/p/123
2026-08-08,Brasil,"el Vasotril funciona bien, la presión mejoró",@usuario_ficticio_124,https://ejemplo.invalid/p/124
2026-09-12,Uruguay,buenísimo el programa para controlar la diabetes @cuenta_ficticia,@usuario_ficticio_125,https://ejemplo.invalid/p/125
2026-09-03,Chile,la hipertensión es un problema grave y nadie habla https://ejemplo.invalid/p/126,@usuario_ficticio_126,https://ejemplo.invalid/p/126
2026-08-23,Argentina,caminar todos los días me ayudó con la presión,@usuario_ficticio_127,https://ejemplo.invalid/p/127
2026-09-01,Colombia,"Vasotril me hizo mal, tuve mareos",@usuario_ficticio_128,https://ejemplo.invalid/p/128
2026-08-29,Perú,"Vasotril me hizo mal, tuve mareos https://ejemplo.invalid/p/129",@usuario_ficticio_129,https://ejemplo.invalid/p/129
2026-07-10,México,"el Vasotril funciona bien, la presión mejoró @cuenta_ficticia",@usuario_ficticio_130,https://ejemplo.invalid/p/130
2026-07-04,Uruguay,"Vasotril me hizo mal, tuve mareos",@usuario_ficticio_131,https://ejemplo.invalid/p/131
2026-08-31,Uruguay,la hipertensión es un problema grave y nadie habla https://ejemplo.invalid/p/132,@usuario_ficticio_132,https://ejemplo.invalid/p/132
2026-08-08,Brasil,"el Vasotril funciona bien, la presión mejoró",@usuario_ficticio_133,https://ejemplo.invalid/p/133
2026-08-31,México,mi vieja tiene osteoporosis y le duele todo,@usuario_ficticio_134,https://ejemplo.invalid/p/134
2026-08-10,Uruguay,"Vasotril me hizo mal, tuve mareos https://ejemplo.invalid/p/135 @cuenta_ficticia",@usuario_ficticio_135,https://ejemplo.invalid/p/135
2026-07-04,México,mi vieja tiene osteoporosis y le duele todo,@usuario_ficticio_136,https://ejemplo.invalid/p/136
2026-07-27,México,"Vitalix me encanta, excelente para arrancar el día",@usuario_ficticio_137,https://ejemplo.invalid/p/137
2026-07-01,Chile,mi vieja tiene osteoporosis y le duele todo https://ejemplo.invalid/p/138,@usuario_ficticio_138,https://ejemplo.invalid/p/138
2026-08-06,Argentina,con la diabetes el control de glucosa es un problema,@usuario_ficticio_139,https://ejemplo.invalid/p/139
2026-08-09,México,con la diabetes el control de glucosa es un problema @cuenta_ficticia,@usuario_ficticio_140,https://ejemplo.invalid/p/140
2026-09-19,México,la hipertensión es un problema grave y nadie habla https://ejemplo.invalid/p/141,@usuario_ficticio_141,https://ejemplo.invalid/p/141
2026-07-22,Argentina,"Vasotril me hizo mal, tuve mareos",@usuario_ficticio_142,https://ejemplo.invalid/p/142
2026-08-08,Colombia,"no hay Glucofin en la farmacia, desabastecimiento otra vez",@usuario_ficticio_143,https://ejemplo.invalid/p/143
2026-09-11,México,Calcimar D recomendado por mi médica https://ejemplo.invalid/p/144,@usuario_ficticio_144,https://ejemplo.invalid/p/144
2026-09-14,Argentina,me diagnosticaron presión alta y no sé qué comer @cuenta_ficticia,@usuario_ficticio_145,https://ejemplo.invalid/p/145
2026-09-21,México,buenísimo el programa para controlar la diabetes,@usuario_ficticio_146,https://ejemplo.invalid/p/146
2026-08-03,México,me diagnosticaron presión alta y no sé qué comer https://ejemplo.invalid/p/147,@usuario_ficticio_147,https://ejemplo.invalid/p/147
2026-09-04,México,me diagnosticaron presión alta y no sé qué comer,@usuario_ficticio_148,https://ejemplo.invalid/p/148
2026-09-11,Perú,"Vasotril me hizo mal, tuve mareos",@usuario_ficticio_149,https://ejemplo.invalid/p/149
2026-07-10,Uruguay,Calcimar D recomendado por mi médica https://ejemplo.invalid/p/150 @cuenta_ficticia,@usuario_ficticio_150,https://ejemplo.invalid/p/150
2026-08-08,Brasil,"Vasotril me hizo mal, tuve mareos",@usuario_ficticio_151,https://ejemplo.invalid/p/151
2026-08-23,Perú,"no hay Glucofin en la farmacia, desabastecimiento otra vez",@usuario_ficticio_152,https://ejemplo.invalid/p/152
2026-08-03,Uruguay,Calcimar D recomendado por mi médica https://ejemplo.invalid/p/153,@usuario_ficticio_153,https://ejemplo.invalid/p/153
2026-09-15,Chile,buenísimo el programa para controlar la diabetes,@usuario_ficticio_154,https://ejemplo.invalid/p/154
2026-08-21,Colombia,la hipertensión es un problema grave y nadie habla @cuenta_ficticia,@usuario_ficticio_155,https://ejemplo.invalid/p/155
2026-07-17,Argentina,mi vieja tiene osteoporosis y le duele todo https://ejemplo.invalid/p/156,@usuario_ficticio_156,https://ejemplo.invalid/p/156
2026-08-07,México,"el Vasotril funciona bien, la presión mejoró",@usuario_ficticio_157,https://ejemplo.invalid/p/157
2026-07-12,Chile,con la diabetes el control de glucosa es un problema,@usuario_ficticio_158,https://ejemplo.invalid/p/158
2026-07-06,Colombia,Vitalix está carísimo https://ejemplo.invalid/p/159,@usuario_ficticio_159,https://ejemplo.invalid/p/159
2026-07-31,Colombia,Calcimar D recomendado por mi médica @cuenta_ficticia,@usuario_ficticio_160,https://ejemplo.invalid/p/160
2026-07-24,México,Vitalix está carísimo,@usuario_ficticio_161,https://ejemplo.invalid/p/161
2026-07-20,Brasil,"no hay Glucofin en la farmacia, desabastecimiento otra vez https://ejemplo.invalid/p/162",@usuario_ficticio_162,https://ejemplo.invalid/p/162
2026-08-22,Chile,me diagnosticaron presión alta y no sé qué comer,@usuario_ficticio_163,https://ejemplo.invalid/p/163
2026-07-07,Argentina,"Vitalix me encanta, excelente para arrancar el día",@usuario_ficticio_164,https://ejemplo.invalid/p/164
2026-09-06,Uruguay,"no hay Glucofin en la farmacia, desabastecimiento otra vez https://ejemplo.invalid/p/165 @cuenta_ficticia",@usuario_ficticio_165,https://ejemplo.invalid/p/165
2026-08-18,Uruguay,me diagnosticaron presión alta y no sé qué comer,@usuario_ficticio_166,https://ejemplo.invalid/p/166
2026-08-26,México,la hipertensión es un problema grave y nadie habla,@usuario_ficticio_167,https://ejemplo.invalid/p/167
2026-08-03,Chile,Calcimar D recomendado por mi médica https://ejemplo.invalid/p/168,@usuario_ficticio_168,https://ejemplo.invalid/p/168
2026-08-30,Chile,Calcimar D recomendado por mi médica,@usuario_ficticio_169,https://ejemplo.invalid/p/169
2026-08-18,Argentina,con la diabetes el control de glucosa es un problema @cuenta_ficticia,@usuario_ficticio_170,https://ejemplo.invalid/p/170
2026-09-20,Argentina,"Vitalix me encanta, excelente para arrancar el día https://ejemplo.invalid/p/171",@usuario_ficticio_171,https://ejemplo.invalid/p/171
2026-09-18,Perú,caminar todos los días me ayudó con la presión,@usuario_ficticio_172,https://ejemplo.invalid/p/172
2026-09-03,Argentina,Calcimar D recomendado por mi médica,@usuario_ficticio_173,https://ejemplo.invalid/p/173
2026-09-04,México,mi vieja tiene osteoporosis y le duele todo https://ejemplo.invalid/p/174,@usuario_ficticio_174,https://ejemplo.invalid/p/174
2026-07-27,México,mi vieja tiene osteoporosis y le duele todo @cuenta_ficticia,@usuario_ficticio_175,https://ejemplo.invalid/p/175
2026-09-22,Uruguay,me diagnosticaron presión alta y no sé qué comer,@usuario_ficticio_176,https://ejemplo.invalid/p/176
2026-07-27,Perú,con la diabetes el control de glucosa es un problema https://ejemplo.invalid/p/177,@usuario_ficticio_177,https://ejemplo.invalid/p/177
2026-08-26,Argentina,mi vieja tiene osteoporosis y le duele todo,@usuario_ficticio_178,https://ejemplo.invalid/p/178
2026-07-31,Perú,mi vieja tiene osteoporosis y le duele todo,@usuario_ficticio_179,https://ejemplo.invalid/p/179
2026-07-26,Uruguay,me diagnosticaron presión alta y no sé qué comer https://ejemplo.invalid/p/180 @cuenta_ficticia,@usuario_ficticio_180,https://ejemplo.invalid/p/180
2026-09-04,Colombia,mi vieja tiene osteoporosis y le duele todo,@usuario_ficticio_181,https://ejemplo.invalid/p/181
2026-07-07,Argentina,Vitalix está carísimo,@usuario_ficticio_182,https://ejemplo.invalid/p/182
2026-09-01,Colombia,Calcimar D recomendado por mi médica https://ejemplo.invalid/p/183,@usuario_ficticio_183,https://ejemplo.invalid/p/183
2026-07-19,México,buenísimo el programa para controlar la diabetes,@usuario_ficticio_184,https://ejemplo.invalid/p/184
2026-09-20,México,mi vieja tiene osteoporosis y le duele todo @cuenta_ficticia,@usuario_ficticio_185,https://ejemplo.invalid/p/185
2026-09-10,Brasil,"Vasotril me hizo mal, tuve mareos https://ejemplo.invalid/p/186",@usuario_ficticio_186,https://ejemplo.invalid/p/186
2026-09-22,Uruguay,"no hay Glucofin en la farmacia, desabastecimiento otra vez",@usuario_ficticio_187,https://ejemplo.invalid/p/187
2026-07-14,México,con la diabetes el control de glucosa es un problema,@usuario_ficticio_188,https://ejemplo.invalid/p/188
2026-09-17,Colombia,con la diabetes el control de glucosa es un problema https://ejemplo.invalid/p/189,@usuario_ficticio_189,https://ejemplo.invalid/p/189
2026-08-07,Chile,"Vasotril me hizo mal, tuve mareos @cuenta_ficticia",@usuario_ficticio_190,https://ejemplo.invalid/p/190
2026-09-07,Chile,con la diabetes el control de glucosa es un problema,@usuario_ficticio_191,https://ejemplo.invalid/p/191
2026-08-28,Chile,con la diabetes el control de glucosa es un problema https://ejemplo.invalid/p/192,@usuario_ficticio_192,https://ejemplo.invalid/p/192
2026-08-25,Argentina,"no hay Glucofin en la farmacia, desabastecimiento otra vez",@usuario_ficticio_193,https://ejemplo.invalid/p/193
2026-08-06,México,"Vasotril me hizo mal, tuve mareos",@usuario_ficticio_194,https://ejemplo.invalid/p/194
2026-08-08,México,"Vasotril me hizo mal, tuve mareos https://ejemplo.invalid/p/195 @cuenta_ficticia",@usuario_ficticio_195,https://ejemplo.invalid/p/195
2026-07-18,Uruguay,me diagnosticaron presión alta y no sé qué comer,@usuario_ficticio_196,https://ejemplo.invalid/p/196
2026-08-22,México,Vitalix está carísimo,@usuario_ficticio_197,https://ejemplo.invalid/p/197
2026-08-04,Uruguay,Calcimar D recomendado por mi médica https://ejemplo.invalid/p/198,@usuario_ficticio_198,https://ejemplo.invalid/p/198
2026-09-04,Colombia,mi vieja tiene osteoporosis y le duele todo,@usuario_ficticio_199,https://ejemplo.invalid/p/199
2026-08-30,Argentina,caminar todos los días me ayudó con la presión @cuenta_ficticia,@usuario_ficticio_200,https://ejemplo.invalid/p/200
2026-08-04,Argentina,Calcimar D recomendado por mi médica https://ejemplo.invalid/p/201,@usuario_ficticio_201,https://ejemplo.invalid/p/201
2026-09-13,Brasil,Calcimar D recomendado por mi médica,@usuario_ficticio_202,https://ejemplo.invalid/p/202
2026-07-20,México,caminar todos los días me ayudó con la presión,@usuario_ficticio_203,https://ejemplo.invalid/p/203
2026-09-09,México,"el Vasotril funciona bien, la presión mejoró https://ejemplo.invalid/p/204",@usuario_ficticio_204,https://ejemplo.invalid/p/204
2026-08-30,Argentina,"el Vasotril funciona bien, la presión mejoró @cuenta_ficticia",@usuario_ficticio_205,https://ejemplo.invalid/p/205
2026-09-15,México,mi vieja tiene osteoporosis y le duele todo,@usuario_ficticio_206,https://ejemplo.invalid/p/206
2026-07-04,Colombia,mi vieja tiene osteoporosis y le duele todo https://ejemplo.invalid/p/207,@usuario_ficticio_207,https://ejemplo.invalid/p/207
2026-09-07,México,Calcimar D recomendado por mi médica,@usuario_ficticio_208,https://ejemplo.invalid/p/208
2026-08-01,Chile,con la diabetes el control de glucosa es un problema,@usuario_ficticio_209,https://ejemplo.invalid/p/209
2026-08-16,Colombia,"Vasotril me hizo mal, tuve mareos https://ejemplo.invalid/p/210 @cuenta_ficticia",@usuario_ficticio_210,https://ejemplo.invalid/p/210
2026-09-03,Colombia,"Vasotril me hizo mal, tuve mareos",@usuario_ficticio_211,https://ejemplo.invalid/p/211
2026-07-29,Argentina,caminar todos los días me ayudó con la presión,@usuario_ficticio_212,https://ejemplo.invalid/p/212
2026-07-14,Argentina,"Vasotril me hizo mal, tuve mareos https://ejemplo.invalid/p/213",@usuario_ficticio_213,https://ejemplo.invalid/p/213
2026-07-09,Chile,caminar todos los días me ayudó con la presión,@usuario_ficticio_214,https://ejemplo.invalid/p/214
2026-09-05,Colombia,mi vieja tiene osteoporosis y le duele todo @cuenta_ficticia,@usuario_ficticio_215,https://ejemplo.invalid/p/215
2026-08-30,México,me diagnosticaron presión alta y no sé qué comer https://ejemplo.invalid/p/216,@usuario_ficticio_216,https://ejemplo.invalid/p/216
2026-08-13,Argentina,"no hay Glucofin en la farmacia, desabastecimiento otra vez",@usuario_ficticio_217,https://ejemplo.invalid/p/217
2026-09-11,Argentina,mi vieja tiene osteoporosis y le duele todo,@usuario_ficticio_218,https://ejemplo.invalid/p/218
2026-07-10,Colombia,mi vieja tiene osteoporosis y le duele todo https://ejemplo.invalid/p/219,@usuario_ficticio_219,https://ejemplo.invalid/p/219
2026-08-12,México,caminar todos los días me ayudó con la presión @cuenta_ficticia,@usuario_ficticio_220,https://ejemplo.invalid/p/220
2026-07-14,Colombia,la hipertensión es un problema grave y nadie habla,@usuario_ficticio_221,https://ejemplo.invalid/p/221
2026-08-11,Perú,con la diabetes el control de glucosa es un problema https://ejemplo.invalid/p/222,@usuario_ficticio_222,https://ejemplo.invalid/p/222
2026-08-22,México,con la diabetes el control de glucosa es un problema,@usuario_ficticio_223,https://ejemplo.invalid/p/223
2026-09-05,Perú,Calcimar D recomendado por mi médica,@usuario_ficticio_224,https://ejemplo.invalid/p/224
2026-08-04,Perú,Calcimar D recomendado por mi médica https://ejemplo.invalid/p/225 @cuenta_ficticia,@usuario_ficticio_225,https://ejemplo.invalid/p/225
2026-07-24,Argentina,"no hay Glucofin en la farmacia, desabastecimiento otra vez",@usuario_ficticio_226,https://ejemplo.invalid/p/226
2026-09-14,Colombia,caminar todos los días me ayudó con la presión,@usuario_ficticio_227,https://ejemplo.invalid/p/227
2026-08-19,México,con la diabetes el control de glucosa es un problema https://ejemplo.invalid/p/228,@usuario_ficticio_228,https://ejemplo.invalid/p/228
2026-08-12,Uruguay,"el Vasotril funciona bien, la presión mejoró",@usuario_ficticio_229,https://ejemplo.invalid/p/229
2026-07-29,Brasil,mi vieja tiene osteoporosis y le duele todo @cuenta_ficticia,@usuario_ficticio_230,https://ejemplo.invalid/p/230
2026-08-05,México,"Vitalix me encanta, excelente para arrancar el día https://ejemplo.invalid/p/231",@usuario_ficticio_231,https://ejemplo.invalid/p/231
2026-08-28,Brasil,buenísimo el programa para controlar la diabetes,@usuario_ficticio_232,https://ejemplo.invalid/p/232
2026-07-18,México,"Vasotril me hizo mal, tuve mareos",@usuario_ficticio_233,https://ejemplo.invalid/p/233
2026-07-18,Chile,con la diabetes el control de glucosa es un problema https://ejemplo.invalid/p/234,@usuario_ficticio_234,https://ejemplo.invalid/p/234
2026-09-11,Chile,me diagnosticaron presión alta y no sé qué comer @cuenta_ficticia,@usuario_ficticio_235,https://ejemplo.invalid/p/235
2026-07-01,Argentina,caminar todos los días me ayudó con la presión,@usuario_ficticio_236,https://ejemplo.invalid/p/236
2026-07-24,Uruguay,"el Vasotril funciona bien, la presión mejoró https://ejemplo.invalid/p/237",@usuario_ficticio_237,https://ejemplo.invalid/p/237
2026-08-13,Argentina,"el Vasotril funciona bien, la presión mejoró",@usuario_ficticio_238,https://ejemplo.invalid/p/238
2026-08-16,México,buenísimo el programa para controlar la diabetes,@usuario_ficticio_239,https://ejemplo.invalid/p/239
2026-07-17,Chile,me diagnosticaron presión alta y no sé qué comer https://ejemplo.invalid/p/240 @cuenta_ficticia,@usuario_ficticio_240,https://ejemplo.invalid/p/240
2026-09-21,México,buenísimo el programa para controlar la diabetes,@usuario_ficticio_241,https://ejemplo.invalid/p/241
2026-09-12,Uruguay,"el Vasotril funciona bien, la presión mejoró",@usuario_ficticio_242,https://ejemplo.invalid/p/242
2026-09-19,Colombia,buenísimo el programa para controlar la diabetes https://ejemplo.invalid/p/243,@usuario_ficticio_243,https://ejemplo.invalid/p/243
2026-08-15,Colombia,"Vasotril me hizo mal, tuve mareos",@usuario_ficticio_244,https://ejemplo.invalid/p/244
2026-09-09,Colombia,con la diabetes el control de glucosa es un problema @cuenta_ficticia,@usuario_ficticio_245,https://ejemplo.invalid/p/245
2026-09-20,Colombia,con la diabetes el control de glucosa es un problema https://ejemplo.invalid/p/246,@usuario_ficticio_246,https://ejemplo.invalid/p/246
2026-08-28,Argentina,me diagnosticaron presión alta y no sé qué comer,@usuario_ficticio_247,https://ejemplo.invalid/p/247
2026-07-08,Colombia,buenísimo el programa para controlar la diabetes,@usuario_ficticio_248,https://ejemplo.invalid/p/248
2026-07-10,México,Vitalix está carísimo https://ejemplo.invalid/p/249,@usuario_ficticio_249,https://ejemplo.invalid/p/249
2026-09-20,México,mi vieja tiene osteoporosis y le duele todo @cuenta_ficticia,@usuario_ficticio_250,https://ejemplo.invalid/p/250
2026-09-19,Brasil,"Vasotril me hizo mal, tuve mareos",@usuario_ficticio_251,https://ejemplo.invalid/p/251
2026-07-07,Colombia,buenísimo el programa para controlar la diabetes https://ejemplo.invalid/p/252,@usuario_ficticio_252,https://ejemplo.invalid/p/252
2026-07-10,Brasil,buenísimo el programa para controlar la diabetes,@usuario_ficticio_253,https://ejemplo.invalid/p/253
2026-09-21,México,me diagnosticaron presión alta y no sé qué comer,@usuario_ficticio_254,https://ejemplo.invalid/p/254
2026-08-07,Uruguay,la hipertensión es un problema grave y nadie habla https://ejemplo.invalid/p/255 @cuenta_ficticia,@usuario_ficticio_255,https://ejemplo.invalid/p/255
2026-09-08,México,la hipertensión es un problema grave y nadie habla,@usuario_ficticio_256,https://ejemplo.invalid/p/256
2026-08-21,Uruguay,"no hay Glucofin en la farmacia, desabastecimiento otra vez",@usuario_ficticio_257,https://ejemplo.invalid/p/257
2026-09-17,Uruguay,"Vitalix me encanta, excelente para arrancar el día https://ejemplo.invalid/p/258",@usuario_ficticio_258,https://ejemplo.invalid/p/258
2026-09-05,México,Vitalix está carísimo,@usuario_ficticio_259,https://ejemplo.invalid/p/259
2026-08-15,México,Calcimar D recomendado por mi médica @cuenta_ficticia,@usuario_ficticio_260,https://ejemplo.invalid/p/260
2026-08-27,Chile,Calcimar D recomendado por mi médica https://ejemplo.invalid/p/261,@usuario_ficticio_261,https://ejemplo.invalid/p/261
2026-07-28,Chile,"Vasotril me hizo mal, tuve mareos",@usuario_ficticio_262,https://ejemplo.invalid/p/262
2026-09-10,México,"no hay Glucofin en la farmacia, desabastecimiento otra vez",@usuario_ficticio_263,https://ejemplo.invalid/p/263
2026-09-22,Uruguay,mi vieja tiene osteoporosis y le duele todo https://ejemplo.invalid/p/264,@usuario_ficticio_264,https://ejemplo.invalid/p/264
2026-08-23,Colombia,Vitalix está carísimo @cuenta_ficticia,@usuario_ficticio_265,https://ejemplo.invalid/p/265
2026-09-06,Uruguay,con la diabetes el control de glucosa es un problema,@usuario_ficticio_266,https://ejemplo.invalid/p/266
2026-08-22,Colombia,caminar todos los días me ayudó con la presión https://ejemplo.invalid/p/267,@usuario_ficticio_267,https://ejemplo.invalid/p/267
2026-07-13,México,la hipertensión es un problema grave y nadie habla,@usuario_ficticio_268,https://ejemplo.invalid/p/268
2026-08-20,Brasil,la hipertensión es un problema grave y nadie habla,@usuario_ficticio_269,https://ejemplo.invalid/p/269
2026-08-02,México,buenísimo el programa para controlar la diabetes https://ejemplo.invalid/p/270 @cuenta_ficticia,@usuario_ficticio_270,https://ejemplo.invalid/p/270
2026-08-22,Uruguay,"el Vasotril funciona bien, la presión mejoró",@usuario_ficticio_271,https://ejemplo.invalid/p/271
2026-08-10,Argentina,mi vieja tiene osteoporosis y le duele todo,@usuario_ficticio_272,https://ejemplo.invalid/p/272
2026-07-30,Colombia,la hipertensión es un problema grave y nadie habla https://ejemplo.invalid/p/273,@usuario_ficticio_273,https://ejemplo.invalid/p/273
2026-07-28,Argentina,"no hay Glucofin en la farmacia, desabastecimiento otra vez",@usuario_ficticio_274,https://ejemplo.invalid/p/274
2026-07-29,Argentina,"no hay Glucofin en la farmacia, desabastecimiento otra vez @cuenta_ficticia",@usuario_ficticio_275,https://ejemplo.invalid/p/275
2026-07-21,Colombia,la hipertensión es un problema grave y nadie habla https://ejemplo.invalid/p/276,@usuario_ficticio_276,https://ejemplo.invalid/p/276
2026-07-08,Colombia,caminar todos los días me ayudó con la presión,@usuario_ficticio_277,https://ejemplo.invalid/p/277
2026-09-08,Argentina,Calcimar D recomendado por mi médica,@usuario_ficticio_278,https://ejemplo.invalid/p/278
2026-07-13,Uruguay,Calcimar D recomendado por mi médica https://ejemplo.invalid/p/279,@usuario_ficticio_279,https://ejemplo.invalid/p/279
2026-07-28,Argentina,"Vitalix me encanta, excelente para arrancar el día @cuenta_ficticia",@usuario_ficticio_280,https://ejemplo.invalid/p/280
2026-08-08,Chile,Vitalix está carísimo,@usuario_ficticio_281,https://ejemplo.invalid/p/281
2026-08-27,Brasil,la hipertensión es un problema grave y nadie habla https://ejemplo.invalid/p/282,@usuario_ficticio_282,https://ejemplo.invalid/p/282
2026-09-08,Brasil,la hipertensión es un problema grave y nadie habla,@usuario_ficticio_283,https://ejemplo.invalid/p/283
2026-09-01,Brasil,"Vitalix me encanta, excelente para arrancar el día",@usuario_ficticio_284,https://ejemplo.invalid/p/284
2026-09-06,México,Calcimar D recomendado por mi médica https://ejemplo.invalid/p/285 @cuenta_ficticia,@usuario_ficticio_285,https://ejemplo.invalid/p/285
2026-07-13,Uruguay,mi vieja tiene osteoporosis y le duele todo,@usuario_ficticio_286,https://ejemplo.invalid/p/286
2026-07-16,Chile,mi vieja tiene osteoporosis y le duele todo,@usuario_ficticio_287,https://ejemplo.invalid/p/287
2026-08-29,Perú,"Vasotril me hizo mal, tuve mareos https://ejemplo.invalid/p/288",@usuario_ficticio_288,https://ejemplo.invalid/p/288
2026-08-12,Colombia,caminar todos los días me ayudó con la presión,@usuario_ficticio_289,https://ejemplo.invalid/p/289
2026-09-03,México,"el Vasotril funciona bien, la presión mejoró @cuenta_ficticia",@usuario_ficticio_290,https://ejemplo.invalid/p/290
2026-08-27,Brasil,la hipertensión es un problema grave y nadie habla https://ejemplo.invalid/p/291,@usuario_ficticio_291,https://ejemplo.invalid/p/291
2026-07-30,Perú,con la diabetes el control de glucosa es un problema,@usuario_ficticio_292,https://ejemplo.invalid/p/292
2026-08-24,Argentina,"Vasotril me hizo mal, tuve mareos",@usuario_ficticio_293,https://ejemplo.invalid/p/293
2026-07-30,Uruguay,Vitalix está carísimo https://ejemplo.invalid/p/294,@usuario_ficticio_294,https://ejemplo.invalid/p/294
2026-09-05,Argentina,"no hay Glucofin en la farmacia, desabastecimiento otra vez @cuenta_ficticia",@usuario_ficticio_295,https://ejemplo.invalid/p/295
2026-07-16,Colombia,buenísimo el programa para controlar la diabetes,@usuario_ficticio_296,https://ejemplo.invalid/p/296
2026-08-30,Chile,Vitalix está carísimo https://ejemplo.invalid/p/297,@usuario_ficticio_297,https://ejemplo.invalid/p/297
2026-08-06,Perú,buenísimo el programa para controlar la diabetes,@usuario_ficticio_298,https://ejemplo.invalid/p/298
2026-09-02,Perú,Vitalix está carísimo,@usuario_ficticio_299,https://ejemplo.invalid/p/299
2026-09-07,Chile,"Vasotril me hizo mal, tuve mareos https://ejemplo.invalid/p/300 @cuenta_ficticia",@usuario_ficticio_300,https://ejemplo.invalid/p/300
2026-08-19,México,"el Vasotril funciona bien, la presión mejoró",@usuario_ficticio_301,https://ejemplo.invalid/p/301
2026-08-24,Argentina,"Vitalix me encanta, excelente para arrancar el día",@usuario_ficticio_302,https://ejemplo.invalid/p/302
2026-08-30,Argentina,Vitalix está carísimo https://ejemplo.invalid/p/303,@usuario_ficticio_303,https://ejemplo.invalid/p/303
2026-09-07,México,con la diabetes el control de glucosa es un problema,@usuario_ficticio_304,https://ejemplo.invalid/p/304
2026-07-01,México,"no hay Glucofin en la farmacia, desabastecimiento otra vez @cuenta_ficticia",@usuario_ficticio_305,https://ejemplo.invalid/p/305
2026-08-15,Argentina,"Vasotril me hizo mal, tuve mareos https://ejemplo.invalid/p/306",@usuario_ficticio_306,https://ejemplo.invalid/p/306
2026-08-28,Argentina,buenísimo el programa para controlar la diabetes,@usuario_ficticio_307,https://ejemplo.invalid/p/307
2026-09-14,Argentina,la hipertensión es un problema grave y nadie habla,@usuario_ficticio_308,https://ejemplo.invalid/p/308
2026-09-05,Argentina,Calcimar D recomendado por mi médica https://ejemplo.invalid/p/309,@usuario_ficticio_309,https://ejemplo.invalid/p/309
2026-08-02,Colombia,"no hay Glucofin en la farmacia, desabastecimiento otra vez @cuenta_ficticia",@usuario_ficticio_310,https://ejemplo.invalid/p/310
2026-09-01,Uruguay,buenísimo el programa para controlar la diabetes,@usuario_ficticio_311,https://ejemplo.invalid/p/311
2026-09-01,Chile,la hipertensión es un problema grave y nadie habla https://ejemplo.invalid/p/312,@usuario_ficticio_312,https://ejemplo.invalid/p/312
2026-07-25,Colombia,caminar todos los días me ayudó con la presión,@usuario_ficticio_313,https://ejemplo.invalid/p/313
2026-08-06,Argentina,Calcimar D recomendado por mi médica,@usuario_ficticio_314,https://ejemplo.invalid/p/314
2026-07-08,Chile,"el Vasotril funciona bien, la presión mejoró https://ejemplo.invalid/p/315 @cuenta_ficticia",@usuario_ficticio_315,https://ejemplo.invalid/p/315
2026-07-02,México,"el Vasotril funciona bien, la presión mejoró",@usuario_ficticio_316,https://ejemplo.invalid/p/316
2026-09-04,Argentina,buenísimo el programa para controlar la diabetes,@usuario_ficticio_317,https://ejemplo.invalid/p/317
2026-08-18,Argentina,"Vasotril me hizo mal, tuve mareos https://ejemplo.invalid/p/318",@usuario_ficticio_318,https://ejemplo.invalid/p/318
2026-08-01,México,buenísimo el programa para controlar la diabetes,@usuario_ficticio_319,https://ejemplo.invalid/p/319
2026-07-17,Chile,la hipertensión es un problema grave y nadie habla @cuenta_ficticia,@usuario_ficticio_320,https://ejemplo.invalid/p/320
2026-08-17,Colombia,Calcimar D recomendado por mi médica https://ejemplo.invalid/p/321,@usuario_ficticio_321,https://ejemplo.invalid/p/321
2026-07-07,Argentina,"el Vasotril funciona bien, la presión mejoró",@usuario_ficticio_322,https://ejemplo.invalid/p/322
2026-07-20,Uruguay,con la diabetes el control de glucosa es un problema,@usuario_ficticio_323,https://ejemplo.invalid/p/323
2026-08-20,Argentina,mi vieja tiene osteoporosis y le duele todo https://ejemplo.invalid/p/324,@usuario_ficticio_324,https://ejemplo.invalid/p/324
2026-07-06,Argentina,con la diabetes el control de glucosa es un problema @cuenta_ficticia,@usuario_ficticio_325,https://ejemplo.invalid/p/325
2026-09-04,Chile,caminar todos los días me ayudó con la presión,@usuario_ficticio_326,https://ejemplo.invalid/p/326
2026-07-24,Argentina,Vitalix está carísimo https://ejemplo.invalid/p/327,@usuario_ficticio_327,https://ejemplo.invalid/p/327
2026-09-03,Argentina,me diagnosticaron presión alta y no sé qué comer,@usuario_ficticio_328,https://ejemplo.invalid/p/328
2026-08-11,México,"no hay Glucofin en la farmacia, desabastecimiento otra vez",@usuario_ficticio_329,https://ejemplo.invalid/p/329
2026-09-19,Argentina,me diagnosticaron presión alta y no sé qué comer https://ejemplo.invalid/p/330 @cuenta_ficticia,@usuario_ficticio_330,https://ejemplo.invalid/p/330
2026-07-25,Colombia,caminar todos los días me ayudó con la presión,@usuario_ficticio_331,https://ejemplo.invalid/p/331
2026-08-10,Brasil,"el Vasotril funciona bien, la presión mejoró",@usuario_ficticio_332,https://ejemplo.invalid/p/332
2026-07-01,Argentina,buenísimo el programa para controlar la diabetes https://ejemplo.invalid/p/333,@usuario_ficticio_333,https://ejemplo.invalid/p/333
2026-08-06,Uruguay,buenísimo el programa para controlar la diabetes,@usuario_ficticio_334,https://ejemplo.invalid/p/334
2026-07-30,Colombia,buenísimo el programa para controlar la diabetes @cuenta_ficticia,@usuario_ficticio_335,https://ejemplo.invalid/p/335
2026-09-20,Argentina,mi vieja tiene osteoporosis y le duele todo https://ejemplo.invalid/p/336,@usuario_ficticio_336,https://ejemplo.invalid/p/336
2026-09-11,Colombia,me diagnosticaron presión alta y no sé qué comer,@usuario_ficticio_337,https://ejemplo.invalid/p/337
2026-07-31,Uruguay,"el Vasotril funciona bien, la presión mejoró",@usuario_ficticio_338,https://ejemplo.invalid/p/338
2026-08-20,México,la hipertensión es un problema grave y nadie habla https://ejemplo.invalid/p/339,@usuario_ficticio_339,https://ejemplo.invalid/p/339
2026-08-26,México,"no hay Glucofin en la farmacia, desabastecimiento otra vez @cuenta_ficticia",@usuario_ficticio_340,https://ejemplo.invalid/p/340
2026-08-23,Uruguay,"no hay Glucofin en la farmacia, desabastecimiento otra vez",@usuario_ficticio_341,https://ejemplo.invalid/p/341
2026-08-28,México,me diagnosticaron presión alta y no sé qué comer https://ejemplo.invalid/p/342,@usuario_ficticio_342,https://ejemplo.invalid/p/342
2026-09-10,México,Calcimar D recomendado por mi médica,@usuario_ficticio_343,https://ejemplo.invalid/p/343
2026-09-05,Argentina,buenísimo el programa para controlar la diabetes,@usuario_ficticio_344,https://ejemplo.invalid/p/344
2026-08-06,México,caminar todos los días me ayudó con la presión https://ejemplo.invalid/p/345 @cuenta_ficticia,@usuario_ficticio_345,https://ejemplo.invalid/p/345
2026-09-22,Chile,caminar todos los días me ayudó con la presión,@usuario_ficticio_346,https://ejemplo.invalid/p/346
2026-09-05,Brasil,"Vasotril me hizo mal, tuve mareos",@usuario_ficticio_347,https://ejemplo.invalid/p/347
2026-09-21,Chile,Vitalix está carísimo https://ejemplo.invalid/p/348,@usuario_ficticio_348,https://ejemplo.invalid/p/348
2026-07-09,Brasil,con la diabetes el control de glucosa es un problema,@usuario_ficticio_349,https://ejemplo.invalid/p/349
2026-07-17,Colombia,buenísimo el programa para controlar la diabetes @cuenta_ficticia,@usuario_ficticio_350,https://ejemplo.invalid/p/350
2026-09-12,Chile,la hipertensión es un problema grave y nadie habla https://ejemplo.invalid/p/351,@usuario_ficticio_351,https://ejemplo.invalid/p/351
2026-09-08,México,mi vieja tiene osteoporosis y le duele todo,@usuario_ficticio_352,https://ejemplo.invalid/p/352
2026-09-04,México,Calcimar D recomendado por mi médica,@usuario_ficticio_353,https://ejemplo.invalid/p/353
2026-07-19,Chile,la hipertensión es un problema grave y nadie habla https://ejemplo.invalid/p/354,@usuario_ficticio_354,https://ejemplo.invalid/p/354
2026-09-19,México,Calcimar D recomendado por mi médica @cuenta_ficticia,@usuario_ficticio_355,https://ejemplo.invalid/p/355
2026-08-09,Perú,con la diabetes el control de glucosa es un problema,@usuario_ficticio_356,https://ejemplo.invalid/p/356
2026-08-21,México,con la diabetes el control de glucosa es un problema https://ejemplo.invalid/p/357,@usuario_ficticio_357,https://ejemplo.invalid/p/357
2026-08-15,Argentina,Calcimar D recomendado por mi médica,@usuario_ficticio_358,https://ejemplo.invalid/p/358
2026-07-06,Colombia,me diagnosticaron presión alta y no sé qué comer,@usuario_ficticio_359,https://ejemplo.invalid/p/359
2026-08-25,México,Vitalix está carísimo https://ejemplo.invalid/p/360 @cuenta_ficticia,@usuario_ficticio_360,https://ejemplo.invalid/p/360
2026-07-10,Colombia,"no hay Glucofin en la farmacia, desabastecimiento otra vez",@usuario_ficticio_361,https://ejemplo.invalid/p/361
2026-09-19,Chile,"Vitalix me encanta, excelente para arrancar el día",@usuario_ficticio_362,https://ejemplo.invalid/p/362
2026-07-19,Argentina,Vitalix está carísimo https://ejemplo.invalid/p/363,@usuario_ficticio_363,https://ejemplo.invalid/p/363
2026-07-19,México,"el Vasotril funciona bien, la presión mejoró",@usuario_ficticio_364,https://ejemplo.invalid/p/364
2026-07-09,Perú,Vitalix está carísimo @cuenta_ficticia,@usuario_ficticio_365,https://ejemplo.invalid/p/365
2026-08-29,México,con la diabetes el control de glucosa es un problema https://ejemplo.invalid/p/366,@usuario_ficticio_366,https://ejemplo.invalid/p/366
2026-07-10,Colombia,me diagnosticaron presión alta y no sé qué comer,@usuario_ficticio_367,https://ejemplo.invalid/p/367
2026-07-05,México,mi vieja tiene osteoporosis y le duele todo,@usuario_ficticio_368,https://ejemplo.invalid/p/368
2026-09-10,Argentina,me diagnosticaron presión alta y no sé qué comer https://ejemplo.invalid/p/369,@usuario_ficticio_369,https://ejemplo.invalid/p/369
2026-07-21,Colombia,mi vieja tiene osteoporosis y le duele todo @cuenta_ficticia,@usuario_ficticio_370,https://ejemplo.invalid/p/370
2026-07-05,Uruguay,"no hay Glucofin en la farmacia, desabastecimiento otra vez",@usuario_ficticio_371,https://ejemplo.invalid/p/371
2026-07-27,Argentina,me diagnosticaron presión alta y no sé qué comer https://ejemplo.invalid/p/372,@usuario_ficticio_372,https://ejemplo.invalid/p/372
2026-08-10,Brasil,"Vitalix me encanta, excelente para arrancar el día",@usuario_ficticio_373,https://ejemplo.invalid/p/373
2026-08-21,Uruguay,me diagnosticaron presión alta y no sé qué comer,@usuario_ficticio_374,https://ejemplo.invalid/p/374
2026-08-15,México,con la diabetes el control de glucosa es un problema https://ejemplo.invalid/p/375 @cuenta_ficticia,@usuario_ficticio_375,https://ejemplo.invalid/p/375
2026-08-06,Uruguay,"no hay Glucofin en la farmacia, desabastecimiento otra vez",@usuario_ficticio_376,https://ejemplo.invalid/p/376
2026-07-14,México,"Vasotril me hizo mal, tuve mareos",@usuario_ficticio_377,https://ejemplo.invalid/p/377
2026-09-08,México,"el Vasotril funciona bien, la presión mejoró https://ejemplo.invalid/p/378",@usuario_ficticio_378,https://ejemplo.invalid/p/378
2026-08-16,Perú,Vitalix está carísimo,@usuario_ficticio_379,https://ejemplo.invalid/p/379
2026-09-22,Colombia,con la diabetes el control de glucosa es un problema @cuenta_ficticia,@usuario_ficticio_380,https://ejemplo.invalid/p/380
2026-08-06,Chile,"el Vasotril funciona bien, la presión mejoró https://ejemplo.invalid/p/381",@usuario_ficticio_381,https://ejemplo.invalid/p/381
2026-08-14,México,buenísimo el programa para controlar la diabetes,@usuario_ficticio_382,https://ejemplo.invalid/p/382
2026-08-19,México,caminar todos los días me ayudó con la presión,@usuario_ficticio_383,https://ejemplo.invalid/p/383
2026-07-23,Argentina,"Vasotril me hizo mal, tuve mareos https://ejemplo.invalid/p/384",@usuario_ficticio_384,https://ejemplo.invalid/p/384
2026-07-07,México,la hipertensión es un problema grave y nadie habla @cuenta_ficticia,@usuario_ficticio_385,https://ejemplo.invalid/p/385
2026-08-26,Argentina,mi vieja tiene osteoporosis y le duele todo,@usuario_ficticio_386,https://ejemplo.invalid/p/386
2026-08-11,México,"el Vasotril funciona bien, la presión mejoró https://ejemplo.invalid/p/387",@usuario_ficticio_387,https://ejemplo.invalid/p/387
2026-08-12,Colombia,Vitalix está carísimo,@usuario_ficticio_388,https://ejemplo.invalid/p/388
2026-07-30,Uruguay,"Vitalix me encanta, excelente para arrancar el día",@usuario_ficticio_389,https://ejemplo.invalid/p/389
2026-08-10,Brasil,caminar todos los días me ayudó con la presión https://ejemplo.invalid/p/390 @cuenta_ficticia,@usuario_ficticio_390,https://ejemplo.invalid/p/390
2026-07-01,México,me diagnosticaron presión alta y no sé qué comer,@usuario_ficticio_391,https://ejemplo.invalid/p/391
2026-07-29,México,Calcimar D recomendado por mi médica,@usuario_ficticio_392,https://ejemplo.invalid/p/392
2026-07-14,Colombia,"Vitalix me encanta, excelente para arrancar el día https://ejemplo.invalid/p/393",@usuario_ficticio_393,https://ejemplo.invalid/p/393
2026-08-29,Argentina,"no hay Glucofin en la farmacia, desabastecimiento otra vez",@usuario_ficticio_394,https://ejemplo.invalid/p/394
2026-08-29,Colombia,Vitalix está carísimo @cuenta_ficticia,@usuario_ficticio_395,https://ejemplo.invalid/p/395
2026-07-02,Argentina,me diagnosticaron presión alta y no sé qué comer https://ejemplo.invalid/p/396,@usuario_ficticio_396,https://ejemplo.invalid/p/396
2026-08-21,Chile,mi vieja tiene osteoporosis y le duele todo,@usuario_ficticio_397,https://ejemplo.invalid/p/397
2026-07-05,Argentina,con la diabetes el control de glucosa es un problema,@usuario_ficticio_398,https://ejemplo.invalid/p/398
2026-07-22,Brasil,Vitalix está carísimo https://ejemplo.invalid/p/399,@usuario_ficticio_399,https://ejemplo.invalid/p/399
2026-09-15,México,caminar todos los días me ayudó con la presión @cuenta_ficticia,@usuario_ficticio_0,https://ejemplo.invalid/p/400
2026-07-02,Colombia,"el Vasotril funciona bien, la presión mejoró",@usuario_ficticio_1,https://ejemplo.invalid/p/401
2026-07-04,Argentina,"Vasotril me hizo mal, tuve mareos https://ejemplo.invalid/p/402",@usuario_ficticio_2,https://ejemplo.invalid/p/402
2026-09-14,Brasil,mi vieja tiene osteoporosis y le duele todo,@usuario_ficticio_3,https://ejemplo.invalid/p/403
2026-09-12,Brasil,caminar todos los días me ayudó con la presión,@usuario_ficticio_4,https://ejemplo.invalid/p/404
2026-07-14,México,con la diabetes el control de glucosa es un problema https://ejemplo.invalid/p/405 @cuenta_ficticia,@usuario_ficticio_5,https://ejemplo.invalid/p/405
2026-09-21,Argentina,"Vitalix me encanta, excelente para arrancar el día",@usuario_ficticio_6,https://ejemplo.invalid/p/406
2026-08-24,Colombia,con la diabetes el control de glucosa es un problema,@usuario_ficticio_7,https://ejemplo.invalid/p/407
2026-08-29,Brasil,la hipertensión es un problema grave y nadie habla https://ejemplo.invalid/p/408,@usuario_ficticio_8,https://ejemplo.invalid/p/408
2026-08-17,México,"Vasotril me hizo mal, tuve mareos",@usuario_ficticio_9,https://ejemplo.invalid/p/409
2026-07-18,México,caminar todos los días me ayudó con la presión @cuenta_ficticia,@usuario_ficticio_10,https://ejemplo.invalid/p/410
2026-08-21,México,la hipertensión es un problema grave y nadie habla https://ejemplo.invalid/p/411,@usuario_ficticio_11,https://ejemplo.invalid/p/411
2026-08-11,México,"el Vasotril funciona bien, la presión mejoró",@usuario_ficticio_12,https://ejemplo.invalid/p/412
2026-07-13,Chile,Vitalix está carísimo,@usuario_ficticio_13,https://ejemplo.invalid/p/413
2026-07-23,México,Vitalix está carísimo https://ejemplo.invalid/p/414,@usuario_ficticio_14,https://ejemplo.invalid/p/414
2026-08-06,México,"Vasotril me hizo mal, tuve mareos @cuenta_ficticia",@usuario_ficticio_15,https://ejemplo.invalid/p/415
2026-08-10,Brasil,Calcimar D recomendado por mi médica,@usuario_ficticio_16,https://ejemplo.invalid/p/416
2026-08-13,Colombia,la hipertensión es un problema grave y nadie habla https://ejemplo.invalid/p/417,@usuario_ficticio_17,https://ejemplo.invalid/p/417
2026-08-29,Uruguay,me diagnosticaron presión alta y no sé qué comer,@usuario_ficticio_18,https://ejemplo.invalid/p/418
2026-08-26,Colombia,"Vitalix me encanta, excelente para arrancar el día",@usuario_ficticio_19,https://ejemplo.invalid/p/419
2026-08-29,Uruguay,Calcimar D recomendado por mi médica https://ejemplo.invalid/p/420 @cuenta_ficticia,@usuario_ficticio_20,https://ejemplo.invalid/p/420
2026-07-16,Colombia,mi vieja tiene osteoporosis y le duele todo,@usuario_ficticio_21,https://ejemplo.invalid/p/421
2026-07-29,México,buenísimo el programa para controlar la diabetes,@usuario_ficticio_22,https://ejemplo.invalid/p/422
2026-07-27,Argentina,"Vitalix me encanta, excelente para arrancar el día https://ejemplo.invalid/p/423",@usuario_ficticio_23,https://ejemplo.invalid/p/423
2026-08-15,México,la hipertensión es un problema grave y nadie habla,@usuario_ficticio_24,https://ejemplo.invalid/p/424
2026-08-01,Chile,la hipertensión es un problema grave y nadie habla @cuenta_ficticia,@usuario_ficticio_25,https://ejemplo.invalid/p/425
2026-08-23,México,la hipertensión es un problema grave y nadie habla https://ejemplo.invalid/p/426,@usuario_ficticio_26,https://ejemplo.invalid/p/426
2026-08-20,Perú,Vitalix está carísimo,@usuario_ficticio_27,https://ejemplo.invalid/p/427
2026-07-27,México,Vitalix está carísimo,@usuario_ficticio_28,https://ejemplo.invalid/p/428
2026-09-01,Uruguay,la hipertensión es un problema grave y nadie habla https://ejemplo.invalid/p/429,@usuario_ficticio_29,https://ejemplo.invalid/p/429
2026-08-10,Argentina,Calcimar D recomendado por mi médica @cuenta_ficticia,@usuario_ficticio_30,https://ejemplo.invalid/p/430
2026-08-05,Argentina,"el Vasotril funciona bien, la presión mejoró",@usuario_ficticio_31,https://ejemplo.invalid/p/431
2026-07-26,México,"no hay Glucofin en la farmacia, desabastecimiento otra vez https://ejemplo.invalid/p/432",@usuario_ficticio_32,https://ejemplo.invalid/p/432
2026-07-16,México,caminar todos los días me ayudó con la presión,@usuario_ficticio_33,https://ejemplo.invalid/p/433
2026-07-06,México,"el Vasotril funciona bien, la presión mejoró",@usuario_ficticio_34,https://ejemplo.invalid/p/434
2026-08-07,Uruguay,"Vasotril me hizo mal, tuve mareos https://ejemplo.invalid/p/435 @cuenta_ficticia",@usuario_ficticio_35,https://ejemplo.invalid/p/435
2026-07-07,Brasil,caminar todos los días me ayudó con la presión,@usuario_ficticio_36,https://ejemplo.invalid/p/436
2026-08-06,Chile,buenísimo el programa para controlar la diabetes,@usuario_ficticio_37,https://ejemplo.invalid/p/437
2026-07-10,Brasil,"no hay Glucofin en la farmacia, desabastecimiento otra vez https://ejemplo.invalid/p/438",@usuario_ficticio_38,https://ejemplo.invalid/p/438
2026-08-28,Perú,"el Vasotril funciona bien, la presión mejoró",@usuario_ficticio_39,https://ejemplo.invalid/p/439
2026-08-17,Chile,me diagnosticaron presión alta y no sé qué comer @cuenta_ficticia,@usuario_ficticio_40,https://ejemplo.invalid/p/440
2026-09-08,Uruguay,la hipertensión es un problema grave y nadie habla https://ejemplo.invalid/p/441,@usuario_ficticio_41,https://ejemplo.invalid/p/441
2026-09-01,Uruguay,Vitalix está carísimo,@usuario_ficticio_42,https://ejemplo.invalid/p/442
2026-07-13,Colombia,mi vieja tiene osteoporosis y le duele todo,@usuario_ficticio_43,https://ejemplo.invalid/p/443
2026-09-12,Argentina,"Vasotril me hizo mal, tuve mareos https://ejemplo.invalid/p/444",@usuario_ficticio_44,https://ejemplo.invalid/p/444
2026-09-22,Uruguay,mi vieja tiene osteoporosis y le duele todo @cuenta_ficticia,@usuario_ficticio_45,https://ejemplo.invalid/p/445
2026-07-22,México,Calcimar D recomendado por mi médica,@usuario_ficticio_46,https://ejemplo.invalid/p/446
2026-08-04,México,con la diabetes el control de glucosa es un problema https://ejemplo.invalid/p/447,@usuario_ficticio_47,https://ejemplo.invalid/p/447
2026-09-11,Argentina,"el Vasotril funciona bien, la presión mejoró",@usuario_ficticio_48,https://ejemplo.invalid/p/448
2026-08-07,Perú,con la diabetes el control de glucosa es un problema,@usuario_ficticio_49,https://ejemplo.invalid/p/449
2026-07-18,México,caminar todos los días me ayudó con la presión https://ejemplo.invalid/p/450 @cuenta_ficticia,@usuario_ficticio_50,https://ejemplo.invalid/p/450
2026-09-10,Uruguay,"Vitalix me encanta, excelente para arrancar el día",@usuario_ficticio_51,https://ejemplo.invalid/p/451
2026-07-16,Argentina,Calcimar D recomendado por mi médica,@usuario_ficticio_52,https://ejemplo.invalid/p/452
2026-08-06,México,mi vieja tiene osteoporosis y le duele todo https://ejemplo.invalid/p/453,@usuario_ficticio_53,https://ejemplo.invalid/p/453
2026-09-12,Chile,con la diabetes el control de glucosa es un problema,@usuario_ficticio_54,https://ejemplo.invalid/p/454
2026-08-24,Argentina,mi vieja tiene osteoporosis y le duele todo @cuenta_ficticia,@usuario_ficticio_55,https://ejemplo.invalid/p/455
2026-08-02,México,"Vasotril me hizo mal, tuve mareos https://ejemplo.invalid/p/456",@usuario_ficticio_56,https://ejemplo.invalid/p/456
2026-08-08,Brasil,la hipertensión es un problema grave y nadie habla,@usuario_ficticio_57,https://ejemplo.invalid/p/457
2026-09-18,México,Vitalix está carísimo,@usuario_ficticio_58,https://ejemplo.invalid/p/458
2026-07-17,Argentina,mi vieja tiene osteoporosis y le duele todo https://ejemplo.invalid/p/459,@usuario_ficticio_59,https://ejemplo.invalid/p/459
2026-08-06,Perú,"Vasotril me hizo mal, tuve mareos @cuenta_ficticia",@usuario_ficticio_60,https://ejemplo.invalid/p/460
2026-09-07,Chile,buenísimo el programa para controlar la diabetes,@usuario_ficticio_61,https://ejemplo.invalid/p/461
2026-08-22,Argentina,caminar todos los días me ayudó con la presión https://ejemplo.invalid/p/462,@usuario_ficticio_62,https://ejemplo.invalid/p/462
2026-07-03,Argentina,"el Vasotril funciona bien, la presión mejoró",@usuario_ficticio_63,https://ejemplo.invalid/p/463
2026-07-19,Perú,buenísimo el programa para controlar la diabetes,@usuario_ficticio_64,https://ejemplo.invalid/p/464
2026-08-25,Uruguay,caminar todos los días me ayudó con la presión https://ejemplo.invalid/p/465 @cuenta_ficticia,@usuario_ficticio_65,https://ejemplo.invalid/p/465
2026-09-02,México,Vitalix está carísimo,@usuario_ficticio_66,https://ejemplo.invalid/p/466
2026-07-21,México,"Vasotril me hizo mal, tuve mareos",@usuario_ficticio_67,https://ejemplo.invalid/p/467
2026-09-15,México,"no hay Glucofin en la farmacia, desabastecimiento otra vez https://ejemplo.invalid/p/468",@usuario_ficticio_68,https://ejemplo.invalid/p/468
2026-08-09,Uruguay,me diagnosticaron presión alta y no sé qué comer,@usuario_ficticio_69,https://ejemplo.invalid/p/469
2026-08-11,México,buenísimo el programa para controlar la diabetes @cuenta_ficticia,@usuario_ficticio_70,https://ejemplo.invalid/p/470
2026-07-07,Chile,buenísimo el programa para controlar la diabetes https://ejemplo.invalid/p/471,@usuario_ficticio_71,https://ejemplo.invalid/p/471
2026-09-07,Argentina,con la diabetes el control de glucosa es un problema,@usuario_ficticio_72,https://ejemplo.invalid/p/472
2026-07-02,México,"Vasotril me hizo mal, tuve mareos",@usuario_ficticio_73,https://ejemplo.invalid/p/473
2026-09-15,México,Calcimar D recomendado por mi médica https://ejemplo.invalid/p/474,@usuario_ficticio_74,https://ejemplo.invalid/p/474
2026-07-26,México,me diagnosticaron presión alta y no sé qué comer @cuenta_ficticia,@usuario_ficticio_75,https://ejemplo.invalid/p/475
2026-08-29,México,Vitalix está carísimo,@usuario_ficticio_76,https://ejemplo.invalid/p/476
2026-09-09,Uruguay,la hipertensión es un problema grave y nadie habla https://ejemplo.invalid/p/477,@usuario_ficticio_77,https://ejemplo.invalid/p/477
2026-08-16,México,caminar todos los días me ayudó con la presión,@usuario_ficticio_78,https://ejemplo.invalid/p/478
2026-07-04,México,"el Vasotril funciona bien, la presión mejoró",@usuario_ficticio_79,https://ejemplo.invalid/p/479
2026-07-02,Colombia,"Vasotril me hizo mal, tuve mareos https://ejemplo.invalid/p/480 @cuenta_ficticia",@usuario_ficticio_80,https://ejemplo.invalid/p/480
2026-08-23,México,"no hay Glucofin en la farmacia, desabastecimiento otra vez",@usuario_ficticio_81,https://ejemplo.invalid/p/481
2026-08-04,Colombia,me diagnosticaron presión alta y no sé qué comer,@usuario_ficticio_82,https://ejemplo.invalid/p/482
2026-08-14,Chile,"Vasotril me hizo mal, tuve mareos https://ejemplo.invalid/p/483",@usuario_ficticio_83,https://ejemplo.invalid/p/483
2026-08-07,México,"el Vasotril funciona bien, la presión mejoró",@usuario_ficticio_84,https://ejemplo.invalid/p/484
2026-07-23,México,caminar todos los días me ayudó con la presión @cuenta_ficticia,@usuario_ficticio_85,https://ejemplo.invalid/p/485
2026-08-21,Brasil,"Vitalix me encanta, excelente para arrancar el día https://ejemplo.invalid/p/486",@usuario_ficticio_86,https://ejemplo.invalid/p/486
2026-07-27,Uruguay,me diagnosticaron presión alta y no sé qué comer,@usuario_ficticio_87,https://ejemplo.invalid/p/487
2026-09-01,Colombia,caminar todos los días me ayudó con la presión,@usuario_ficticio_88,https://ejemplo.invalid/p/488
2026-08-16,Brasil,mi vieja tiene osteoporosis y le duele todo https://ejemplo.invalid/p/489,@usuario_ficticio_89,https://ejemplo.invalid/p/489
2026-08-31,Argentina,"Vitalix me encanta, excelente para arrancar el día @cuenta_ficticia",@usuario_ficticio_90,https://ejemplo.invalid/p/490
2026-08-26,México,la hipertensión es un problema grave y nadie habla,@usuario_ficticio_91,https://ejemplo.invalid/p/491
2026-08-30,Argentina,"Vasotril me hizo mal, tuve mareos https://ejemplo.invalid/p/492",@usuario_ficticio_92,https://ejemplo.invalid/p/492
2026-09-14,Argentina,Vitalix está carísimo,@usuario_ficticio_93,https://ejemplo.invalid/p/493
2026-07-06,México,"el Vasotril funciona bien, la presión mejoró",@usuario_ficticio_94,https://ejemplo.invalid/p/494
2026-08-22,México,Vitalix está carísimo https://ejemplo.invalid/p/495 @cuenta_ficticia,@usuario_ficticio_95,https://ejemplo.invalid/p/495
2026-07-15,Argentina,"Vasotril me hizo mal, tuve mareos",@usuario_ficticio_96,https://ejemplo.invalid/p/496
2026-07-07,México,la hipertensión es un problema grave y nadie habla,@usuario_ficticio_97,https://ejemplo.invalid/p/497
2026-08-12,México,la hipertensión es un problema grave y nadie habla https://ejemplo.invalid/p/498,@usuario_ficticio_98,https://ejemplo.invalid/p/498
2026-07-07,México,"Vitalix me encanta, excelente para arrancar el día",@usuario_ficticio_99,https://ejemplo.invalid/p/499
2026-07-18,Colombia,me diagnosticaron presión alta y no sé qué comer @cuenta_ficticia,@usuario_ficticio_100,https://ejemplo.invalid/p/500
2026-09-01,Perú,Calcimar D recomendado por mi médica https://ejemplo.invalid/p/501,@usuario_ficticio_101,https://ejemplo.invalid/p/501
2026-09-09,Perú,"el Vasotril funciona bien, la presión mejoró",@usuario_ficticio_102,https://ejemplo.invalid/p/502
2026-07-05,México,"Vasotril me hizo mal, tuve mareos",@usuario_ficticio_103,https://ejemplo.invalid/p/503
2026-07-20,Chile,"el Vasotril funciona bien, la presión mejoró https://ejemplo.invalid/p/504",@usuario_ficticio_104,https://ejemplo.invalid/p/504
2026-09-15,México,con la diabetes el control de glucosa es un problema @cuenta_ficticia,@usuario_ficticio_105,https://ejemplo.invalid/p/505
2026-07-05,Argentina,Vitalix está carísimo,@usuario_ficticio_106,https://ejemplo.invalid/p/506
2026-08-09,México,con la diabetes el control de glucosa es un problema https://ejemplo.invalid/p/507,@usuario_ficticio_107,https://ejemplo.invalid/p/507
2026-07-23,México,la hipertensión es un problema grave y nadie habla,@usuario_ficticio_108,https://ejemplo.invalid/p/508
2026-07-18,Colombia,Calcimar D recomendado por mi médica,@usuario_ficticio_109,https://ejemplo.invalid/p/509
2026-08-18,Chile,buenísimo el programa para controlar la diabetes https://ejemplo.invalid/p/510 @cuenta_ficticia,@usuario_ficticio_110,https://ejemplo.invalid/p/510
2026-09-07,México,"Vasotril me hizo mal, tuve mareos",@usuario_ficticio_111,https://ejemplo.invalid/p/511
2026-08-04,México,"Vitalix me encanta, excelente para arrancar el día",@usuario_ficticio_112,https://ejemplo.invalid/p/512
2026-08-19,México,"el Vasotril funciona bien, la presión mejoró https://ejemplo.invalid/p/513",@usuario_ficticio_113,https://ejemplo.invalid/p/513
2026-07-27,Argentina,"no hay Glucofin en la farmacia, desabastecimiento otra vez",@usuario_ficticio_114,https://ejemplo.invalid/p/514
2026-09-10,México,"no hay Glucofin en la farmacia, desabastecimiento otra vez @cuenta_ficticia",@usuario_ficticio_115,https://ejemplo.invalid/p/515
2026-07-17,Colombia,"Vitalix me encanta, excelente para arrancar el día https://ejemplo.invalid/p/516",@usuario_ficticio_116,https://ejemplo.invalid/p/516
2026-08-06,Colombia,caminar todos los días me ayudó con la presión,@usuario_ficticio_117,https://ejemplo.invalid/p/517
2026-08-17,Argentina,Calcimar D recomendado por mi médica,@usuario_ficticio_118,https://ejemplo.invalid/p/518
2026-08-24,Uruguay,Calcimar D recomendado por mi médica https://ejemplo.invalid/p/519,@usuario_ficticio_119,https://ejemplo.invalid/p/519
2026-07-19,México,"Vitalix me encanta, excelente para arrancar el día @cuenta_ficticia",@usuario_ficticio_120,https://ejemplo.invalid/p/520
2026-08-31,México,Vitalix está carísimo,@usuario_ficticio_121,https://ejemplo.invalid/p/521
2026-09-15,Argentina,"el Vasotril funciona bien, la presión mejoró https://ejemplo.invalid/p/522",@usuario_ficticio_122,https://ejemplo.invalid/p/522
2026-08-19,México,mi vieja tiene osteoporosis y le duele todo,@usuario_ficticio_123,https://ejemplo.invalid/p/523
2026-09-07,Uruguay,me diagnosticaron presión alta y no sé qué comer,@usuario_ficticio_124,https://ejemplo.invalid/p/524
2026-09-02,Colombia,me diagnosticaron presión alta y no sé qué comer https://ejemplo.invalid/p/525 @cuenta_ficticia,@usuario_ficticio_125,https://ejemplo.invalid/p/525
2026-09-22,Argentina,mi vieja tiene osteoporosis y le duele todo,@usuario_ficticio_126,https://ejemplo.invalid/p/526
2026-07-22,Uruguay,"el Vasotril funciona bien, la presión mejoró",@usuario_ficticio_127,https://ejemplo.invalid/p/527
2026-08-02,Argentina,Vitalix está carísimo https://ejemplo.invalid/p/528,@usuario_ficticio_128,https://ejemplo.invalid/p/528
2026-08-06,Chile,buenísimo el programa para controlar la diabetes,@usuario_ficticio_129,https://ejemplo.invalid/p/529
2026-09-17,Chile,"no hay Glucofin en la farmacia, desabastecimiento otra vez @cuenta_ficticia",@usuario_ficticio_130,https://ejemplo.invalid/p/530
2026-07-11,Argentina,"Vitalix me encanta, excelente para arrancar el día https://ejemplo.invalid/p/531",@usuario_ficticio_131,https://ejemplo.invalid/p/531
2026-09-13,Argentina,me diagnosticaron presión alta y no sé qué comer,@usuario_ficticio_132,https://ejemplo.invalid/p/532
2026-09-22,Argentina,con la diabetes el control de glucosa es un problema,@usuario_ficticio_133,https://ejemplo.invalid/p/533
2026-07-09,México,"Vasotril me hizo mal, tuve mareos https://ejemplo.invalid/p/534",@usuario_ficticio_134,https://ejemplo.invalid/p/534
2026-09-10,Argentina,buenísimo el programa para controlar la diabetes @cuenta_ficticia,@usuario_ficticio_135,https://ejemplo.invalid/p/535
2026-07-13,Colombia,la hipertensión es un problema grave y nadie habla,@usuario_ficticio_136,https://ejemplo.invalid/p/536
2026-09-19,Chile,"Vitalix me encanta, excelente para arrancar el día https://ejemplo.invalid/p/537",@usuario_ficticio_137,https://ejemplo.invalid/p/537
2026-09-08,Colombia,"no hay Glucofin en la farmacia, desabastecimiento otra vez",@usuario_ficticio_138,https://ejemplo.invalid/p/538
2026-08-02,Colombia,mi vieja tiene osteoporosis y le duele todo,@usuario_ficticio_139,https://ejemplo.invalid/p/539
2026-08-05,Brasil,mi vieja tiene osteoporosis y le duele todo https://ejemplo.invalid/p/540 @cuenta_ficticia,@usuario_ficticio_140,https://ejemplo.invalid/p/540
2026-07-03,México,Vitalix está carísimo,@usuario_ficticio_141,https://ejemplo.invalid/p/541
2026-08-30,Argentina,"no hay Glucofin en la farmacia, desabastecimiento otra vez",@usuario_ficticio_142,https://ejemplo.invalid/p/542
2026-08-25,Colombia,"el Vasotril funciona bien, la presión mejoró https://ejemplo.invalid/p/543",@usuario_ficticio_143,https://ejemplo.invalid/p/543
2026-08-20,Brasil,Calcimar D recomendado por mi médica,@usuario_ficticio_144,https://ejemplo.invalid/p/544
2026-07-19,Argentina,Vitalix está carísimo @cuenta_ficticia,@usuario_ficticio_145,https://ejemplo.invalid/p/545
2026-08-15,Uruguay,caminar todos los días me ayudó con la presión https://ejemplo.invalid/p/546,@usuario_ficticio_146,https://ejemplo.invalid/p/546
2026-07-26,Argentina,"Vasotril me hizo mal, tuve mareos",@usuario_ficticio_147,https://ejemplo.invalid/p/547
2026-08-13,Uruguay,"Vasotril me hizo mal, tuve mareos",@usuario_ficticio_148,https://ejemplo.invalid/p/548
2026-07-31,Chile,"no hay Glucofin en la farmacia, desabastecimiento otra vez https://ejemplo.invalid/p/549",@usuario_ficticio_149,https://ejemplo.invalid/p/549
2026-09-06,Brasil,mi vieja tiene osteoporosis y le duele todo @cuenta_ficticia,@usuario_ficticio_150,https://ejemplo.invalid/p/550
2026-09-22,Argentina,buenísimo el programa para controlar la diabetes,@usuario_ficticio_151,https://ejemplo.invalid/p/551
2026-07-14,Uruguay,"Vitalix me encanta, excelente para arrancar el día https://ejemplo.invalid/p/552",@usuario_ficticio_152,https://ejemplo.invalid/p/552
2026-09-11,México,buenísimo el programa para controlar la diabetes,@usuario_ficticio_153,https://ejemplo.invalid/p/553
2026-08-17,México,Vitalix está carísimo,@usuario_ficticio_154,https://ejemplo.invalid/p/554
2026-09-10,Brasil,buenísimo el programa para controlar la diabetes https://ejemplo.invalid/p/555 @cuenta_ficticia,@usuario_ficticio_155,https://ejemplo.invalid/p/555
2026-08-04,Colombia,me diagnosticaron presión alta y no sé qué comer,@usuario_ficticio_156,https://ejemplo.invalid/p/556
2026-07-02,Chile,con la diabetes el control de glucosa es un problema,@usuario_ficticio_157,https://ejemplo.invalid/p/557
2026-07-14,Chile,Calcimar D recomendado por mi médica https://ejemplo.invalid/p/558,@usuario_ficticio_158,https://ejemplo.invalid/p/558
2026-08-01,Colombia,"Vitalix me encanta, excelente para arrancar el día",@usuario_ficticio_159,https://ejemplo.invalid/p/559
2026-08-21,México,"Vasotril me hizo mal, tuve mareos @cuenta_ficticia",@usuario_ficticio_160,https://ejemplo.invalid/p/560
2026-08-31,Colombia,la hipertensión es un problema grave y nadie habla https://ejemplo.invalid/p/561,@usuario_ficticio_161,https://ejemplo.invalid/p/561
2026-07-29,Argentina,"Vasotril me hizo mal, tuve mareos",@usuario_ficticio_162,https://ejemplo.invalid/p/562
2026-08-27,Argentina,la hipertensión es un problema grave y nadie habla,@usuario_ficticio_163,https://ejemplo.invalid/p/563
2026-08-29,Colombia,caminar todos los días me ayudó con la presión https://ejemplo.invalid/p/564,@usuario_ficticio_164,https://ejemplo.invalid/p/564
2026-08-20,México,buenísimo el programa para controlar la diabetes @cuenta_ficticia,@usuario_ficticio_165,https://ejemplo.invalid/p/565
2026-07-29,Argentina,"el Vasotril funciona bien, la presión mejoró",@usuario_ficticio_166,https://ejemplo.invalid/p/566
2026-08-09,Chile,"el Vasotril funciona bien, la presión mejoró https://ejemplo.invalid/p/567",@usuario_ficticio_167,https://ejemplo.invalid/p/567
2026-08-24,Colombia,Vitalix está carísimo,@usuario_ficticio_168,https://ejemplo.invalid/p/568
2026-08-04,Brasil,caminar todos los días me ayudó con la presión,@usuario_ficticio_169,https://ejemplo.invalid/p/569
2026-08-01,Chile,"Vasotril me hizo mal, tuve mareos https://ejemplo.invalid/p/570 @cuenta_ficticia",@usuario_ficticio_170,https://ejemplo.invalid/p/570
2026-08-25,México,"no hay Glucofin en la farmacia, desabastecimiento otra vez",@usuario_ficticio_171,https://ejemplo.invalid/p/571
2026-07-03,México,"el Vasotril funciona bien, la presión mejoró",@usuario_ficticio_172,https://ejemplo.invalid/p/572
2026-07-13,México,Vitalix está carísimo https://ejemplo.invalid/p/573,@usuario_ficticio_173,https://ejemplo.invalid/p/573
2026-09-03,México,"Vasotril me hizo mal, tuve mareos",@usuario_ficticio_174,https://ejemplo.invalid/p/574
2026-07-28,Argentina,"Vitalix me encanta, excelente para arrancar el día @cuenta_ficticia",@usuario_ficticio_175,https://ejemplo.invalid/p/575
2026-07-03,Argentina,caminar todos los días me ayudó con la presión https://ejemplo.invalid/p/576,@usuario_ficticio_176,https://ejemplo.invalid/p/576
2026-07-14,Uruguay,"no hay Glucofin en la farmacia, desabastecimiento otra vez",@usuario_ficticio_177,https://ejemplo.invalid/p/577
2026-09-13,Colombia,buenísimo el programa para controlar la diabetes,@usuario_ficticio_178,https://ejemplo.invalid/p/578
2026-09-10,Chile,Vitalix está carísimo https://ejemplo.invalid/p/579,@usuario_ficticio_179,https://ejemplo.invalid/p/579
2026-07-17,Uruguay,mi vieja tiene osteoporosis y le duele todo @cuenta_ficticia,@usuario_ficticio_180,https://ejemplo.invalid/p/580
2026-09-09,Colombia,con la diabetes el control de glucosa es un problema,@usuario_ficticio_181,https://ejemplo.invalid/p/581
2026-07-23,Argentina,con la diabetes el control de glucosa es un problema https://ejemplo.invalid/p/582,@usuario_ficticio_182,https://ejemplo.invalid/p/582
2026-07-02,Chile,Calcimar D recomendado por mi médica,@usuario_ficticio_183,https://ejemplo.invalid/p/583
2026-09-18,México,"no hay Glucofin en la farmacia, desabastecimiento otra vez",@usuario_ficticio_184,https://ejemplo.invalid/p/584
2026-08-13,Uruguay,"el Vasotril funciona bien, la presión mejoró https://ejemplo.invalid/p/585 @cuenta_ficticia",@usuario_ficticio_185,https://ejemplo.invalid/p/585
2026-08-24,Colombia,buenísimo el programa para controlar la diabetes,@usuario_ficticio_186,https://ejemplo.invalid/p/586
2026-07-02,Chile,mi vieja tiene osteoporosis y le duele todo,@usuario_ficticio_187,https://ejemplo.invalid/p/587
2026-08-17,México,me diagnosticaron presión alta y no sé qué comer https://ejemplo.invalid/p/588,@usuario_ficticio_188,https://ejemplo.invalid/p/588
2026-07-30,Colombia,"Vitalix me encanta, excelente para arrancar el día",@usuario_ficticio_189,https://ejemplo.invalid/p/589
2026-07-08,Colombia,buenísimo el programa para controlar la diabetes @cuenta_ficticia,@usuario_ficticio_190,https://ejemplo.invalid/p/590
2026-09-10,Brasil,Calcimar D recomendado por mi médica https://ejemplo.invalid/p/591,@usuario_ficticio_191,https://ejemplo.invalid/p/591
2026-07-04,Brasil,Calcimar D recomendado por mi médica,@usuario_ficticio_192,https://ejemplo.invalid/p/592
2026-07-09,Colombia,mi vieja tiene osteoporosis y le duele todo,@usuario_ficticio_193,https://ejemplo.invalid/p/593
2026-07-04,México,"Vasotril me hizo mal, tuve mareos https://ejemplo.invalid/p/594",@usuario_ficticio_194,https://ejemplo.invalid/p/594
2026-09-02,México,con la diabetes el control de glucosa es un problema @cuenta_ficticia,@usuario_ficticio_195,https://ejemplo.invalid/p/595
2026-07-06,Argentina,"no hay Glucofin en la farmacia, desabastecimiento otra vez",@usuario_ficticio_196,https://ejemplo.invalid/p/596
2026-07-04,Chile,"Vitalix me encanta, excelente para arrancar el día https://ejemplo.invalid/p/597",@usuario_ficticio_197,https://ejemplo.invalid/p/597
2026-09-12,Colombia,me diagnosticaron presión alta y no sé qué comer,@usuario_ficticio_198,https://ejemplo.invalid/p/598
2026-08-24,Argentina,"el Vasotril funciona bien, la presión mejoró",@usuario_ficticio_199,https://ejemplo.invalid/p/599
2026-08-24,Argentina,"Vasotril me hizo mal, tuve mareos https://ejemplo.invalid/p/600 @cuenta_ficticia",@usuario_ficticio_200,https://ejemplo.invalid/p/600
2026-09-19,Uruguay,"el Vasotril funciona bien, la presión mejoró",@usuario_ficticio_201,https://ejemplo.invalid/p/601
2026-08-05,Argentina,la hipertensión es un problema grave y nadie habla,@usuario_ficticio_202,https://ejemplo.invalid/p/602
2026-08-01,Colombia,"no hay Glucofin en la farmacia, desabastecimiento otra vez https://ejemplo.invalid/p/603",@usuario_ficticio_203,https://ejemplo.invalid/p/603
2026-09-10,México,caminar todos los días me ayudó con la presión,@usuario_ficticio_204,https://ejemplo.invalid/p/604
2026-09-08,México,Vitalix está carísimo @cuenta_ficticia,@usuario_ficticio_205,https://ejemplo.invalid/p/605
2026-08-06,México,mi vieja tiene osteoporosis y le duele todo https://ejemplo.invalid/p/606,@usuario_ficticio_206,https://ejemplo.invalid/p/606
2026-07-18,México,mi vieja tiene osteoporosis y le duele todo,@usuario_ficticio_207,https://ejemplo.invalid/p/607
2026-07-07,Brasil,Calcimar D recomendado por mi médica,@usuario_ficticio_208,https://ejemplo.invalid/p/608
2026-08-03,Argentina,Calcimar D recomendado por mi médica https://ejemplo.invalid/p/609,@usuario_ficticio_209,https://ejemplo.invalid/p/609
2026-07-29,Argentina,la hipertensión es un problema grave y nadie habla @cuenta_ficticia,@usuario_ficticio_210,https://ejemplo.invalid/p/610
2026-07-27,Colombia,"no hay Glucofin en la farmacia, desabastecimiento otra vez",@usuario_ficticio_211,https://ejemplo.invalid/p/611
2026-07-26,México,caminar todos los días me ayudó con la presión https://ejemplo.invalid/p/612,@usuario_ficticio_212,https://ejemplo.invalid/p/612
2026-08-10,México,me diagnosticaron presión alta y no sé qué comer,@usuario_ficticio_213,https://ejemplo.invalid/p/613
2026-09-02,México,me diagnosticaron presión alta y no sé qué comer,@usuario_ficticio_214,https://ejemplo.invalid/p/614
2026-09-22,Uruguay,"Vasotril me hizo mal, tuve mareos https://ejemplo.invalid/p/615 @cuenta_ficticia",@usuario_ficticio_215,https://ejemplo.invalid/p/615
2026-08-23,México,la hipertensión es un problema grave y nadie habla,@usuario_ficticio_216,https://ejemplo.invalid/p/616
2026-09-18,Argentina,con la diabetes el control de glucosa es un problema,@usuario_ficticio_217,https://ejemplo.invalid/p/617
2026-07-06,Argentina,con la diabetes el control de glucosa es un problema https://ejemplo.invalid/p/618,@usuario_ficticio_218,https://ejemplo.invalid/p/618
2026-08-18,Chile,caminar todos los días me ayudó con la presión,@usuario_ficticio_219,https://ejemplo.invalid/p/619
2026-07-16,México,con la diabetes el control de glucosa es un problema @cuenta_ficticia,@usuario_ficticio_220,https://ejemplo.invalid/p/620
2026-09-14,Chile,la hipertensión es un problema grave y nadie habla https://ejemplo.invalid/p/621,@usuario_ficticio_221,https://ejemplo.invalid/p/621
2026-08-27,México,Calcimar D recomendado por mi médica,@usuario_ficticio_222,https://ejemplo.invalid/p/622
2026-09-12,Chile,mi vieja tiene osteoporosis y le duele todo,@usuario_ficticio_223,https://ejemplo.invalid/p/623
2026-08-19,Argentina,"Vasotril me hizo mal, tuve mareos https://ejemplo.invalid/p/624",@usuario_ficticio_224,https://ejemplo.invalid/p/624
2026-07-25,Chile,Calcimar D recomendado por mi médica @cuenta_ficticia,@usuario_ficticio_225,https://ejemplo.invalid/p/625
2026-07-27,México,"no hay Glucofin en la farmacia, desabastecimiento otra vez",@usuario_ficticio_226,https://ejemplo.invalid/p/626
2026-07-11,Brasil,caminar todos los días me ayudó con la presión https://ejemplo.invalid/p/627,@usuario_ficticio_227,https://ejemplo.invalid/p/627
2026-09-21,México,"Vitalix me encanta, excelente para arrancar el día",@usuario_ficticio_228,https://ejemplo.invalid/p/628
2026-08-22,México,Calcimar D recomendado por mi médica,@usuario_ficticio_229,https://ejemplo.invalid/p/629
2026-08-20,Argentina,caminar todos los días me ayudó con la presión https://ejemplo.invalid/p/630 @cuenta_ficticia,@usuario_ficticio_230,https://ejemplo.invalid/p/630
2026-07-07,México,"no hay Glucofin en la farmacia, desabastecimiento otra vez",@usuario_ficticio_231,https://ejemplo.invalid/p/631
2026-09-16,Brasil,mi vieja tiene osteoporosis y le duele todo,@usuario_ficticio_232,https://ejemplo.invalid/p/632
2026-08-13,Chile,la hipertensión es un problema grave y nadie habla https://ejemplo.invalid/p/633,@usuario_ficticio_233,https://ejemplo.invalid/p/633
2026-08-16,Chile,buenísimo el programa para controlar la diabetes,@usuario_ficticio_234,https://ejemplo.invalid/p/634
2026-07-22,México,mi vieja tiene osteoporosis y le duele todo @cuenta_ficticia,@usuario_ficticio_235,https://ejemplo.invalid/p/635
2026-09-15,Colombia,Vitalix está carísimo https://ejemplo.invalid/p/636,@usuario_ficticio_236,https://ejemplo.invalid/p/636
2026-08-05,Colombia,con la diabetes el control de glucosa es un problema,@usuario_ficticio_237,https://ejemplo.invalid/p/637
2026-09-05,México,"Vasotril me hizo mal, tuve mareos",@usuario_ficticio_238,https://ejemplo.invalid/p/638
2026-08-31,México,la hipertensión es un problema grave y nadie habla https://ejemplo.invalid/p/639,@usuario_ficticio_239,https://ejemplo.invalid/p/639
2026-07-31,México,"el Vasotril funciona bien, la presión mejoró @cuenta_ficticia",@usuario_ficticio_240,https://ejemplo.invalid/p/640
2026-08-28,Colombia,con la diabetes el control de glucosa es un problema,@usuario_ficticio_241,https://ejemplo.invalid/p/641
2026-08-20,México,me diagnosticaron presión alta y no sé qué comer https://ejemplo.invalid/p/642,@usuario_ficticio_242,https://ejemplo.invalid/p/642
2026-08-01,Chile,la hipertensión es un problema grave y nadie habla,@usuario_ficticio_243,https://ejemplo.invalid/p/643
2026-07-03,Colombia,"Vitalix me encanta, excelente para arrancar el día",@usuario_ficticio_244,https://ejemplo.invalid/p/644
2026-09-20,Brasil,Calcimar D recomendado por mi médica https://ejemplo.invalid/p/645 @cuenta_ficticia,@usuario_ficticio_245,https://ejemplo.invalid/p/645
2026-07-21,México,buenísimo el programa para controlar la diabetes,@usuario_ficticio_246,https://ejemplo.invalid/p/646
2026-09-07,Brasil,buenísimo el programa para controlar la diabetes,@usuario_ficticio_247,https://ejemplo.invalid/p/647
2026-07-24,Argentina,Vitalix está carísimo https://ejemplo.invalid/p/648,@usuario_ficticio_248,https://ejemplo.invalid/p/648
2026-09-11,Brasil,caminar todos los días me ayudó con la presión,@usuario_ficticio_249,https://ejemplo.invalid/p/649
2026-08-03,México,caminar todos los días me ayudó con la presión @cuenta_ficticia,@usuario_ficticio_250,https://ejemplo.invalid/p/650
2026-09-10,Brasil,"Vitalix me encanta, excelente para arrancar el día https://ejemplo.invalid/p/651",@usuario_ficticio_251,https://ejemplo.invalid/p/651
2026-09-09,México,la hipertensión es un problema grave y nadie habla,@usuario_ficticio_252,https://ejemplo.invalid/p/652
2026-08-27,Chile,la hipertensión es un problema grave y nadie habla,@usuario_ficticio_253,https://ejemplo.invalid/p/653
2026-09-19,México,mi vieja tiene osteoporosis y le duele todo https://ejemplo.invalid/p/654,@usuario_ficticio_254,https://ejemplo.invalid/p/654
2026-08-12,Argentina,"no hay Glucofin en la farmacia, desabastecimiento otra vez @cuenta_ficticia",@usuario_ficticio_255,https://ejemplo.invalid/p/655
2026-09-06,Chile,"Vitalix me encanta, excelente para arrancar el día",@usuario_ficticio_256,https://ejemplo.invalid/p/656
2026-07-26,Argentina,mi vieja tiene osteoporosis y le duele todo https://ejemplo.invalid/p/657,@usuario_ficticio_257,https://ejemplo.invalid/p/657
2026-08-29,Argentina,Vitalix está carísimo,@usuario_ficticio_258,https://ejemplo.invalid/p/658
2026-09-04,México,"no hay Glucofin en la farmacia, desabastecimiento otra vez",@usuario_ficticio_259,https://ejemplo.invalid/p/659
2026-08-23,Chile,mi vieja tiene osteoporosis y le duele todo https://ejemplo.invalid/p/660 @cuenta_ficticia,@usuario_ficticio_260,https://ejemplo.invalid/p/660
2026-07-01,Argentina,"el Vasotril funciona bien, la presión mejoró",@usuario_ficticio_261,https://ejemplo.invalid/p/661
2026-08-13,Brasil,"Vitalix me encanta, excelente para arrancar el día",@usuario_ficticio_262,https://ejemplo.invalid/p/662
2026-08-20,Uruguay,"el Vasotril funciona bien, la presión mejoró https://ejemplo.invalid/p/663",@usuario_ficticio_263,https://ejemplo.invalid/p/663
2026-08-28,México,con la diabetes el control de glucosa es un problema,@usuario_ficticio_264,https://ejemplo.invalid/p/664
2026-07-14,Chile,"Vitalix me encanta, excelente para arrancar el día @cuenta_ficticia",@usuario_ficticio_265,https://ejemplo.invalid/p/665
2026-07-06,Brasil,caminar todos los días me ayudó con la presión https://ejemplo.invalid/p/666,@usuario_ficticio_266,https://ejemplo.invalid/p/666
2026-09-03,México,la hipertensión es un problema grave y nadie habla,@usuario_ficticio_267,https://ejemplo.invalid/p/667
2026-07-28,México,"no hay Glucofin en la farmacia, desabastecimiento otra vez",@usuario_ficticio_268,https://ejemplo.invalid/p/668
2026-08-15,México,"Vitalix me encanta, excelente para arrancar el día https://ejemplo.invalid/p/669",@usuario_ficticio_269,https://ejemplo.invalid/p/669
2026-09-14,Argentina,caminar todos los días me ayudó con la presión @cuenta_ficticia,@usuario_ficticio_270,https://ejemplo.invalid/p/670
2026-07-04,México,"no hay Glucofin en la farmacia, desabastecimiento otra vez",@usuario_ficticio_271,https://ejemplo.invalid/p/671
2026-08-22,Argentina,"el Vasotril funciona bien, la presión mejoró https://ejemplo.invalid/p/672",@usuario_ficticio_272,https://ejemplo.invalid/p/672
2026-08-16,Colombia,con la diabetes el control de glucosa es un problema,@usuario_ficticio_273,https://ejemplo.invalid/p/673
2026-07-16,México,con la diabetes el control de glucosa es un problema,@usuario_ficticio_274,https://ejemplo.invalid/p/674
2026-07-25,Colombia,"Vitalix me encanta, excelente para arrancar el día https://ejemplo.invalid/p/675 @cuenta_ficticia",@usuario_ficticio_275,https://ejemplo.invalid/p/675
2026-08-16,Chile,caminar todos los días me ayudó con la presión,@usuario_ficticio_276,https://ejemplo.invalid/p/676
2026-08-21,Brasil,"Vasotril me hizo mal, tuve mareos",@usuario_ficticio_277,https://ejemplo.invalid/p/677
2026-08-22,México,me diagnosticaron presión alta y no sé qué comer https://ejemplo.invalid/p/678,@usuario_ficticio_278,https://ejemplo.invalid/p/678
2026-08-03,Argentina,caminar todos los días me ayudó con la presión,@usuario_ficticio_279,https://ejemplo.invalid/p/679
2026-07-16,Chile,"Vitalix me encanta, excelente para arrancar el día @cuenta_ficticia",@usuario_ficticio_280,https://ejemplo.invalid/p/680
2026-08-02,México,"Vitalix me encanta, excelente para arrancar el día https://ejemplo.invalid/p/681",@usuario_ficticio_281,https://ejemplo.invalid/p/681
2026-07-08,Uruguay,caminar todos los días me ayudó con la presión,@usuario_ficticio_282,https://ejemplo.invalid/p/682
2026-08-16,Chile,"Vasotril me hizo mal, tuve mareos",@usuario_ficticio_283,https://ejemplo.invalid/p/683
2026-07-29,Chile,"Vitalix me encanta, excelente para arrancar el día https://ejemplo.invalid/p/684",@usuario_ficticio_284,https://ejemplo.invalid/p/684
2026-07-15,Colombia,caminar todos los días me ayudó con la presión @cuenta_ficticia,@usuario_ficticio_285,https://ejemplo.invalid/p/685
2026-07-29,México,"el Vasotril funciona bien, la presión mejoró",@usuario_ficticio_286,https://ejemplo.invalid/p/686
2026-08-06,México,Calcimar D recomendado por mi médica https://ejemplo.invalid/p/687,@usuario_ficticio_287,https://ejemplo.invalid/p/687
2026-08-05,Brasil,la hipertensión es un problema grave y nadie habla,@usuario_ficticio_288,https://ejemplo.invalid/p/688
2026-09-22,México,me diagnosticaron presión alta y no sé qué comer,@usuario_ficticio_289,https://ejemplo.invalid/p/689
2026-08-15,Perú,"Vasotril me hizo mal, tuve mareos https://ejemplo.invalid/p/690 @cuenta_ficticia",@usuario_ficticio_290,https://ejemplo.invalid/p/690
2026-09-01,México,"el Vasotril funciona bien, la presión mejoró",@usuario_ficticio_291,https://ejemplo.invalid/p/691
2026-09-19,Uruguay,me diagnosticaron presión alta y no sé qué comer,@usuario_ficticio_292,https://ejemplo.invalid/p/692
2026-07-16,México,buenísimo el programa para controlar la diabetes https://ejemplo.invalid/p/693,@usuario_ficticio_293,https://ejemplo.invalid/p/693
2026-09-12,Argentina,"el Vasotril funciona bien, la presión mejoró",@usuario_ficticio_294,https://ejemplo.invalid/p/694
2026-07-06,Brasil,"Vasotril me hizo mal, tuve mareos @cuenta_ficticia",@usuario_ficticio_295,https://ejemplo.invalid/p/695
2026-08-24,México,"el Vasotril funciona bien, la presión mejoró https://ejemplo.invalid/p/696",@usuario_ficticio_296,https://ejemplo.invalid/p/696
2026-07-23,Argentina,"no hay Glucofin en la farmacia, desabastecimiento otra vez",@usuario_ficticio_297,https://ejemplo.invalid/p/697
2026-07-25,Perú,"no hay Glucofin en la farmacia, desabastecimiento otra vez",@usuario_ficticio_298,https://ejemplo.invalid/p/698
2026-07-17,Perú,"Vasotril me hizo mal, tuve mareos https://ejemplo.invalid/p/699",@usuario_ficticio_299,https://ejemplo.invalid/p/699
2026-07-21,México,Vitalix está carísimo @cuenta_ficticia,@usuario_ficticio_300,https://ejemplo.invalid/p/700
2026-09-08,Argentina,"no hay Glucofin en la farmacia, desabastecimiento otra vez",@usuario_ficticio_301,https://ejemplo.invalid/p/701
2026-09-13,Chile,"no hay Glucofin en la farmacia, desabastecimiento otra vez https://ejemplo.invalid/p/702",@usuario_ficticio_302,https://ejemplo.invalid/p/702
2026-08-31,Chile,"Vitalix me encanta, excelente para arrancar el día",@usuario_ficticio_303,https://ejemplo.invalid/p/703
2026-08-27,Argentina,"Vitalix me encanta, excelente para arrancar el día",@usuario_ficticio_304,https://ejemplo.invalid/p/704
2026-07-01,Argentina,"Vasotril me hizo mal, tuve mareos https://ejemplo.invalid/p/705 @cuenta_ficticia",@usuario_ficticio_305,https://ejemplo.invalid/p/705
2026-07-14,México,con la diabetes el control de glucosa es un problema,@usuario_ficticio_306,https://ejemplo.invalid/p/706
2026-07-21,Brasil,"no hay Glucofin en la farmacia, desabastecimiento otra vez",@usuario_ficticio_307,https://ejemplo.invalid/p/707
2026-09-15,Chile,"el Vasotril funciona bien, la presión mejoró https://ejemplo.invalid/p/708",@usuario_ficticio_308,https://ejemplo.invalid/p/708
2026-07-18,Argentina,la hipertensión es un problema grave y nadie habla,@usuario_ficticio_309,https://ejemplo.invalid/p/709
2026-08-20,Perú,"Vasotril me hizo mal, tuve mareos @cuenta_ficticia",@usuario_ficticio_310,https://ejemplo.invalid/p/710
2026-07-09,Colombia,"Vasotril me hizo mal, tuve mareos https://ejemplo.invalid/p/711",@usuario_ficticio_311,https://ejemplo.invalid/p/711
2026-07-11,Colombia,la hipertensión es un problema grave y nadie habla,@usuario_ficticio_312,https://ejemplo.invalid/p/712
2026-08-22,México,"el Vasotril funciona bien, la presión mejoró",@usuario_ficticio_313,https://ejemplo.invalid/p/713
2026-08-27,México,la hipertensión es un problema grave y nadie habla https://ejemplo.invalid/p/714,@usuario_ficticio_314,https://ejemplo.invalid/p/714
2026-08-24,México,"Vasotril me hizo mal, tuve mareos @cuenta_ficticia",@usuario_ficticio_315,https://ejemplo.invalid/p/715
2026-08-06,Perú,caminar todos los días me ayudó con la presión,@usuario_ficticio_316,https://ejemplo.invalid/p/716
2026-07-15,Brasil,Calcimar D recomendado por mi médica https://ejemplo.invalid/p/717,@usuario_ficticio_317,https://ejemplo.invalid/p/717
2026-09-03,Perú,"el Vasotril funciona bien, la presión mejoró",@usuario_ficticio_318,https://ejemplo.invalid/p/718
2026-09-12,México,caminar todos los días me ayudó con la presión,@usuario_ficticio_319,https://ejemplo.invalid/p/719
2026-08-30,México,caminar todos los días me ayudó con la presión https://ejemplo.invalid/p/720 @cuenta_ficticia,@usuario_ficticio_320,https://ejemplo.invalid/p/720
2026-08-06,Colombia,"Vasotril me hizo mal, tuve mareos",@usuario_ficticio_321,https://ejemplo.invalid/p/721
2026-08-02,México,Calcimar D recomendado por mi médica,@usuario_ficticio_322,https://ejemplo.invalid/p/722
2026-09-20,México,"el Vasotril funciona bien, la presión mejoró https://ejemplo.invalid/p/723",@usuario_ficticio_323,https://ejemplo.invalid/p/723
2026-08-06,Argentina,Calcimar D recomendado por mi médica,@usuario_ficticio_324,https://ejemplo.invalid/p/724
2026-09-17,Chile,"Vasotril me hizo mal, tuve mareos @cuenta_ficticia",@usuario_ficticio_325,https://ejemplo.invalid/p/725
2026-07-23,Argentina,"no hay Glucofin en la farmacia, desabastecimiento otra vez https://ejemplo.invalid/p/726",@usuario_ficticio_326,https://ejemplo.invalid/p/726
2026-07-04,México,Vitalix está carísimo,@usuario_ficticio_327,https://ejemplo.invalid/p/727
2026-08-19,Perú,"Vitalix me encanta, excelente para arrancar el día",@usuario_ficticio_328,https://ejemplo.invalid/p/728
2026-08-04,Uruguay,la hipertensión es un problema grave y nadie habla https://ejemplo.invalid/p/729,@usuario_ficticio_329,https://ejemplo.invalid/p/729
2026-08-08,Argentina,caminar todos los días me ayudó con la presión @cuenta_ficticia,@usuario_ficticio_330,https://ejemplo.invalid/p/730
2026-09-09,Uruguay,"no hay Glucofin en la farmacia, desabastecimiento otra vez",@usuario_ficticio_331,https://ejemplo.invalid/p/731
2026-07-23,México,buenísimo el programa para controlar la diabetes https://ejemplo.invalid/p/732,@usuario_ficticio_332,https://ejemplo.invalid/p/732
2026-09-14,Chile,"Vitalix me encanta, excelente para arrancar el día",@usuario_ficticio_333,https://ejemplo.invalid/p/733
2026-08-15,Argentina,me diagnosticaron presión alta y no sé qué comer,@usuario_ficticio_334,https://ejemplo.invalid/p/734
2026-08-01,Brasil,la hipertensión es un problema grave y nadie habla https://ejemplo.invalid/p/735 @cuenta_ficticia,@usuario_ficticio_335,https://ejemplo.invalid/p/735
2026-07-24,Argentina,me diagnosticaron presión alta y no sé qué comer,@usuario_ficticio_336,https://ejemplo.invalid/p/736
2026-08-18,Chile,"Vitalix me encanta, excelente para arrancar el día",@usuario_ficticio_337,https://ejemplo.invalid/p/737
2026-07-06,Chile,"Vitalix me encanta, excelente para arrancar el día https://ejemplo.invalid/p/738",@usuario_ficticio_338,https://ejemplo.invalid/p/738
2026-08-03,México,buenísimo el programa para controlar la diabetes,@usuario_ficticio_339,https://ejemplo.invalid/p/739
2026-08-01,Brasil,"Vasotril me hizo mal, tuve mareos @cuenta_ficticia",@usuario_ficticio_340,https://ejemplo.invalid/p/740
2026-08-09,Chile,"el Vasotril funciona bien, la presión mejoró https://ejemplo.invalid/p/741",@usuario_ficticio_341,https://ejemplo.invalid/p/741
2026-07-29,Brasil,buenísimo el programa para controlar la diabetes,@usuario_ficticio_342,https://ejemplo.invalid/p/742
2026-07-26,Uruguay,la hipertensión es un problema grave y nadie habla,@usuario_ficticio_343,https://ejemplo.invalid/p/743
2026-08-31,México,Calcimar D recomendado por mi médica https://ejemplo.invalid/p/744,@usuario_ficticio_344,https://ejemplo.invalid/p/744
2026-09-21,México,Vitalix está carísimo @cuenta_ficticia,@usuario_ficticio_345,https://ejemplo.invalid/p/745
2026-08-18,Colombia,caminar todos los días me ayudó con la presión,@usuario_ficticio_346,https://ejemplo.invalid/p/746
2026-09-17,Colombia,me diagnosticaron presión alta y no sé qué comer https://ejemplo.invalid/p/747,@usuario_ficticio_347,https://ejemplo.invalid/p/747
2026-09-06,Uruguay,con la diabetes el control de glucosa es un problema,@usuario_ficticio_348,https://ejemplo.invalid/p/748
2026-08-11,México,Vitalix está carísimo,@usuario_ficticio_349,https://ejemplo.invalid/p/749
2026-07-18,Chile,mi vieja tiene osteoporosis y le duele todo https://ejemplo.invalid/p/750 @cuenta_ficticia,@usuario_ficticio_350,https://ejemplo.invalid/p/750
2026-08-30,Colombia,"no hay Glucofin en la farmacia, desabastecimiento otra vez",@usuario_ficticio_351,https://ejemplo.invalid/p/751
2026-07-07,México,Vitalix está carísimo,@usuario_ficticio_352,https://ejemplo.invalid/p/752
2026-09-03,México,"no hay Glucofin en la farmacia, desabastecimiento otra vez https://ejemplo.invalid/p/753",@usuario_ficticio_353,https://ejemplo.invalid/p/753
2026-08-16,Argentina,"Vasotril me hizo mal, tuve mareos",@usuario_ficticio_354,https://ejemplo.invalid/p/754
2026-08-11,Colombia,me diagnosticaron presión alta y no sé qué comer @cuenta_ficticia,@usuario_ficticio_355,https://ejemplo.invalid/p/755
2026-07-23,México,"Vitalix me encanta, excelente para arrancar el día https://ejemplo.invalid/p/756",@usuario_ficticio_356,https://ejemplo.invalid/p/756
2026-07-07,México,con la diabetes el control de glucosa es un problema,@usuario_ficticio_357,https://ejemplo.invalid/p/757
2026-09-11,Argentina,Vitalix está carísimo,@usuario_ficticio_358,https://ejemplo.invalid/p/758
2026-07-10,México,buenísimo el programa para controlar la diabetes https://ejemplo.invalid/p/759,@usuario_ficticio_359,https://ejemplo.invalid/p/759
2026-07-23,Argentina,Calcimar D recomendado por mi médica @cuenta_ficticia,@usuario_ficticio_360,https://ejemplo.invalid/p/760
2026-09-03,Argentina,caminar todos los días me ayudó con la presión,@usuario_ficticio_361,https://ejemplo.invalid/p/761
2026-09-08,Colombia,"el Vasotril funciona bien, la presión mejoró https://ejemplo.invalid/p/762",@usuario_ficticio_362,https://ejemplo.invalid/p/762
2026-08-26,Uruguay,Calcimar D recomendado por mi médica,@usuario_ficticio_363,https://ejemplo.invalid/p/763
2026-08-31,Uruguay,buenísimo el programa para controlar la diabetes,@usuario_ficticio_364,https://ejemplo.invalid/p/764
2026-08-14,México,"no hay Glucofin en la farmacia, desabastecimiento otra vez https://ejemplo.invalid/p/765 @cuenta_ficticia",@usuario_ficticio_365,https://ejemplo.invalid/p/765
2026-09-14,México,buenísimo el programa para controlar la diabetes,@usuario_ficticio_366,https://ejemplo.invalid/p/766
2026-09-06,México,caminar todos los días me ayudó con la presión,@usuario_ficticio_367,https://ejemplo.invalid/p/767
2026-07-24,Colombia,"no hay Glucofin en la farmacia, desabastecimiento otra vez https://ejemplo.invalid/p/768",@usuario_ficticio_368,https://ejemplo.invalid/p/768
2026-08-04,México,"no hay Glucofin en la farmacia, desabastecimiento otra vez",@usuario_ficticio_369,https://ejemplo.invalid/p/769
2026-08-17,Colombia,la hipertensión es un problema grave y nadie habla @cuenta_ficticia,@usuario_ficticio_370,https://ejemplo.invalid/p/770
2026-07-02,Uruguay,"el Vasotril funciona bien, la presión mejoró https://ejemplo.invalid/p/771",@usuario_ficticio_371,https://ejemplo.invalid/p/771
2026-09-04,Colombia,"no hay Glucofin en la farmacia, desabastecimiento otra vez",@usuario_ficticio_372,https://ejemplo.invalid/p/772
2026-08-30,Uruguay,Calcimar D recomendado por mi médica,@usuario_ficticio_373,https://ejemplo.invalid/p/773
2026-09-04,Chile,con la diabetes el control de glucosa es un problema https://ejemplo.invalid/p/774,@usuario_ficticio_374,https://ejemplo.invalid/p/774
2026-07-09,México,me diagnosticaron presión alta y no sé qué comer @cuenta_ficticia,@usuario_ficticio_375,https://ejemplo.invalid/p/775
2026-07-06,Chile,Vitalix está carísimo,@usuario_ficticio_376,https://ejemplo.invalid/p/776
2026-07-17,Uruguay,"Vasotril me hizo mal, tuve mareos https://ejemplo.invalid/p/777",@usuario_ficticio_377,https://ejemplo.invalid/p/777
2026-07-18,Chile,"Vasotril me hizo mal, tuve mareos",@usuario_ficticio_378,https://ejemplo.invalid/p/778
2026-08-19,Chile,"Vasotril me hizo mal, tuve mareos",@usuario_ficticio_379,https://ejemplo.invalid/p/779
2026-08-03,Argentina,"Vasotril me hizo mal, tuve mareos https://ejemplo.invalid/p/780 @cuenta_ficticia",@usuario_ficticio_380,https://ejemplo.invalid/p/780
2026-08-04,México,la hipertensión es un problema grave y nadie habla,@usuario_ficticio_381,https://ejemplo.invalid/p/781
2026-07-04,México,"Vitalix me encanta, excelente para arrancar el día",@usuario_ficticio_382,https://ejemplo.invalid/p/782
2026-08-05,Colombia,con la diabetes el control de glucosa es un problema https://ejemplo.invalid/p/783,@usuario_ficticio_383,https://ejemplo.invalid/p/783
2026-08-13,Chile,buenísimo el programa para controlar la diabetes,@usuario_ficticio_384,https://ejemplo.invalid/p/784
2026-07-29,Perú,caminar todos los días me ayudó con la presión @cuenta_ficticia,@usuario_ficticio_385,https://ejemplo.invalid/p/785
2026-09-04,Argentina,"Vitalix me encanta, excelente para arrancar el día https://ejemplo.invalid/p/786",@usuario_ficticio_386,https://ejemplo.invalid/p/786
2026-07-01,México,"no hay Glucofin en la farmacia, desabastecimiento otra vez",@usuario_ficticio_387,https://ejemplo.invalid/p/787
2026-07-19,Argentina,caminar todos los días me ayudó con la presión,@usuario_ficticio_388,https://ejemplo.invalid/p/788
2026-07-16,México,caminar todos los días me ayudó con la presión https://ejemplo.invalid/p/789,@usuario_ficticio_389,https://ejemplo.invalid/p/789
2026-08-19,Argentina,me diagnosticaron presión alta y no sé qué comer @cuenta_ficticia,@usuario_ficticio_390,https://ejemplo.invalid/p/790
2026-08-18,México,con la diabetes el control de glucosa es un problema,@usuario_ficticio_391,https://ejemplo.invalid/p/791
2026-07-28,México,la hipertensión es un problema grave y nadie habla https://ejemplo.invalid/p/792,@usuario_ficticio_392,https://ejemplo.invalid/p/792
2026-08-08,México,buenísimo el programa para controlar la diabetes,@usuario_ficticio_393,https://ejemplo.invalid/p/793
2026-08-30,Argentina,buenísimo el programa para controlar la diabetes,@usuario_ficticio_394,https://ejemplo.invalid/p/794
2026-08-06,México,buenísimo el programa para controlar la diabetes https://ejemplo.invalid/p/795 @cuenta_ficticia,@usuario_ficticio_395,https://ejemplo.invalid/p/795
2026-07-08,Chile,Calcimar D recomendado por mi médica,@usuario_ficticio_396,https://ejemplo.invalid/p/796
2026-07-05,México,"Vitalix me encanta, excelente para arrancar el día",@usuario_ficticio_397,https://ejemplo.invalid/p/797
2026-07-23,Brasil,"no hay Glucofin en la farmacia, desabastecimiento otra vez https://ejemplo.invalid/p/798",@usuario_ficticio_398,https://ejemplo.invalid/p/798
2026-08-09,Argentina,caminar todos los días me ayudó con la presión,@usuario_ficticio_399,https://ejemplo.invalid/p/799
2026-08-14,Brasil,la hipertensión es un problema grave y nadie habla @cuenta_ficticia,@usuario_ficticio_0,https://ejemplo.invalid/p/800
2026-09-20,Colombia,buenísimo el programa para controlar la diabetes https://ejemplo.invalid/p/801,@usuario_ficticio_1,https://ejemplo.invalid/p/801
2026-08-20,Uruguay,me diagnosticaron presión alta y no sé qué comer,@usuario_ficticio_2,https://ejemplo.invalid/p/802
2026-08-29,México,buenísimo el programa para controlar la diabetes,@usuario_ficticio_3,https://ejemplo.invalid/p/803
2026-07-15,Chile,la hipertensión es un problema grave y nadie habla https://ejemplo.invalid/p/804,@usuario_ficticio_4,https://ejemplo.invalid/p/804
2026-07-04,Perú,"el Vasotril funciona bien, la presión mejoró @cuenta_ficticia",@usuario_ficticio_5,https://ejemplo.invalid/p/805
2026-07-08,México,buenísimo el programa para controlar la diabetes,@usuario_ficticio_6,https://ejemplo.invalid/p/806
2026-07-28,Uruguay,"el Vasotril funciona bien, la presión mejoró https://ejemplo.invalid/p/807",@usuario_ficticio_7,https://ejemplo.invalid/p/807
2026-07-27,Brasil,"no hay Glucofin en la farmacia, desabastecimiento otra vez",@usuario_ficticio_8,https://ejemplo.invalid/p/808
2026-07-01,Argentina,"Vitalix me encanta, excelente para arrancar el día",@usuario_ficticio_9,https://ejemplo.invalid/p/809
2026-07-01,Argentina,"no hay Glucofin en la farmacia, desabastecimiento otra vez https://ejemplo.invalid/p/810 @cuenta_ficticia",@usuario_ficticio_10,https://ejemplo.invalid/p/810
2026-07-10,Colombia,buenísimo el programa para controlar la diabetes,@usuario_ficticio_11,https://ejemplo.invalid/p/811
2026-08-21,Chile,me diagnosticaron presión alta y no sé qué comer,@usuario_ficticio_12,https://ejemplo.invalid/p/812
2026-09-16,Chile,la hipertensión es un problema grave y nadie habla https://ejemplo.invalid/p/813,@usuario_ficticio_13,https://ejemplo.invalid/p/813
2026-09-12,Colombia,"Vasotril me hizo mal, tuve mareos",@usuario_ficticio_14,https://ejemplo.invalid/p/814
2026-08-17,Brasil,mi vieja tiene osteoporosis y le duele todo @cuenta_ficticia,@usuario_ficticio_15,https://ejemplo.invalid/p/815
2026-08-03,Uruguay,con la diabetes el control de glucosa es un problema https://ejemplo.invalid/p/816,@usuario_ficticio_16,https://ejemplo.invalid/p/816
2026-08-15,Chile,me diagnosticaron presión alta y no sé qué comer,@usuario_ficticio_17,https://ejemplo.invalid/p/817
2026-09-12,Brasil,buenísimo el programa para controlar la diabetes,@usuario_ficticio_18,https://ejemplo.invalid/p/818
2026-08-02,Argentina,"Vasotril me hizo mal, tuve mareos https://ejemplo.invalid/p/819",@usuario_ficticio_19,https://ejemplo.invalid/p/819
2026-07-13,Colombia,me diagnosticaron presión alta y no sé qué comer @cuenta_ficticia,@usuario_ficticio_20,https://ejemplo.invalid/p/820
2026-08-05,México,la hipertensión es un problema grave y nadie habla,@usuario_ficticio_21,https://ejemplo.invalid/p/821
2026-08-16,Colombia,me diagnosticaron presión alta y no sé qué comer https://ejemplo.invalid/p/822,@usuario_ficticio_22,https://ejemplo.invalid/p/822
2026-08-30,Colombia,mi vieja tiene osteoporosis y le duele todo,@usuario_ficticio_23,https://ejemplo.invalid/p/823
2026-07-26,México,Calcimar D recomendado por mi médica,@usuario_ficticio_24,https://ejemplo.invalid/p/824
2026-07-10,Uruguay,Vitalix está carísimo https://ejemplo.invalid/p/825 @cuenta_ficticia,@usuario_ficticio_25,https://ejemplo.invalid/p/825
2026-08-19,México,Calcimar D recomendado por mi médica,@usuario_ficticio_26,https://ejemplo.invalid/p/826
2026-07-04,Chile,"Vasotril me hizo mal, tuve mareos",@usuario_ficticio_27,https://ejemplo.invalid/p/827
2026-09-11,Argentina,mi vieja tiene osteoporosis y le duele todo https://ejemplo.invalid/p/828,@usuario_ficticio_28,https://ejemplo.invalid/p/828
2026-08-28,Uruguay,mi vieja tiene osteoporosis y le duele todo,@usuario_ficticio_29,https://ejemplo.invalid/p/829
2026-09-15,Colombia,con la diabetes el control de glucosa es un problema @cuenta_ficticia,@usuario_ficticio_30,https://ejemplo.invalid/p/830
2026-07-22,Argentina,con la diabetes el control de glucosa es un problema https://ejemplo.invalid/p/831,@usuario_ficticio_31,https://ejemplo.invalid/p/831
2026-09-05,Argentina,buenísimo el programa para controlar la diabetes,@usuario_ficticio_32,https://ejemplo.invalid/p/832
2026-09-21,Chile,me diagnosticaron presión alta y no sé qué comer,@usuario_ficticio_33,https://ejemplo.invalid/p/833
2026-08-07,Chile,"no hay Glucofin en la farmacia, desabastecimiento otra vez https://ejemplo.invalid/p/834",@usuario_ficticio_34,https://ejemplo.invalid/p/834
2026-08-11,México,"Vitalix me encanta, excelente para arrancar el día @cuenta_ficticia",@usuario_ficticio_35,https://ejemplo.invalid/p/835
2026-08-29,México,"no hay Glucofin en la farmacia, desabastecimiento otra vez",@usuario_ficticio_36,https://ejemplo.invalid/p/836
2026-09-14,México,mi vieja tiene osteoporosis y le duele todo https://ejemplo.invalid/p/837,@usuario_ficticio_37,https://ejemplo.invalid/p/837
2026-08-17,Argentina,"Vasotril me hizo mal, tuve mareos",@usuario_ficticio_38,https://ejemplo.invalid/p/838
2026-08-21,Argentina,mi vieja tiene osteoporosis y le duele todo,@usuario_ficticio_39,https://ejemplo.invalid/p/839
2026-09-22,Perú,Vitalix está carísimo https://ejemplo.invalid/p/840 @cuenta_ficticia,@usuario_ficticio_40,https://ejemplo.invalid/p/840
2026-09-18,México,con la diabetes el control de glucosa es un problema,@usuario_ficticio_41,https://ejemplo.invalid/p/841
2026-08-06,Uruguay,mi vieja tiene osteoporosis y le duele todo,@usuario_ficticio_42,https://ejemplo.invalid/p/842
2026-09-20,Argentina,Calcimar D recomendado por mi médica https://ejemplo.invalid/p/843,@usuario_ficticio_43,https://ejemplo.invalid/p/843
2026-07-07,Perú,"Vasotril me hizo mal, tuve mareos",@usuario_ficticio_44,https://ejemplo.invalid/p/844
2026-09-17,México,buenísimo el programa para controlar la diabetes @cuenta_ficticia,@usuario_ficticio_45,https://ejemplo.invalid/p/845
2026-07-02,Chile,"Vasotril me hizo mal, tuve mareos https://ejemplo.invalid/p/846",@usuario_ficticio_46,https://ejemplo.invalid/p/846
2026-07-23,Perú,mi vieja tiene osteoporosis y le duele todo,@usuario_ficticio_47,https://ejemplo.invalid/p/847
2026-07-16,Colombia,Vitalix está carísimo,@usuario_ficticio_48,https://ejemplo.invalid/p/848
2026-09-08,Argentina,la hipertensión es un problema grave y nadie habla https://ejemplo.invalid/p/849,@usuario_ficticio_49,https://ejemplo.invalid/p/849
2026-08-07,Chile,mi vieja tiene osteoporosis y le duele todo @cuenta_ficticia,@usuario_ficticio_50,https://ejemplo.invalid/p/850
2026-08-09,Brasil,"Vasotril me hizo mal, tuve mareos",@usuario_ficticio_51,https://ejemplo.invalid/p/851
2026-09-21,Chile,"Vasotril me hizo mal, tuve mareos https://ejemplo.invalid/p/852",@usuario_ficticio_52,https://ejemplo.invalid/p/852
2026-07-19,Argentina,buenísimo el programa para controlar la diabetes,@usuario_ficticio_53,https://ejemplo.invalid/p/853
2026-08-21,Argentina,me diagnosticaron presión alta y no sé qué comer,@usuario_ficticio_54,https://ejemplo.invalid/p/854
2026-08-18,Argentina,buenísimo el programa para controlar la diabetes https://ejemplo.invalid/p/855 @cuenta_ficticia,@usuario_ficticio_55,https://ejemplo.invalid/p/855
2026-07-06,Argentina,caminar todos los días me ayudó con la presión,@usuario_ficticio_56,https://ejemplo.invalid/p/856
2026-08-01,Colombia,caminar todos los días me ayudó con la presión,@usuario_ficticio_57,https://ejemplo.invalid/p/857
2026-09-08,Chile,caminar todos los días me ayudó con la presión https://ejemplo.invalid/p/858,@usuario_ficticio_58,https://ejemplo.invalid/p/858
2026-08-30,México,buenísimo el programa para controlar la diabetes,@usuario_ficticio_59,https://ejemplo.invalid/p/859
2026-07-22,México,me diagnosticaron presión alta y no sé qué comer @cuenta_ficticia,@usuario_ficticio_60,https://ejemplo.invalid/p/860
2026-08-21,Argentina,"el Vasotril funciona bien, la presión mejoró https://ejemplo.invalid/p/861",@usuario_ficticio_61,https://ejemplo.invalid/p/861
2026-09-04,Colombia,la hipertensión es un problema grave y nadie habla,@usuario_ficticio_62,https://ejemplo.invalid/p/862
2026-09-09,Uruguay,"Vitalix me encanta, excelente para arrancar el día",@usuario_ficticio_63,https://ejemplo.invalid/p/863
2026-08-22,Chile,buenísimo el programa para controlar la diabetes https://ejemplo.invalid/p/864,@usuario_ficticio_64,https://ejemplo.invalid/p/864
2026-07-11,México,"el Vasotril funciona bien, la presión mejoró @cuenta_ficticia",@usuario_ficticio_65,https://ejemplo.invalid/p/865
2026-08-17,Brasil,Calcimar D recomendado por mi médica,@usuario_ficticio_66,https://ejemplo.invalid/p/866
2026-08-25,Brasil,buenísimo el programa para controlar la diabetes https://ejemplo.invalid/p/867,@usuario_ficticio_67,https://ejemplo.invalid/p/867
2026-08-10,Perú,buenísimo el programa para controlar la diabetes,@usuario_ficticio_68,https://ejemplo.invalid/p/868
2026-08-22,Chile,me diagnosticaron presión alta y no sé qué comer,@usuario_ficticio_69,https://ejemplo.invalid/p/869
2026-09-09,México,Calcimar D recomendado por mi médica https://ejemplo.invalid/p/870 @cuenta_ficticia,@usuario_ficticio_70,https://ejemplo.invalid/p/870
2026-08-06,Uruguay,con la diabetes el control de glucosa es un problema,@usuario_ficticio_71,https://ejemplo.invalid/p/871
2026-09-15,Perú,"no hay Glucofin en la farmacia, desabastecimiento otra vez",@usuario_ficticio_72,https://ejemplo.invalid/p/872
2026-08-24,Argentina,Calcimar D recomendado por mi médica https://ejemplo.invalid/p/873,@usuario_ficticio_73,https://ejemplo.invalid/p/873
2026-08-16,Chile,la hipertensión es un problema grave y nadie habla,@usuario_ficticio_74,https://ejemplo.invalid/p/874
2026-09-18,Brasil,con la diabetes el control de glucosa es un problema @cuenta_ficticia,@usuario_ficticio_75,https://ejemplo.invalid/p/875
2026-09-06,Chile,con la diabetes el control de glucosa es un problema https://ejemplo.invalid/p/876,@usuario_ficticio_76,https://ejemplo.invalid/p/876
2026-08-07,Colombia,"Vasotril me hizo mal, tuve mareos",@usuario_ficticio_77,https://ejemplo.invalid/p/877
2026-09-06,Brasil,con la diabetes el control de glucosa es un problema,@usuario_ficticio_78,https://ejemplo.invalid/p/878
2026-07-21,México,"Vitalix me encanta, excelente para arrancar el día https://ejemplo.invalid/p/879",@usuario_ficticio_79,https://ejemplo.invalid/p/879
2026-09-09,Chile,buenísimo el programa para controlar la diabetes @cuenta_ficticia,@usuario_ficticio_80,https://ejemplo.invalid/p/880
2026-07-31,Uruguay,buenísimo el programa para controlar la diabetes,@usuario_ficticio_81,https://ejemplo.invalid/p/881
2026-09-01,Brasil,"no hay Glucofin en la farmacia, desabastecimiento otra vez https://ejemplo.invalid/p/882",@usuario_ficticio_82,https://ejemplo.invalid/p/882
2026-07-20,México,con la diabetes el control de glucosa es un problema,@usuario_ficticio_83,https://ejemplo.invalid/p/883
2026-09-19,Brasil,Vitalix está carísimo,@usuario_ficticio_84,https://ejemplo.invalid/p/884
2026-09-11,Chile,buenísimo el programa para controlar la diabetes https://ejemplo.invalid/p/885 @cuenta_ficticia,@usuario_ficticio_85,https://ejemplo.invalid/p/885
2026-08-29,México,"no hay Glucofin en la farmacia, desabastecimiento otra vez",@usuario_ficticio_86,https://ejemplo.invalid/p/886
2026-07-16,Colombia,"el Vasotril funciona bien, la presión mejoró",@usuario_ficticio_87,https://ejemplo.invalid/p/887
2026-08-23,Uruguay,la hipertensión es un problema grave y nadie habla https://ejemplo.invalid/p/888,@usuario_ficticio_88,https://ejemplo.invalid/p/888
2026-08-13,Argentina,mi vieja tiene osteoporosis y le duele todo,@usuario_ficticio_89,https://ejemplo.invalid/p/889
2026-07-03,Argentina,"el Vasotril funciona bien, la presión mejoró @cuenta_ficticia",@usuario_ficticio_90,https://ejemplo.invalid/p/890
2026-09-15,México,buenísimo el programa para controlar la diabetes https://ejemplo.invalid/p/891,@usuario_ficticio_91,https://ejemplo.invalid/p/891
2026-09-07,Colombia,buenísimo el programa para controlar la diabetes,@usuario_ficticio_92,https://ejemplo.invalid/p/892
2026-09-16,Argentina,Vitalix está carísimo,@usuario_ficticio_93,https://ejemplo.invalid/p/893
2026-08-15,México,me diagnosticaron presión alta y no sé qué comer https://ejemplo.invalid/p/894,@usuario_ficticio_94,https://ejemplo.invalid/p/894
2026-09-03,México,"Vitalix me encanta, excelente para arrancar el día @cuenta_ficticia",@usuario_ficticio_95,https://ejemplo.invalid/p/895
2026-09-12,México,con la diabetes el control de glucosa es un problema,@usuario_ficticio_96,https://ejemplo.invalid/p/896
2026-07-20,México,"Vasotril me hizo mal, tuve mareos https://ejemplo.invalid/p/897",@usuario_ficticio_97,https://ejemplo.invalid/p/897
2026-08-22,Brasil,"Vitalix me encanta, excelente para arrancar el día",@usuario_ficticio_98,https://ejemplo.invalid/p/898
2026-09-05,Colombia,me diagnosticaron presión alta y no sé qué comer,@usuario_ficticio_99,https://ejemplo.invalid/p/899
2026-08-31,Chile,"no hay Glucofin en la farmacia, desabastecimiento otra vez https://ejemplo.invalid/p/900 @cuenta_ficticia",@usuario_ficticio_100,https://ejemplo.invalid/p/900
2026-08-02,Argentina,caminar todos los días me ayudó con la presión,@usuario_ficticio_101,https://ejemplo.invalid/p/901
2026-09-08,México,caminar todos los días me ayudó con la presión,@usuario_ficticio_102,https://ejemplo.invalid/p/902
2026-08-12,Chile,"no hay Glucofin en la farmacia, desabastecimiento otra vez https://ejemplo.invalid/p/903",@usuario_ficticio_103,https://ejemplo.invalid/p/903
2026-09-01,Brasil,"no hay Glucofin en la farmacia, desabastecimiento otra vez",@usuario_ficticio_104,https://ejemplo.invalid/p/904
2026-08-03,Brasil,"Vitalix me encanta, excelente para arrancar el día @cuenta_ficticia",@usuario_ficticio_105,https://ejemplo.invalid/p/905
2026-08-08,Uruguay,buenísimo el programa para controlar la diabetes https://ejemplo.invalid/p/906,@usuario_ficticio_106,https://ejemplo.invalid/p/906
2026-09-07,México,"no hay Glucofin en la farmacia, desabastecimiento otra vez",@usuario_ficticio_107,https://ejemplo.invalid/p/907
2026-08-13,México,"Vitalix me encanta, excelente para arrancar el día",@usuario_ficticio_108,https://ejemplo.invalid/p/908
2026-07-27,Argentina,Vitalix está carísimo https://ejemplo.invalid/p/909,@usuario_ficticio_109,https://ejemplo.invalid/p/909
2026-08-07,México,"Vitalix me encanta, excelente para arrancar el día @cuenta_ficticia",@usuario_ficticio_110,https://ejemplo.invalid/p/910
2026-08-17,Argentina,mi vieja tiene osteoporosis y le duele todo,@usuario_ficticio_111,https://ejemplo.invalid/p/911
2026-07-25,Colombia,"el Vasotril funciona bien, la presión mejoró https://ejemplo.invalid/p/912",@usuario_ficticio_112,https://ejemplo.invalid/p/912
2026-07-13,Chile,"Vasotril me hizo mal, tuve mareos",@usuario_ficticio_113,https://ejemplo.invalid/p/913
2026-07-22,Colombia,Vitalix está carísimo,@usuario_ficticio_114,https://ejemplo.invalid/p/914
2026-09-12,Uruguay,me diagnosticaron presión alta y no sé qué comer https://ejemplo.invalid/p/915 @cuenta_ficticia,@usuario_ficticio_115,https://ejemplo.invalid/p/915
2026-07-02,México,buenísimo el programa para controlar la diabetes,@usuario_ficticio_116,https://ejemplo.invalid/p/916
2026-08-18,México,buenísimo el programa para controlar la diabetes,@usuario_ficticio_117,https://ejemplo.invalid/p/917
2026-07-24,Colombia,buenísimo el programa para controlar la diabetes https://ejemplo.invalid/p/918,@usuario_ficticio_118,https://ejemplo.invalid/p/918
2026-07-18,Brasil,Vitalix está carísimo,@usuario_ficticio_119,https://ejemplo.invalid/p/919
2026-09-03,Colombia,"el Vasotril funciona bien, la presión mejoró @cuenta_ficticia",@usuario_ficticio_120,https://ejemplo.invalid/p/920
2026-08-30,México,Vitalix está carísimo https://ejemplo.invalid/p/921,@usuario_ficticio_121,https://ejemplo.invalid/p/921
2026-09-22,México,me diagnosticaron presión alta y no sé qué comer,@usuario_ficticio_122,https://ejemplo.invalid/p/922
2026-07-24,Argentina,caminar todos los días me ayudó con la presión,@usuario_ficticio_123,https://ejemplo.invalid/p/923
2026-08-07,Argentina,me diagnosticaron presión alta y no sé qué comer https://ejemplo.invalid/p/924,@usuario_ficticio_124,https://ejemplo.invalid/p/924
2026-09-19,Brasil,caminar todos los días me ayudó con la presión @cuenta_ficticia,@usuario_ficticio_125,https://ejemplo.invalid/p/925
2026-08-07,Uruguay,la hipertensión es un problema grave y nadie habla,@usuario_ficticio_126,https://ejemplo.invalid/p/926
2026-08-05,México,con la diabetes el control de glucosa es un problema https://ejemplo.invalid/p/927,@usuario_ficticio_127,https://ejemplo.invalid/p/927
2026-07-15,México,"Vitalix me encanta, excelente para arrancar el día",@usuario_ficticio_128,https://ejemplo.invalid/p/928
2026-07-26,Argentina,caminar todos los días me ayudó con la presión,@usuario_ficticio_129,https://ejemplo.invalid/p/929
2026-07-08,México,con la diabetes el control de glucosa es un problema https://ejemplo.invalid/p/930 @cuenta_ficticia,@usuario_ficticio_130,https://ejemplo.invalid/p/930
2026-07-29,México,Vitalix está carísimo,@usuario_ficticio_131,https://ejemplo.invalid/p/931
2026-09-14,Brasil,"el Vasotril funciona bien, la presión mejoró",@usuario_ficticio_132,https://ejemplo.invalid/p/932
2026-08-15,Argentina,la hipertensión es un problema grave y nadie habla https://ejemplo.invalid/p/933,@usuario_ficticio_133,https://ejemplo.invalid/p/933
2026-08-22,Argentina,mi vieja tiene osteoporosis y le duele todo,@usuario_ficticio_134,https://ejemplo.invalid/p/934
2026-07-11,Colombia,Calcimar D recomendado por mi médica @cuenta_ficticia,@usuario_ficticio_135,https://ejemplo.invalid/p/935
2026-07-16,Argentina,Vitalix está carísimo https://ejemplo.invalid/p/936,@usuario_ficticio_136,https://ejemplo.invalid/p/936
2026-09-10,Argentina,mi vieja tiene osteoporosis y le duele todo,@usuario_ficticio_137,https://ejemplo.invalid/p/937
2026-07-17,Argentina,Calcimar D recomendado por mi médica,@usuario_ficticio_138,https://ejemplo.invalid/p/938
2026-07-03,México,la hipertensión es un problema grave y nadie habla https://ejemplo.invalid/p/939,@usuario_ficticio_139,https://ejemplo.invalid/p/939
2026-09-09,México,buenísimo el programa para controlar la diabetes @cuenta_ficticia,@usuario_ficticio_140,https://ejemplo.invalid/p/940
2026-09-03,Perú,"no hay Glucofin en la farmacia, desabastecimiento otra vez",@usuario_ficticio_141,https://ejemplo.invalid/p/941
2026-07-03,México,con la diabetes el control de glucosa es un problema https://ejemplo.invalid/p/942,@usuario_ficticio_142,https://ejemplo.invalid/p/942
2026-08-20,Brasil,caminar todos los días me ayudó con la presión,@usuario_ficticio_143,https://ejemplo.invalid/p/943
2026-08-04,Colombia,"no hay Glucofin en la farmacia, desabastecimiento otra vez",@usuario_ficticio_144,https://ejemplo.invalid/p/944
2026-07-01,México,con la diabetes el control de glucosa es un problema https://ejemplo.invalid/p/945 @cuenta_ficticia,@usuario_ficticio_145,https://ejemplo.invalid/p/945
2026-07-10,Chile,Calcimar D recomendado por mi médica,@usuario_ficticio_146,https://ejemplo.invalid/p/946
2026-09-17,Argentina,"Vitalix me encanta, excelente para arrancar el día",@usuario_ficticio_147,https://ejemplo.invalid/p/947
2026-09-19,Argentina,buenísimo el programa para controlar la diabetes https://ejemplo.invalid/p/948,@usuario_ficticio_148,https://ejemplo.invalid/p/948
2026-07-10,Argentina,con la diabetes el control de glucosa es un problema,@usuario_ficticio_149,https://ejemplo.invalid/p/949
2026-09-11,Argentina,"Vasotril me hizo mal, tuve mareos @cuenta_ficticia",@usuario_ficticio_150,https://ejemplo.invalid/p/950
2026-07-18,México,Vitalix está carísimo https://ejemplo.invalid/p/951,@usuario_ficticio_151,https://ejemplo.invalid/p/951
2026-07-22,México,"no hay Glucofin en la farmacia, desabastecimiento otra vez",@usuario_ficticio_152,https://ejemplo.invalid/p/952
2026-08-09,Colombia,Vitalix está carísimo,@usuario_ficticio_153,https://ejemplo.invalid/p/953
2026-09-03,México,la hipertensión es un problema grave y nadie habla https://ejemplo.invalid/p/954,@usuario_ficticio_154,https://ejemplo.invalid/p/954
2026-07-12,Argentina,"el Vasotril funciona bien, la presión mejoró @cuenta_ficticia",@usuario_ficticio_155,https://ejemplo.invalid/p/955
2026-07-27,México,caminar todos los días me ayudó con la presión,@usuario_ficticio_156,https://ejemplo.invalid/p/956
2026-08-03,Chile,con la diabetes el control de glucosa es un problema https://ejemplo.invalid/p/957,@usuario_ficticio_157,https://ejemplo.invalid/p/957
2026-07-30,México,"Vitalix me encanta, excelente para arrancar el día",@usuario_ficticio_158,https://ejemplo.invalid/p/958
2026-09-01,México,Calcimar D recomendado por mi médica,@usuario_ficticio_159,https://ejemplo.invalid/p/959
2026-08-26,Uruguay,la hipertensión es un problema grave y nadie habla https://ejemplo.invalid/p/960 @cuenta_ficticia,@usuario_ficticio_160,https://ejemplo.invalid/p/960
2026-09-01,Argentina,"Vasotril me hizo mal, tuve mareos",@usuario_ficticio_161,https://ejemplo.invalid/p/961
2026-08-14,México,mi vieja tiene osteoporosis y le duele todo,@usuario_ficticio_162,https://ejemplo.invalid/p/962
2026-07-02,Brasil,"Vasotril me hizo mal, tuve mareos https://ejemplo.invalid/p/963",@usuario_ficticio_163,https://ejemplo.invalid/p/963
2026-08-09,México,Vitalix está carísimo,@usuario_ficticio_164,https://ejemplo.invalid/p/964
2026-08-24,Chile,me diagnosticaron presión alta y no sé qué comer @cuenta_ficticia,@usuario_ficticio_165,https://ejemplo.invalid/p/965
2026-07-14,Perú,"Vitalix me encanta, excelente para arrancar el día https://ejemplo.invalid/p/966",@usuario_ficticio_166,https://ejemplo.invalid/p/966
2026-07-17,Uruguay,con la diabetes el control de glucosa es un problema,@usuario_ficticio_167,https://ejemplo.invalid/p/967
2026-08-04,Chile,"no hay Glucofin en la farmacia, desabastecimiento otra vez",@usuario_ficticio_168,https://ejemplo.invalid/p/968
2026-09-18,México,Calcimar D recomendado por mi médica https://ejemplo.invalid/p/969,@usuario_ficticio_169,https://ejemplo.invalid/p/969
2026-08-01,Argentina,buenísimo el programa para controlar la diabetes @cuenta_ficticia,@usuario_ficticio_170,https://ejemplo.invalid/p/970
2026-09-06,Argentina,"Vitalix me encanta, excelente para arrancar el día",@usuario_ficticio_171,https://ejemplo.invalid/p/971
2026-08-08,Argentina,"Vitalix me encanta, excelente para arrancar el día https://ejemplo.invalid/p/972",@usuario_ficticio_172,https://ejemplo.invalid/p/972
2026-09-21,Argentina,"Vitalix me encanta, excelente para arrancar el día",@usuario_ficticio_173,https://ejemplo.invalid/p/973
2026-07-27,Chile,"Vasotril me hizo mal, tuve mareos",@usuario_ficticio_174,https://ejemplo.invalid/p/974
2026-09-16,México,Vitalix está carísimo https://ejemplo.invalid/p/975 @cuenta_ficticia,@usuario_ficticio_175,https://ejemplo.invalid/p/975
2026-09-21,Brasil,Vitalix está carísimo,@usuario_ficticio_176,https://ejemplo.invalid/p/976
2026-09-10,Chile,"Vitalix me encanta, excelente para arrancar el día",@usuario_ficticio_177,https://ejemplo.invalid/p/977
2026-09-13,México,"no hay Glucofin en la farmacia, desabastecimiento otra vez https://ejemplo.invalid/p/978",@usuario_ficticio_178,https://ejemplo.invalid/p/978
2026-07-03,Brasil,caminar todos los días me ayudó con la presión,@usuario_ficticio_179,https://ejemplo.invalid/p/979
2026-09-16,Argentina,"Vasotril me hizo mal, tuve mareos @cuenta_ficticia",@usuario_ficticio_180,https://ejemplo.invalid/p/980
2026-07-15,Perú,con la diabetes el control de glucosa es un problema https://ejemplo.invalid/p/981,@usuario_ficticio_181,https://ejemplo.invalid/p/981
2026-07-28,Argentina,la hipertensión es un problema grave y nadie habla,@usuario_ficticio_182,https://ejemplo.invalid/p/982
2026-08-15,Chile,mi vieja tiene osteoporosis y le duele todo,@usuario_ficticio_183,https://ejemplo.invalid/p/983
2026-09-19,Chile,"Vasotril me hizo mal, tuve mareos https://ejemplo.invalid/p/984",@usuario_ficticio_184,https://ejemplo.invalid/p/984
2026-07-31,Chile,"Vasotril me hizo mal, tuve mareos @cuenta_ficticia",@usuario_ficticio_185,https://ejemplo.invalid/p/985
2026-08-11,Colombia,me diagnosticaron presión alta y no sé qué comer,@usuario_ficticio_186,https://ejemplo.invalid/p/986
2026-08-29,México,"Vasotril me hizo mal, tuve mareos https://ejemplo.invalid/p/987",@usuario_ficticio_187,https://ejemplo.invalid/p/987
2026-07-20,Chile,"no hay Glucofin en la farmacia, desabastecimiento otra vez",@usuario_ficticio_188,https://ejemplo.invalid/p/988
2026-08-27,México,con la diabetes el control de glucosa es un problema,@usuario_ficticio_189,https://ejemplo.invalid/p/989
2026-07-03,Brasil,buenísimo el programa para controlar la diabetes https://ejemplo.invalid/p/990 @cuenta_ficticia,@usuario_ficticio_190,https://ejemplo.invalid/p/990
2026-08-26,Brasil,"Vitalix me encanta, excelente para arrancar el día",@usuario_ficticio_191,https://ejemplo.invalid/p/991
2026-08-12,Argentina,"Vasotril me hizo mal, tuve mareos",@usuario_ficticio_192,https://ejemplo.invalid/p/992
2026-09-21,Brasil,"no hay Glucofin en la farmacia, desabastecimiento otra vez https://ejemplo.invalid/p/993",@usuario_ficticio_193,https://ejemplo.invalid/p/993
2026-08-28,Uruguay,buenísimo el programa para controlar la diabetes,@usuario_ficticio_194,https://ejemplo.invalid/p/994
2026-09-20,México,la hipertensión es un problema grave y nadie habla @cuenta_ficticia,@usuario_ficticio_195,https://ejemplo.invalid/p/995
2026-07-25,México,la hipertensión es un problema grave y nadie habla https://ejemplo.invalid/p/996,@usuario_ficticio_196,https://ejemplo.invalid/p/996
2026-09-09,México,la hipertensión es un problema grave y nadie habla,@usuario_ficticio_197,https://ejemplo.invalid/p/997
2026-08-29,Uruguay,"Vitalix me encanta, excelente para arrancar el día",@usuario_ficticio_198,https://ejemplo.invalid/p/998
2026-09-01,Brasil,Calcimar D recomendado por mi médica https://ejemplo.invalid/p/999,@usuario_ficticio_199,https://ejemplo.invalid/p/999
2026-08-02,Uruguay,Vitalix está carísimo @cuenta_ficticia,@usuario_ficticio_200,https://ejemplo.invalid/p/1000
2026-07-27,Chile,la hipertensión es un problema grave y nadie habla,@usuario_ficticio_201,https://ejemplo.invalid/p/1001
2026-07-10,Brasil,"el Vasotril funciona bien, la presión mejoró https://ejemplo.invalid/p/1002",@usuario_ficticio_202,https://ejemplo.invalid/p/1002
2026-08-07,Perú,buenísimo el programa para controlar la diabetes,@usuario_ficticio_203,https://ejemplo.invalid/p/1003
2026-08-14,México,mi vieja tiene osteoporosis y le duele todo,@usuario_ficticio_204,https://ejemplo.invalid/p/1004
2026-08-10,Uruguay,mi vieja tiene osteoporosis y le duele todo https://ejemplo.invalid/p/1005 @cuenta_ficticia,@usuario_ficticio_205,https://ejemplo.invalid/p/1005
2026-08-25,Perú,Calcimar D recomendado por mi médica,@usuario_ficticio_206,https://ejemplo.invalid/p/1006
2026-08-24,México,Vitalix está carísimo,@usuario_ficticio_207,https://ejemplo.invalid/p/1007
2026-08-13,Chile,la hipertensión es un problema grave y nadie habla https://ejemplo.invalid/p/1008,@usuario_ficticio_208,https://ejemplo.invalid/p/1008
2026-08-17,Colombia,Vitalix está carísimo,@usuario_ficticio_209,https://ejemplo.invalid/p/1009
2026-09-14,Colombia,me diagnosticaron presión alta y no sé qué comer @cuenta_ficticia,@usuario_ficticio_210,https://ejemplo.invalid/p/1010
2026-08-08,Colombia,"el Vasotril funciona bien, la presión mejoró https://ejemplo.invalid/p/1011",@usuario_ficticio_211,https://ejemplo.invalid/p/1011
2026-07-19,Argentina,"el Vasotril funciona bien, la presión mejoró",@usuario_ficticio_212,https://ejemplo.invalid/p/1012
2026-08-26,Colombia,Calcimar D recomendado por mi médica,@usuario_ficticio_213,https://ejemplo.invalid/p/1013
2026-08-13,Brasil,Calcimar D recomendado por mi médica https://ejemplo.invalid/p/1014,@usuario_ficticio_214,https://ejemplo.invalid/p/1014
2026-08-19,Argentina,Calcimar D recomendado por mi médica @cuenta_ficticia,@usuario_ficticio_215,https://ejemplo.invalid/p/1015
2026-09-11,Uruguay,"Vitalix me encanta, excelente para arrancar el día",@usuario_ficticio_216,https://ejemplo.invalid/p/1016
2026-09-10,Uruguay,Calcimar D recomendado por mi médica https://ejemplo.invalid/p/1017,@usuario_ficticio_217,https://ejemplo.invalid/p/1017
2026-07-02,Brasil,Vitalix está carísimo,@usuario_ficticio_218,https://ejemplo.invalid/p/1018
2026-08-18,Chile,"Vasotril me hizo mal, tuve mareos",@usuario_ficticio_219,https://ejemplo.invalid/p/1019
2026-07-11,Colombia,buenísimo el programa para controlar la diabetes https://ejemplo.invalid/p/1020 @cuenta_ficticia,@usuario_ficticio_220,https://ejemplo.invalid/p/1020
2026-09-04,Uruguay,"Vasotril me hizo mal, tuve mareos",@usuario_ficticio_221,https://ejemplo.invalid/p/1021
2026-09-15,México,mi vieja tiene osteoporosis y le duele todo,@usuario_ficticio_222,https://ejemplo.invalid/p/1022
2026-08-17,Brasil,caminar todos los días me ayudó con la presión https://ejemplo.invalid/p/1023,@usuario_ficticio_223,https://ejemplo.invalid/p/1023
2026-09-03,Brasil,mi vieja tiene osteoporosis y le duele todo,@usuario_ficticio_224,https://ejemplo.invalid/p/1024
2026-08-04,Argentina,me diagnosticaron presión alta y no sé qué comer @cuenta_ficticia,@usuario_ficticio_225,https://ejemplo.invalid/p/1025
2026-08-04,Brasil,Calcimar D recomendado por mi médica https://ejemplo.invalid/p/1026,@usuario_ficticio_226,https://ejemplo.invalid/p/1026
2026-08-21,Argentina,"Vasotril me hizo mal, tuve mareos",@usuario_ficticio_227,https://ejemplo.invalid/p/1027
2026-08-27,Argentina,buenísimo el programa para controlar la diabetes,@usuario_ficticio_228,https://ejemplo.invalid/p/1028
2026-07-06,Colombia,me diagnosticaron presión alta y no sé qué comer https://ejemplo.invalid/p/1029,@usuario_ficticio_229,https://ejemplo.invalid/p/1029
2026-09-13,Argentina,buenísimo el programa para controlar la diabetes @cuenta_ficticia,@usuario_ficticio_230,https://ejemplo.invalid/p/1030
2026-07-08,México,"no hay Glucofin en la farmacia, desabastecimiento otra vez",@usuario_ficticio_231,https://ejemplo.invalid/p/1031
2026-07-03,Brasil,caminar todos los días me ayudó con la presión https://ejemplo.invalid/p/1032,@usuario_ficticio_232,https://ejemplo.invalid/p/1032
2026-08-27,Uruguay,me diagnosticaron presión alta y no sé qué comer,@usuario_ficticio_233,https://ejemplo.invalid/p/1033
2026-09-03,Chile,Vitalix está carísimo,@usuario_ficticio_234,https://ejemplo.invalid/p/1034
2026-07-14,Brasil,"no hay Glucofin en la farmacia, desabastecimiento otra vez https://ejemplo.invalid/p/1035 @cuenta_ficticia",@usuario_ficticio_235,https://ejemplo.invalid/p/1035
2026-08-22,Chile,me diagnosticaron presión alta y no sé qué comer,@usuario_ficticio_236,https://ejemplo.invalid/p/1036
2026-08-22,Perú,Vitalix está carísimo,@usuario_ficticio_237,https://ejemplo.invalid/p/1037
2026-08-22,Argentina,mi vieja tiene osteoporosis y le duele todo https://ejemplo.invalid/p/1038,@usuario_ficticio_238,https://ejemplo.invalid/p/1038
2026-08-10,Brasil,buenísimo el programa para controlar la diabetes,@usuario_ficticio_239,https://ejemplo.invalid/p/1039
2026-09-11,Argentina,caminar todos los días me ayudó con la presión @cuenta_ficticia,@usuario_ficticio_240,https://ejemplo.invalid/p/1040
2026-07-13,Colombia,buenísimo el programa para controlar la diabetes https://ejemplo.invalid/p/1041,@usuario_ficticio_241,https://ejemplo.invalid/p/1041
2026-09-02,México,"el Vasotril funciona bien, la presión mejoró",@usuario_ficticio_242,https://ejemplo.invalid/p/1042
2026-09-10,Argentina,Calcimar D recomendado por mi médica,@usuario_ficticio_243,https://ejemplo.invalid/p/1043
2026-09-04,México,Calcimar D recomendado por mi médica https://ejemplo.invalid/p/1044,@usuario_ficticio_244,https://ejemplo.invalid/p/1044
2026-08-26,México,con la diabetes el control de glucosa es un problema @cuenta_ficticia,@usuario_ficticio_245,https://ejemplo.invalid/p/1045
2026-09-14,México,la hipertensión es un problema grave y nadie habla,@usuario_ficticio_246,https://ejemplo.invalid/p/1046
2026-07-19,Perú,mi vieja tiene osteoporosis y le duele todo https://ejemplo.invalid/p/1047,@usuario_ficticio_247,https://ejemplo.invalid/p/1047
2026-07-31,México,mi vieja tiene osteoporosis y le duele todo,@usuario_ficticio_248,https://ejemplo.invalid/p/1048
2026-07-06,Chile,con la diabetes el control de glucosa es un problema,@usuario_ficticio_249,https://ejemplo.invalid/p/1049
2026-07-03,Argentina,con la diabetes el control de glucosa es un problema https://ejemplo.invalid/p/1050 @cuenta_ficticia,@usuario_ficticio_250,https://ejemplo.invalid/p/1050
2026-09-15,Argentina,me diagnosticaron presión alta y no sé qué comer,@usuario_ficticio_251,https://ejemplo.invalid/p/1051
2026-08-01,Chile,"Vasotril me hizo mal, tuve mareos",@usuario_ficticio_252,https://ejemplo.invalid/p/1052
2026-09-04,México,mi vieja tiene osteoporosis y le duele todo https://ejemplo.invalid/p/1053,@usuario_ficticio_253,https://ejemplo.invalid/p/1053
2026-09-15,Argentina,"no hay Glucofin en la farmacia, desabastecimiento otra vez",@usuario_ficticio_254,https://ejemplo.invalid/p/1054
2026-08-04,México,Vitalix está carísimo @cuenta_ficticia,@usuario_ficticio_255,https://ejemplo.invalid/p/1055
2026-08-25,Uruguay,Vitalix está carísimo https://ejemplo.invalid/p/1056,@usuario_ficticio_256,https://ejemplo.invalid/p/1056
2026-08-24,México,"Vasotril me hizo mal, tuve mareos",@usuario_ficticio_257,https://ejemplo.invalid/p/1057
2026-09-14,Brasil,caminar todos los días me ayudó con la presión,@usuario_ficticio_258,https://ejemplo.invalid/p/1058
2026-08-28,Uruguay,"el Vasotril funciona bien, la presión mejoró https://ejemplo.invalid/p/1059",@usuario_ficticio_259,https://ejemplo.invalid/p/1059
2026-09-10,Colombia,la hipertensión es un problema grave y nadie habla @cuenta_ficticia,@usuario_ficticio_260,https://ejemplo.invalid/p/1060
2026-08-24,Uruguay,Vitalix está carísimo,@usuario_ficticio_261,https://ejemplo.invalid/p/1061
2026-09-08,Colombia,Calcimar D recomendado por mi médica https://ejemplo.invalid/p/1062,@usuario_ficticio_262,https://ejemplo.invalid/p/1062
2026-08-14,Argentina,buenísimo el programa para controlar la diabetes,@usuario_ficticio_263,https://ejemplo.invalid/p/1063
2026-09-04,Argentina,"Vasotril me hizo mal, tuve mareos",@usuario_ficticio_264,https://ejemplo.invalid/p/1064
2026-08-19,México,"el Vasotril funciona bien, la presión mejoró https://ejemplo.invalid/p/1065 @cuenta_ficticia",@usuario_ficticio_265,https://ejemplo.invalid/p/1065
2026-07-15,México,Calcimar D recomendado por mi médica,@usuario_ficticio_266,https://ejemplo.invalid/p/1066
2026-08-31,Chile,Vitalix está carísimo,@usuario_ficticio_267,https://ejemplo.invalid/p/1067
2026-07-11,Argentina,la hipertensión es un problema grave y nadie habla https://ejemplo.invalid/p/1068,@usuario_ficticio_268,https://ejemplo.invalid/p/1068
2026-07-26,Uruguay,con la diabetes el control de glucosa es un problema,@usuario_ficticio_269,https://ejemplo.invalid/p/1069
2026-07-20,Argentina,caminar todos los días me ayudó con la presión @cuenta_ficticia,@usuario_ficticio_270,https://ejemplo.invalid/p/1070
2026-08-19,Argentina,con la diabetes el control de glucosa es un problema https://ejemplo.invalid/p/1071,@usuario_ficticio_271,https://ejemplo.invalid/p/1071
2026-07-23,México,con la diabetes el control de glucosa es un problema,@usuario_ficticio_272,https://ejemplo.invalid/p/1072
2026-08-19,México,caminar todos los días me ayudó con la presión,@usuario_ficticio_273,https://ejemplo.invalid/p/1073
2026-07-23,México,me diagnosticaron presión alta y no sé qué comer https://ejemplo.invalid/p/1074,@usuario_ficticio_274,https://ejemplo.invalid/p/1074
2026-08-31,Colombia,"el Vasotril funciona bien, la presión mejoró @cuenta_ficticia",@usuario_ficticio_275,https://ejemplo.invalid/p/1075
2026-07-21,Colombia,"el Vasotril funciona bien, la presión mejoró",@usuario_ficticio_276,https://ejemplo.invalid/p/1076
2026-08-11,Argentina,mi vieja tiene osteoporosis y le duele todo https://ejemplo.invalid/p/1077,@usuario_ficticio_277,https://ejemplo.invalid/p/1077
2026-08-17,Chile,Vitalix está carísimo,@usuario_ficticio_278,https://ejemplo.invalid/p/1078
2026-07-04,Colombia,mi vieja tiene osteoporosis y le duele todo,@usuario_ficticio_279,https://ejemplo.invalid/p/1079
2026-07-26,México,"Vitalix me encanta, excelente para arrancar el día https://ejemplo.invalid/p/1080 @cuenta_ficticia",@usuario_ficticio_280,https://ejemplo.invalid/p/1080
2026-08-31,Chile,Vitalix está carísimo,@usuario_ficticio_281,https://ejemplo.invalid/p/1081
2026-09-01,Chile,mi vieja tiene osteoporosis y le duele todo,@usuario_ficticio_282,https://ejemplo.invalid/p/1082
2026-07-22,Colombia,Calcimar D recomendado por mi médica https://ejemplo.invalid/p/1083,@usuario_ficticio_283,https://ejemplo.invalid/p/1083
2026-09-04,Brasil,"Vitalix me encanta, excelente para arrancar el día",@usuario_ficticio_284,https://ejemplo.invalid/p/1084
2026-09-09,Argentina,"Vasotril me hizo mal, tuve mareos @cuenta_ficticia",@usuario_ficticio_285,https://ejemplo.invalid/p/1085
2026-09-05,México,"el Vasotril funciona bien, la presión mejoró https://ejemplo.invalid/p/1086",@usuario_ficticio_286,https://ejemplo.invalid/p/1086
2026-07-11,Chile,Vitalix está carísimo,@usuario_ficticio_287,https://ejemplo.invalid/p/1087
2026-08-09,Argentina,Vitalix está carísimo,@usuario_ficticio_288,https://ejemplo.invalid/p/1088
2026-08-23,México,con la diabetes el control de glucosa es un problema https://ejemplo.invalid/p/1089,@usuario_ficticio_289,https://ejemplo.invalid/p/1089
2026-07-30,Argentina,me diagnosticaron presión alta y no sé qué comer @cuenta_ficticia,@usuario_ficticio_290,https://ejemplo.invalid/p/1090
2026-08-13,Uruguay,caminar todos los días me ayudó con la presión,@usuario_ficticio_291,https://ejemplo.invalid/p/1091
2026-08-09,Brasil,buenísimo el programa para controlar la diabetes https://ejemplo.invalid/p/1092,@usuario_ficticio_292,https://ejemplo.invalid/p/1092
2026-07-18,Colombia,"Vitalix me encanta, excelente para arrancar el día",@usuario_ficticio_293,https://ejemplo.invalid/p/1093
2026-07-31,México,Vitalix está carísimo,@usuario_ficticio_294,https://ejemplo.invalid/p/1094
2026-08-17,Colombia,con la diabetes el control de glucosa es un problema https://ejemplo.invalid/p/1095 @cuenta_ficticia,@usuario_ficticio_295,https://ejemplo.invalid/p/1095
2026-08-13,Argentina,"no hay Glucofin en la farmacia, desabastecimiento otra vez",@usuario_ficticio_296,https://ejemplo.invalid/p/1096
2026-08-18,México,caminar todos los días me ayudó con la presión,@usuario_ficticio_297,https://ejemplo.invalid/p/1097
2026-07-21,Argentina,"Vasotril me hizo mal, tuve mareos https://ejemplo.invalid/p/1098",@usuario_ficticio_298,https://ejemplo.invalid/p/1098
2026-08-01,Colombia,"Vitalix me encanta, excelente para arrancar el día",@usuario_ficticio_299,https://ejemplo.invalid/p/1099
2026-07-29,México,Vitalix está carísimo @cuenta_ficticia,@usuario_ficticio_300,https://ejemplo.invalid/p/1100
2026-09-15,México,"el Vasotril funciona bien, la presión mejoró https://ejemplo.invalid/p/1101",@usuario_ficticio_301,https://ejemplo.invalid/p/1101
2026-07-22,Brasil,Vitalix está carísimo,@usuario_ficticio_302,https://ejemplo.invalid/p/1102
2026-08-30,Argentina,Calcimar D recomendado por mi médica,@usuario_ficticio_303,https://ejemplo.invalid/p/1103
2026-07-01,Perú,mi vieja tiene osteoporosis y le duele todo https://ejemplo.invalid/p/1104,@usuario_ficticio_304,https://ejemplo.invalid/p/1104
2026-09-17,Argentina,"no hay Glucofin en la farmacia, desabastecimiento otra vez @cuenta_ficticia",@usuario_ficticio_305,https://ejemplo.invalid/p/1105
2026-07-19,Chile,con la diabetes el control de glucosa es un problema,@usuario_ficticio_306,https://ejemplo.invalid/p/1106
2026-08-30,Brasil,caminar todos los días me ayudó con la presión https://ejemplo.invalid/p/1107,@usuario_ficticio_307,https://ejemplo.invalid/p/1107
2026-09-07,Argentina,mi vieja tiene osteoporosis y le duele todo,@usuario_ficticio_308,https://ejemplo.invalid/p/1108
2026-07-29,Uruguay,buenísimo el programa para controlar la diabetes,@usuario_ficticio_309,https://ejemplo.invalid/p/1109
2026-07-16,México,Vitalix está carísimo https://ejemplo.invalid/p/1110 @cuenta_ficticia,@usuario_ficticio_310,https://ejemplo.invalid/p/1110
2026-07-04,Chile,"Vitalix me encanta, excelente para arrancar el día",@usuario_ficticio_311,https://ejemplo.invalid/p/1111
2026-07-16,Argentina,me diagnosticaron presión alta y no sé qué comer,@usuario_ficticio_312,https://ejemplo.invalid/p/1112
2026-08-24,México,"Vasotril me hizo mal, tuve mareos https://ejemplo.invalid/p/1113",@usuario_ficticio_313,https://ejemplo.invalid/p/1113
2026-07-09,Perú,buenísimo el programa para controlar la diabetes,@usuario_ficticio_314,https://ejemplo.invalid/p/1114
2026-09-16,Colombia,la hipertensión es un problema grave y nadie habla @cuenta_ficticia,@usuario_ficticio_315,https://ejemplo.invalid/p/1115
2026-08-16,México,buenísimo el programa para controlar la diabetes https://ejemplo.invalid/p/1116,@usuario_ficticio_316,https://ejemplo.invalid/p/1116
2026-08-26,Chile,mi vieja tiene osteoporosis y le duele todo,@usuario_ficticio_317,https://ejemplo.invalid/p/1117
2026-08-01,México,mi vieja tiene osteoporosis y le duele todo,@usuario_ficticio_318,https://ejemplo.invalid/p/1118
2026-09-14,Argentina,"Vasotril me hizo mal, tuve mareos https://ejemplo.invalid/p/1119",@usuario_ficticio_319,https://ejemplo.invalid/p/1119
2026-08-03,Colombia,"no hay Glucofin en la farmacia, desabastecimiento otra vez @cuenta_ficticia",@usuario_ficticio_320,https://ejemplo.invalid/p/1120
2026-07-25,Chile,"no hay Glucofin en la farmacia, desabastecimiento otra vez",@usuario_ficticio_321,https://ejemplo.invalid/p/1121
2026-07-03,Colombia,buenísimo el programa para controlar la diabetes https://ejemplo.invalid/p/1122,@usuario_ficticio_322,https://ejemplo.invalid/p/1122
2026-08-20,Chile,"Vasotril me hizo mal, tuve mareos",@usuario_ficticio_323,https://ejemplo.invalid/p/1123
2026-07-08,México,mi vieja tiene osteoporosis y le duele todo,@usuario_ficticio_324,https://ejemplo.invalid/p/1124
2026-08-13,Argentina,mi vieja tiene osteoporosis y le duele todo https://ejemplo.invalid/p/1125 @cuenta_ficticia,@usuario_ficticio_325,https://ejemplo.invalid/p/1125
2026-09-16,Colombia,buenísimo el programa para controlar la diabetes,@usuario_ficticio_326,https://ejemplo.invalid/p/1126
2026-08-26,Colombia,"el Vasotril funciona bien, la presión mejoró",@usuario_ficticio_327,https://ejemplo.invalid/p/1127
2026-09-04,México,Vitalix está carísimo https://ejemplo.invalid/p/1128,@usuario_ficticio_328,https://ejemplo.invalid/p/1128
2026-09-15,Colombia,"Vasotril me hizo mal, tuve mareos",@usuario_ficticio_329,https://ejemplo.invalid/p/1129
2026-07-01,Brasil,Vitalix está carísimo @cuenta_ficticia,@usuario_ficticio_330,https://ejemplo.invalid/p/1130
2026-08-29,México,con la diabetes el control de glucosa es un problema https://ejemplo.invalid/p/1131,@usuario_ficticio_331,https://ejemplo.invalid/p/1131
2026-08-08,México,buenísimo el programa para controlar la diabetes,@usuario_ficticio_332,https://ejemplo.invalid/p/1132
2026-09-09,Brasil,"el Vasotril funciona bien, la presión mejoró",@usuario_ficticio_333,https://ejemplo.invalid/p/1133
2026-09-11,Brasil,Calcimar D recomendado por mi médica https://ejemplo.invalid/p/1134,@usuario_ficticio_334,https://ejemplo.invalid/p/1134
2026-09-08,Colombia,la hipertensión es un problema grave y nadie habla @cuenta_ficticia,@usuario_ficticio_335,https://ejemplo.invalid/p/1135
2026-07-04,Chile,Calcimar D recomendado por mi médica,@usuario_ficticio_336,https://ejemplo.invalid/p/1136
2026-08-18,Argentina,buenísimo el programa para controlar la diabetes https://ejemplo.invalid/p/1137,@usuario_ficticio_337,https://ejemplo.invalid/p/1137
2026-07-08,Brasil,Vitalix está carísimo,@usuario_ficticio_338,https://ejemplo.invalid/p/1138
2026-09-05,Argentina,mi vieja tiene osteoporosis y le duele todo,@usuario_ficticio_339,https://ejemplo.invalid/p/1139
2026-09-02,México,Calcimar D recomendado por mi médica https://ejemplo.invalid/p/1140 @cuenta_ficticia,@usuario_ficticio_340,https://ejemplo.invalid/p/1140
2026-07-13,México,Vitalix está carísimo,@usuario_ficticio_341,https://ejemplo.invalid/p/1141
2026-07-20,Brasil,"Vasotril me hizo mal, tuve mareos",@usuario_ficticio_342,https://ejemplo.invalid/p/1142
2026-08-11,Brasil,"Vasotril me hizo mal, tuve mareos https://ejemplo.invalid/p/1143",@usuario_ficticio_343,https://ejemplo.invalid/p/1143
2026-07-19,México,"Vitalix me encanta, excelente para arrancar el día",@usuario_ficticio_344,https://ejemplo.invalid/p/1144
2026-07-07,Brasil,la hipertensión es un problema grave y nadie habla @cuenta_ficticia,@usuario_ficticio_345,https://ejemplo.invalid/p/1145
2026-08-21,Chile,Vitalix está carísimo https://ejemplo.invalid/p/1146,@usuario_ficticio_346,https://ejemplo.invalid/p/1146
2026-08-05,México,Vitalix está carísimo,@usuario_ficticio_347,https://ejemplo.invalid/p/1147
2026-07-07,México,"no hay Glucofin en la farmacia, desabastecimiento otra vez",@usuario_ficticio_348,https://ejemplo.invalid/p/1148
2026-07-11,Argentina,Vitalix está carísimo https://ejemplo.invalid/p/1149,@usuario_ficticio_349,https://ejemplo.invalid/p/1149
2026-07-24,México,"el Vasotril funciona bien, la presión mejoró @cuenta_ficticia",@usuario_ficticio_350,https://ejemplo.invalid/p/1150
2026-08-29,México,"no hay Glucofin en la farmacia, desabastecimiento otra vez",@usuario_ficticio_351,https://ejemplo.invalid/p/1151
2026-08-23,Chile,Calcimar D recomendado por mi médica https://ejemplo.invalid/p/1152,@usuario_ficticio_352,https://ejemplo.invalid/p/1152
2026-08-18,Brasil,caminar todos los días me ayudó con la presión,@usuario_ficticio_353,https://ejemplo.invalid/p/1153
2026-08-27,Argentina,con la diabetes el control de glucosa es un problema,@usuario_ficticio_354,https://ejemplo.invalid/p/1154
2026-08-27,Brasil,Vitalix está carísimo https://ejemplo.invalid/p/1155 @cuenta_ficticia,@usuario_ficticio_355,https://ejemplo.invalid/p/1155
2026-08-04,Argentina,Vitalix está carísimo,@usuario_ficticio_356,https://ejemplo.invalid/p/1156
2026-08-07,Perú,Calcimar D recomendado por mi médica,@usuario_ficticio_357,https://ejemplo.invalid/p/1157
2026-09-07,Argentina,"el Vasotril funciona bien, la presión mejoró https://ejemplo.invalid/p/1158",@usuario_ficticio_358,https://ejemplo.invalid/p/1158
2026-08-18,México,"Vitalix me encanta, excelente para arrancar el día",@usuario_ficticio_359,https://ejemplo.invalid/p/1159
2026-09-17,Brasil,me diagnosticaron presión alta y no sé qué comer @cuenta_ficticia,@usuario_ficticio_360,https://ejemplo.invalid/p/1160
2026-09-01,Colombia,buenísimo el programa para controlar la diabetes https://ejemplo.invalid/p/1161,@usuario_ficticio_361,https://ejemplo.invalid/p/1161
2026-09-01,Uruguay,"Vasotril me hizo mal, tuve mareos",@usuario_ficticio_362,https://ejemplo.invalid/p/1162
2026-08-03,Argentina,"el Vasotril funciona bien, la presión mejoró",@usuario_ficticio_363,https://ejemplo.invalid/p/1163
2026-09-15,Uruguay,mi vieja tiene osteoporosis y le duele todo https://ejemplo.invalid/p/1164,@usuario_ficticio_364,https://ejemplo.invalid/p/1164
2026-08-18,México,la hipertensión es un problema grave y nadie habla @cuenta_ficticia,@usuario_ficticio_365,https://ejemplo.invalid/p/1165
2026-09-14,Perú,la hipertensión es un problema grave y nadie habla,@usuario_ficticio_366,https://ejemplo.invalid/p/1166
2026-07-17,Chile,Vitalix está carísimo https://ejemplo.invalid/p/1167,@usuario_ficticio_367,https://ejemplo.invalid/p/1167
2026-07-02,Brasil,me diagnosticaron presión alta y no sé qué comer,@usuario_ficticio_368,https://ejemplo.invalid/p/1168
2026-07-09,Argentina,con la diabetes el control de glucosa es un problema,@usuario_ficticio_369,https://ejemplo.invalid/p/1169
2026-07-27,México,me diagnosticaron presión alta y no sé qué comer https://ejemplo.invalid/p/1170 @cuenta_ficticia,@usuario_ficticio_370,https://ejemplo.invalid/p/1170
2026-09-10,Chile,"el Vasotril funciona bien, la presión mejoró",@usuario_ficticio_371,https://ejemplo.invalid/p/1171
2026-07-10,Brasil,"Vitalix me encanta, excelente para arrancar el día",@usuario_ficticio_372,https://ejemplo.invalid/p/1172
2026-07-13,Argentina,"Vitalix me encanta, excelente para arrancar el día https://ejemplo.invalid/p/1173",@usuario_ficticio_373,https://ejemplo.invalid/p/1173
2026-08-19,México,con la diabetes el control de glucosa es un problema,@usuario_ficticio_374,https://ejemplo.invalid/p/1174
2026-09-17,Chile,caminar todos los días me ayudó con la presión @cuenta_ficticia,@usuario_ficticio_375,https://ejemplo.invalid/p/1175
2026-08-18,México,mi vieja tiene osteoporosis y le duele todo https://ejemplo.invalid/p/1176,@usuario_ficticio_376,https://ejemplo.invalid/p/1176
2026-07-10,México,"no hay Glucofin en la farmacia, desabastecimiento otra vez",@usuario_ficticio_377,https://ejemplo.invalid/p/1177
2026-08-09,México,"Vasotril me hizo mal, tuve mareos",@usuario_ficticio_378,https://ejemplo.invalid/p/1178
2026-08-24,Chile,buenísimo el programa para controlar la diabetes https://ejemplo.invalid/p/1179,@usuario_ficticio_379,https://ejemplo.invalid/p/1179
2026-07-11,Uruguay,"el Vasotril funciona bien, la presión mejoró @cuenta_ficticia",@usuario_ficticio_380,https://ejemplo.invalid/p/1180
2026-08-21,Uruguay,caminar todos los días me ayudó con la presión,@usuario_ficticio_381,https://ejemplo.invalid/p/1181
2026-08-05,Colombia,Calcimar D recomendado por mi médica https://ejemplo.invalid/p/1182,@usuario_ficticio_382,https://ejemplo.invalid/p/1182
2026-08-14,México,mi vieja tiene osteoporosis y le duele todo,@usuario_ficticio_383,https://ejemplo.invalid/p/1183
2026-08-27,México,buenísimo el programa para controlar la diabetes,@usuario_ficticio_384,https://ejemplo.invalid/p/1184
2026-08-06,México,caminar todos los días me ayudó con la presión https://ejemplo.invalid/p/1185 @cuenta_ficticia,@usuario_ficticio_385,https://ejemplo.invalid/p/1185
2026-09-19,Uruguay,la hipertensión es un problema grave y nadie habla,@usuario_ficticio_386,https://ejemplo.invalid/p/1186
2026-07-08,Argentina,"el Vasotril funciona bien, la presión mejoró",@usuario_ficticio_387,https://ejemplo.invalid/p/1187
2026-07-20,Colombia,"Vitalix me encanta, excelente para arrancar el día https://ejemplo.invalid/p/1188",@usuario_ficticio_388,https://ejemplo.invalid/p/1188
2026-08-17,Colombia,con la diabetes el control de glucosa es un problema,@usuario_ficticio_389,https://ejemplo.invalid/p/1189
2026-09-03,Perú,"el Vasotril funciona bien, la presión mejoró @cuenta_ficticia",@usuario_ficticio_390,https://ejemplo.invalid/p/1190
2026-07-23,México,"Vasotril me hizo mal, tuve mareos https://ejemplo.invalid/p/1191",@usuario_ficticio_391,https://ejemplo.invalid/p/1191
2026-09-05,Brasil,con la diabetes el control de glucosa es un problema,@usuario_ficticio_392,https://ejemplo.invalid/p/1192
2026-09-03,México,la hipertensión es un problema grave y nadie habla,@usuario_ficticio_393,https://ejemplo.invalid/p/1193
2026-09-03,México,"Vitalix me encanta, excelente para arrancar el día https://ejemplo.invalid/p/1194",@usuario_ficticio_394,https://ejemplo.invalid/p/1194
2026-07-10,Colombia,Calcimar D recomendado por mi médica @cuenta_ficticia,@usuario_ficticio_395,https://ejemplo.invalid/p/1195
2026-07-12,Brasil,"Vitalix me encanta, excelente para arrancar el día",@usuario_ficticio_396,https://ejemplo.invalid/p/1196
2026-09-04,México,buenísimo el programa para controlar la diabetes https://ejemplo.invalid/p/1197,@usuario_ficticio_397,https://ejemplo.invalid/p/1197
2026-08-29,México,la hipertensión es un problema grave y nadie habla,@usuario_ficticio_398,https://ejemplo.invalid/p/1198
2026-09-09,Colombia,"el Vasotril funciona bien, la presión mejoró",@usuario_ficticio_399,https://ejemplo.invalid/p/1199
2026-09-15,Colombia,buenísimo el programa para controlar la diabetes https://ejemplo.invalid/p/1200 @cuenta_ficticia,@usuario_ficticio_0,https://ejemplo.invalid/p/1200
2026-08-18,México,la hipertensión es un problema grave y nadie habla,@usuario_ficticio_1,https://ejemplo.invalid/p/1201
2026-07-06,Argentina,mi vieja tiene osteoporosis y le duele todo,@usuario_ficticio_2,https://ejemplo.invalid/p/1202
2026-08-31,Brasil,"no hay Glucofin en la farmacia, desabastecimiento otra vez https://ejemplo.invalid/p/1203",@usuario_ficticio_3,https://ejemplo.invalid/p/1203
2026-08-02,Argentina,la hipertensión es un problema grave y nadie habla,@usuario_ficticio_4,https://ejemplo.invalid/p/1204
2026-09-01,Argentina,me diagnosticaron presión alta y no sé qué comer @cuenta_ficticia,@usuario_ficticio_5,https://ejemplo.invalid/p/1205
2026-08-21,México,caminar todos los días me ayudó con la presión https://ejemplo.invalid/p/1206,@usuario_ficticio_6,https://ejemplo.invalid/p/1206
2026-08-26,Argentina,"no hay Glucofin en la farmacia, desabastecimiento otra vez",@usuario_ficticio_7,https://ejemplo.invalid/p/1207
2026-07-08,Argentina,la hipertensión es un problema grave y nadie habla,@usuario_ficticio_8,https://ejemplo.invalid/p/1208
2026-09-21,México,me diagnosticaron presión alta y no sé qué comer https://ejemplo.invalid/p/1209,@usuario_ficticio_9,https://ejemplo.invalid/p/1209
2026-08-19,México,Calcimar D recomendado por mi médica @cuenta_ficticia,@usuario_ficticio_10,https://ejemplo.invalid/p/1210
2026-08-21,Argentina,Calcimar D recomendado por mi médica,@usuario_ficticio_11,https://ejemplo.invalid/p/1211
2026-08-01,Argentina,"Vitalix me encanta, excelente para arrancar el día https://ejemplo.invalid/p/1212",@usuario_ficticio_12,https://ejemplo.invalid/p/1212
2026-09-17,Colombia,me diagnosticaron presión alta y no sé qué comer,@usuario_ficticio_13,https://ejemplo.invalid/p/1213
2026-08-20,Brasil,Vitalix está carísimo,@usuario_ficticio_14,https://ejemplo.invalid/p/1214
2026-09-16,Brasil,buenísimo el programa para controlar la diabetes https://ejemplo.invalid/p/1215 @cuenta_ficticia,@usuario_ficticio_15,https://ejemplo.invalid/p/1215
2026-08-15,México,"el Vasotril funciona bien, la presión mejoró",@usuario_ficticio_16,https://ejemplo.invalid/p/1216
2026-08-23,Argentina,la hipertensión es un problema grave y nadie habla,@usuario_ficticio_17,https://ejemplo.invalid/p/1217
2026-08-09,Colombia,"Vitalix me encanta, excelente para arrancar el día https://ejemplo.invalid/p/1218",@usuario_ficticio_18,https://ejemplo.invalid/p/1218
2026-08-24,Chile,caminar todos los días me ayudó con la presión,@usuario_ficticio_19,https://ejemplo.invalid/p/1219
2026-09-06,Brasil,con la diabetes el control de glucosa es un problema @cuenta_ficticia,@usuario_ficticio_20,https://ejemplo.invalid/p/1220
2026-07-24,Brasil,"el Vasotril funciona bien, la presión mejoró https://ejemplo.invalid/p/1221",@usuario_ficticio_21,https://ejemplo.invalid/p/1221
2026-08-17,Uruguay,mi vieja tiene osteoporosis y le duele todo,@usuario_ficticio_22,https://ejemplo.invalid/p/1222
2026-07-15,Argentina,la hipertensión es un problema grave y nadie habla,@usuario_ficticio_23,https://ejemplo.invalid/p/1223
2026-07-12,Chile,buenísimo el programa para controlar la diabetes https://ejemplo.invalid/p/1224,@usuario_ficticio_24,https://ejemplo.invalid/p/1224
2026-08-18,Colombia,me diagnosticaron presión alta y no sé qué comer @cuenta_ficticia,@usuario_ficticio_25,https://ejemplo.invalid/p/1225
2026-09-11,México,caminar todos los días me ayudó con la presión,@usuario_ficticio_26,https://ejemplo.invalid/p/1226
2026-08-05,Chile,Vitalix está carísimo https://ejemplo.invalid/p/1227,@usuario_ficticio_27,https://ejemplo.invalid/p/1227
2026-08-20,Argentina,"no hay Glucofin en la farmacia, desabastecimiento otra vez",@usuario_ficticio_28,https://ejemplo.invalid/p/1228
2026-09-03,Brasil,Vitalix está carísimo,@usuario_ficticio_29,https://ejemplo.invalid/p/1229
2026-08-07,Argentina,caminar todos los días me ayudó con la presión https://ejemplo.invalid/p/1230 @cuenta_ficticia,@usuario_ficticio_30,https://ejemplo.invalid/p/1230
2026-09-19,Uruguay,mi vieja tiene osteoporosis y le duele todo,@usuario_ficticio_31,https://ejemplo.invalid/p/1231
2026-08-26,México,me diagnosticaron presión alta y no sé qué comer,@usuario_ficticio_32,https://ejemplo.invalid/p/1232
2026-07-22,Argentina,"Vitalix me encanta, excelente para arrancar el día https://ejemplo.invalid/p/1233",@usuario_ficticio_33,https://ejemplo.invalid/p/1233
2026-08-24,México,buenísimo el programa para controlar la diabetes,@usuario_ficticio_34,https://ejemplo.invalid/p/1234
2026-08-23,Argentina,buenísimo el programa para controlar la diabetes @cuenta_ficticia,@usuario_ficticio_35,https://ejemplo.invalid/p/1235
2026-07-26,México,"no hay Glucofin en la farmacia, desabastecimiento otra vez https://ejemplo.invalid/p/1236",@usuario_ficticio_36,https://ejemplo.invalid/p/1236
2026-07-10,Uruguay,Calcimar D recomendado por mi médica,@usuario_ficticio_37,https://ejemplo.invalid/p/1237
2026-09-03,Chile,caminar todos los días me ayudó con la presión,@usuario_ficticio_38,https://ejemplo.invalid/p/1238
2026-08-03,Argentina,mi vieja tiene osteoporosis y le duele todo https://ejemplo.invalid/p/1239,@usuario_ficticio_39,https://ejemplo.invalid/p/1239
2026-08-30,México,me diagnosticaron presión alta y no sé qué comer @cuenta_ficticia,@usuario_ficticio_40,https://ejemplo.invalid/p/1240
2026-09-17,Uruguay,"Vasotril me hizo mal, tuve mareos",@usuario_ficticio_41,https://ejemplo.invalid/p/1241
2026-09-05,Uruguay,mi vieja tiene osteoporosis y le duele todo https://ejemplo.invalid/p/1242,@usuario_ficticio_42,https://ejemplo.invalid/p/1242
2026-07-04,México,con la diabetes el control de glucosa es un problema,@usuario_ficticio_43,https://ejemplo.invalid/p/1243
2026-07-03,México,Vitalix está carísimo,@usuario_ficticio_44,https://ejemplo.invalid/p/1244
2026-08-16,Argentina,caminar todos los días me ayudó con la presión https://ejemplo.invalid/p/1245 @cuenta_ficticia,@usuario_ficticio_45,https://ejemplo.invalid/p/1245
2026-09-20,Colombia,Calcimar D recomendado por mi médica,@usuario_ficticio_46,https://ejemplo.invalid/p/1246
2026-09-10,México,caminar todos los días me ayudó con la presión,@usuario_ficticio_47,https://ejemplo.invalid/p/1247
2026-08-21,Argentina,Calcimar D recomendado por mi médica https://ejemplo.invalid/p/1248,@usuario_ficticio_48,https://ejemplo.invalid/p/1248
2026-09-20,Colombia,mi vieja tiene osteoporosis y le duele todo,@usuario_ficticio_49,https://ejemplo.invalid/p/1249
2026-09-09,Colombia,"el Vasotril funciona bien, la presión mejoró @cuenta_ficticia",@usuario_ficticio_50,https://ejemplo.invalid/p/1250
2026-09-12,Colombia,buenísimo el programa para controlar la diabetes https://ejemplo.invalid/p/1251,@usuario_ficticio_51,https://ejemplo.invalid/p/1251
2026-07-23,Brasil,Calcimar D recomendado por mi médica,@usuario_ficticio_52,https://ejemplo.invalid/p/1252
2026-07-19,Argentina,la hipertensión es un problema grave y nadie habla,@usuario_ficticio_53,https://ejemplo.invalid/p/1253
2026-07-16,Uruguay,me diagnosticaron presión alta y no sé qué comer https://ejemplo.invalid/p/1254,@usuario_ficticio_54,https://ejemplo.invalid/p/1254
2026-08-15,Uruguay,Calcimar D recomendado por mi médica @cuenta_ficticia,@usuario_ficticio_55,https://ejemplo.invalid/p/1255
2026-08-07,México,"Vitalix me encanta, excelente para arrancar el día",@usuario_ficticio_56,https://ejemplo.invalid/p/1256
2026-08-23,Argentina,"no hay Glucofin en la farmacia, desabastecimiento otra vez https://ejemplo.invalid/p/1257",@usuario_ficticio_57,https://ejemplo.invalid/p/1257
2026-07-25,Chile,"Vasotril me hizo mal, tuve mareos",@usuario_ficticio_58,https://ejemplo.invalid/p/1258
2026-09-14,Chile,la hipertensión es un problema grave y nadie habla,@usuario_ficticio_59,https://ejemplo.invalid/p/1259
2026-08-22,México,caminar todos los días me ayudó con la presión https://ejemplo.invalid/p/1260 @cuenta_ficticia,@usuario_ficticio_60,https://ejemplo.invalid/p/1260
2026-09-22,México,"Vitalix me encanta, excelente para arrancar el día",@usuario_ficticio_61,https://ejemplo.invalid/p/1261
2026-08-12,Colombia,me diagnosticaron presión alta y no sé qué comer,@usuario_ficticio_62,https://ejemplo.invalid/p/1262
2026-08-20,Colombia,con la diabetes el control de glucosa es un problema https://ejemplo.invalid/p/1263,@usuario_ficticio_63,https://ejemplo.invalid/p/1263
2026-07-05,Brasil,buenísimo el programa para controlar la diabetes,@usuario_ficticio_64,https://ejemplo.invalid/p/1264
2026-07-31,Chile,"el Vasotril funciona bien, la presión mejoró @cuenta_ficticia",@usuario_ficticio_65,https://ejemplo.invalid/p/1265
2026-08-07,México,caminar todos los días me ayudó con la presión https://ejemplo.invalid/p/1266,@usuario_ficticio_66,https://ejemplo.invalid/p/1266
2026-09-04,Chile,la hipertensión es un problema grave y nadie habla,@usuario_ficticio_67,https://ejemplo.invalid/p/1267
2026-07-10,Argentina,con la diabetes el control de glucosa es un problema,@usuario_ficticio_68,https://ejemplo.invalid/p/1268
2026-08-02,Uruguay,"no hay Glucofin en la farmacia, desabastecimiento otra vez https://ejemplo.invalid/p/1269",@usuario_ficticio_69,https://ejemplo.invalid/p/1269
2026-09-04,Brasil,la hipertensión es un problema grave y nadie habla @cuenta_ficticia,@usuario_ficticio_70,https://ejemplo.invalid/p/1270
2026-08-03,Colombia,"Vasotril me hizo mal, tuve mareos",@usuario_ficticio_71,https://ejemplo.invalid/p/1271
2026-07-31,Perú,la hipertensión es un problema grave y nadie habla https://ejemplo.invalid/p/1272,@usuario_ficticio_72,https://ejemplo.invalid/p/1272
2026-09-22,Brasil,me diagnosticaron presión alta y no sé qué comer,@usuario_ficticio_73,https://ejemplo.invalid/p/1273
2026-07-22,México,Calcimar D recomendado por mi médica,@usuario_ficticio_74,https://ejemplo.invalid/p/1274
2026-07-16,México,mi vieja tiene osteoporosis y le duele todo https://ejemplo.invalid/p/1275 @cuenta_ficticia,@usuario_ficticio_75,https://ejemplo.invalid/p/1275
2026-08-08,México,caminar todos los días me ayudó con la presión,@usuario_ficticio_76,https://ejemplo.invalid/p/1276
2026-07-08,Argentina,"el Vasotril funciona bien, la presión mejoró",@usuario_ficticio_77,https://ejemplo.invalid/p/1277
2026-07-11,México,Calcimar D recomendado por mi médica https://ejemplo.invalid/p/1278,@usuario_ficticio_78,https://ejemplo.invalid/p/1278
2026-09-01,México,con la diabetes el control de glucosa es un problema,@usuario_ficticio_79,https://ejemplo.invalid/p/1279
2026-07-17,Chile,"no hay Glucofin en la farmacia, desabastecimiento otra vez @cuenta_ficticia",@usuario_ficticio_80,https://ejemplo.invalid/p/1280
2026-08-30,Argentina,"no hay Glucofin en la farmacia, desabastecimiento otra vez https://ejemplo.invalid/p/1281",@usuario_ficticio_81,https://ejemplo.invalid/p/1281
2026-09-21,Argentina,con la diabetes el control de glucosa es un problema,@usuario_ficticio_82,https://ejemplo.invalid/p/1282
2026-09-07,México,con la diabetes el control de glucosa es un problema,@usuario_ficticio_83,https://ejemplo.invalid/p/1283
2026-09-22,México,con la diabetes el control de glucosa es un problema https://ejemplo.invalid/p/1284,@usuario_ficticio_84,https://ejemplo.invalid/p/1284
2026-08-23,Colombia,"no hay Glucofin en la farmacia, desabastecimiento otra vez @cuenta_ficticia",@usuario_ficticio_85,https://ejemplo.invalid/p/1285
2026-07-26,México,"Vitalix me encanta, excelente para arrancar el día",@usuario_ficticio_86,https://ejemplo.invalid/p/1286
2026-08-15,Perú,Vitalix está carísimo https://ejemplo.invalid/p/1287,@usuario_ficticio_87,https://ejemplo.invalid/p/1287
2026-08-07,Chile,"Vasotril me hizo mal, tuve mareos",@usuario_ficticio_88,https://ejemplo.invalid/p/1288
2026-07-15,México,mi vieja tiene osteoporosis y le duele todo,@usuario_ficticio_89,https://ejemplo.invalid/p/1289
2026-09-08,México,con la diabetes el control de glucosa es un problema https://ejemplo.invalid/p/1290 @cuenta_ficticia,@usuario_ficticio_90,https://ejemplo.invalid/p/1290
2026-07-29,Colombia,caminar todos los días me ayudó con la presión,@usuario_ficticio_91,https://ejemplo.invalid/p/1291
2026-08-27,Colombia,Vitalix está carísimo,@usuario_ficticio_92,https://ejemplo.invalid/p/1292
2026-07-14,Brasil,Vitalix está carísimo https://ejemplo.invalid/p/1293,@usuario_ficticio_93,https://ejemplo.invalid/p/1293
2026-08-21,Colombia,"Vasotril me hizo mal, tuve mareos",@usuario_ficticio_94,https://ejemplo.invalid/p/1294
2026-07-30,Argentina,"no hay Glucofin en la farmacia, desabastecimiento otra vez @cuenta_ficticia",@usuario_ficticio_95,https://ejemplo.invalid/p/1295
2026-07-24,Argentina,mi vieja tiene osteoporosis y le duele todo https://ejemplo.invalid/p/1296,@usuario_ficticio_96,https://ejemplo.invalid/p/1296
2026-09-12,México,con la diabetes el control de glucosa es un problema,@usuario_ficticio_97,https://ejemplo.invalid/p/1297
2026-08-24,Argentina,caminar todos los días me ayudó con la presión,@usuario_ficticio_98,https://ejemplo.invalid/p/1298
2026-07-14,México,"no hay Glucofin en la farmacia, desabastecimiento otra vez https://ejemplo.invalid/p/1299",@usuario_ficticio_99,https://ejemplo.invalid/p/1299
2026-07-26,México,la hipertensión es un problema grave y nadie habla @cuenta_ficticia,@usuario_ficticio_100,https://ejemplo.invalid/p/1300
2026-07-20,Brasil,caminar todos los días me ayudó con la presión,@usuario_ficticio_101,https://ejemplo.invalid/p/1301
2026-09-06,Argentina,buenísimo el programa para controlar la diabetes https://ejemplo.invalid/p/1302,@usuario_ficticio_102,https://ejemplo.invalid/p/1302
2026-09-11,Argentina,mi vieja tiene osteoporosis y le duele todo,@usuario_ficticio_103,https://ejemplo.invalid/p/1303
2026-08-18,Brasil,"no hay Glucofin en la farmacia, desabastecimiento otra vez",@usuario_ficticio_104,https://ejemplo.invalid/p/1304
2026-09-08,Chile,"Vitalix me encanta, excelente para arrancar el día https://ejemplo.invalid/p/1305 @cuenta_ficticia",@usuario_ficticio_105,https://ejemplo.invalid/p/1305
2026-07-22,México,"el Vasotril funciona bien, la presión mejoró",@usuario_ficticio_106,https://ejemplo.invalid/p/1306
2026-08-30,Chile,la hipertensión es un problema grave y nadie habla,@usuario_ficticio_107,https://ejemplo.invalid/p/1307
2026-09-14,Colombia,caminar todos los días me ayudó con la presión https://ejemplo.invalid/p/1308,@usuario_ficticio_108,https://ejemplo.invalid/p/1308
2026-09-06,México,"Vasotril me hizo mal, tuve mareos",@usuario_ficticio_109,https://ejemplo.invalid/p/1309
2026-07-20,Uruguay,mi vieja tiene osteoporosis y le duele todo @cuenta_ficticia,@usuario_ficticio_110,https://ejemplo.invalid/p/1310
2026-08-19,México,buenísimo el programa para controlar la diabetes https://ejemplo.invalid/p/1311,@usuario_ficticio_111,https://ejemplo.invalid/p/1311
2026-07-09,Argentina,la hipertensión es un problema grave y nadie habla,@usuario_ficticio_112,https://ejemplo.invalid/p/1312
2026-07-02,Uruguay,me diagnosticaron presión alta y no sé qué comer,@usuario_ficticio_113,https://ejemplo.invalid/p/1313
2026-08-23,México,con la diabetes el control de glucosa es un problema https://ejemplo.invalid/p/1314,@usuario_ficticio_114,https://ejemplo.invalid/p/1314
2026-08-18,México,"el Vasotril funciona bien, la presión mejoró @cuenta_ficticia",@usuario_ficticio_115,https://ejemplo.invalid/p/1315
2026-07-07,Chile,la hipertensión es un problema grave y nadie habla,@usuario_ficticio_116,https://ejemplo.invalid/p/1316
2026-07-22,Colombia,"Vasotril me hizo mal, tuve mareos https://ejemplo.invalid/p/1317",@usuario_ficticio_117,https://ejemplo.invalid/p/1317
2026-07-19,Uruguay,la hipertensión es un problema grave y nadie habla,@usuario_ficticio_118,https://ejemplo.invalid/p/1318
2026-07-22,México,"el Vasotril funciona bien, la presión mejoró",@usuario_ficticio_119,https://ejemplo.invalid/p/1319
2026-09-01,Colombia,"el Vasotril funciona bien, la presión mejoró https://ejemplo.invalid/p/1320 @cuenta_ficticia",@usuario_ficticio_120,https://ejemplo.invalid/p/1320
2026-08-01,Perú,buenísimo el programa para controlar la diabetes,@usuario_ficticio_121,https://ejemplo.invalid/p/1321
2026-07-19,Chile,"no hay Glucofin en la farmacia, desabastecimiento otra vez",@usuario_ficticio_122,https://ejemplo.invalid/p/1322
2026-07-30,México,caminar todos los días me ayudó con la presión https://ejemplo.invalid/p/1323,@usuario_ficticio_123,https://ejemplo.invalid/p/1323
2026-08-01,México,Vitalix está carísimo,@usuario_ficticio_124,https://ejemplo.invalid/p/1324
2026-07-23,Colombia,caminar todos los días me ayudó con la presión @cuenta_ficticia,@usuario_ficticio_125,https://ejemplo.invalid/p/1325
2026-08-31,Argentina,"no hay Glucofin en la farmacia, desabastecimiento otra vez https://ejemplo.invalid/p/1326",@usuario_ficticio_126,https://ejemplo.invalid/p/1326
2026-08-25,Argentina,"no hay Glucofin en la farmacia, desabastecimiento otra vez",@usuario_ficticio_127,https://ejemplo.invalid/p/1327
2026-08-10,México,caminar todos los días me ayudó con la presión,@usuario_ficticio_128,https://ejemplo.invalid/p/1328
2026-08-12,Colombia,"el Vasotril funciona bien, la presión mejoró https://ejemplo.invalid/p/1329",@usuario_ficticio_129,https://ejemplo.invalid/p/1329
2026-07-08,Argentina,la hipertensión es un problema grave y nadie habla @cuenta_ficticia,@usuario_ficticio_130,https://ejemplo.invalid/p/1330
2026-08-09,México,mi vieja tiene osteoporosis y le duele todo,@usuario_ficticio_131,https://ejemplo.invalid/p/1331
2026-09-02,Colombia,con la diabetes el control de glucosa es un problema https://ejemplo.invalid/p/1332,@usuario_ficticio_132,https://ejemplo.invalid/p/1332
2026-09-05,México,con la diabetes el control de glucosa es un problema,@usuario_ficticio_133,https://ejemplo.invalid/p/1333
2026-07-27,Brasil,"el Vasotril funciona bien, la presión mejoró",@usuario_ficticio_134,https://ejemplo.invalid/p/1334
2026-08-01,Colombia,mi vieja tiene osteoporosis y le duele todo https://ejemplo.invalid/p/1335 @cuenta_ficticia,@usuario_ficticio_135,https://ejemplo.invalid/p/1335
2026-09-02,Argentina,"el Vasotril funciona bien, la presión mejoró",@usuario_ficticio_136,https://ejemplo.invalid/p/1336
2026-07-12,Argentina,"el Vasotril funciona bien, la presión mejoró",@usuario_ficticio_137,https://ejemplo.invalid/p/1337
2026-07-24,Brasil,con la diabetes el control de glucosa es un problema https://ejemplo.invalid/p/1338,@usuario_ficticio_138,https://ejemplo.invalid/p/1338
2026-08-15,México,Vitalix está carísimo,@usuario_ficticio_139,https://ejemplo.invalid/p/1339
2026-08-23,México,Calcimar D recomendado por mi médica @cuenta_ficticia,@usuario_ficticio_140,https://ejemplo.invalid/p/1340
2026-09-09,Argentina,con la diabetes el control de glucosa es un problema https://ejemplo.invalid/p/1341,@usuario_ficticio_141,https://ejemplo.invalid/p/1341
2026-08-26,Brasil,la hipertensión es un problema grave y nadie habla,@usuario_ficticio_142,https://ejemplo.invalid/p/1342
2026-07-26,Chile,Calcimar D recomendado por mi médica,@usuario_ficticio_143,https://ejemplo.invalid/p/1343
2026-09-07,México,con la diabetes el control de glucosa es un problema https://ejemplo.invalid/p/1344,@usuario_ficticio_144,https://ejemplo.invalid/p/1344
2026-08-30,Perú,la hipertensión es un problema grave y nadie habla @cuenta_ficticia,@usuario_ficticio_145,https://ejemplo.invalid/p/1345
2026-07-31,Argentina,la hipertensión es un problema grave y nadie habla,@usuario_ficticio_146,https://ejemplo.invalid/p/1346
2026-08-21,Colombia,Vitalix está carísimo https://ejemplo.invalid/p/1347,@usuario_ficticio_147,https://ejemplo.invalid/p/1347
2026-07-19,Colombia,Vitalix está carísimo,@usuario_ficticio_148,https://ejemplo.invalid/p/1348
2026-09-11,Colombia,me diagnosticaron presión alta y no sé qué comer,@usuario_ficticio_149,https://ejemplo.invalid/p/1349
2026-08-19,Brasil,me diagnosticaron presión alta y no sé qué comer https://ejemplo.invalid/p/1350 @cuenta_ficticia,@usuario_ficticio_150,https://ejemplo.invalid/p/1350
2026-07-12,Perú,con la diabetes el control de glucosa es un problema,@usuario_ficticio_151,https://ejemplo.invalid/p/1351
2026-09-01,Uruguay,con la diabetes el control de glucosa es un problema,@usuario_ficticio_152,https://ejemplo.invalid/p/1352
2026-08-04,Uruguay,la hipertensión es un problema grave y nadie habla https://ejemplo.invalid/p/1353,@usuario_ficticio_153,https://ejemplo.invalid/p/1353
2026-08-07,Uruguay,buenísimo el programa para controlar la diabetes,@usuario_ficticio_154,https://ejemplo.invalid/p/1354
2026-08-21,Argentina,"Vitalix me encanta, excelente para arrancar el día @cuenta_ficticia",@usuario_ficticio_155,https://ejemplo.invalid/p/1355
2026-07-27,Argentina,Vitalix está carísimo https://ejemplo.invalid/p/1356,@usuario_ficticio_156,https://ejemplo.invalid/p/1356
2026-07-28,Brasil,Calcimar D recomendado por mi médica,@usuario_ficticio_157,https://ejemplo.invalid/p/1357
2026-07-19,Perú,"el Vasotril funciona bien, la presión mejoró",@usuario_ficticio_158,https://ejemplo.invalid/p/1358
2026-09-03,México,con la diabetes el control de glucosa es un problema https://ejemplo.invalid/p/1359,@usuario_ficticio_159,https://ejemplo.invalid/p/1359
2026-08-12,México,"no hay Glucofin en la farmacia, desabastecimiento otra vez @cuenta_ficticia",@usuario_ficticio_160,https://ejemplo.invalid/p/1360
2026-08-07,México,"no hay Glucofin en la farmacia, desabastecimiento otra vez",@usuario_ficticio_161,https://ejemplo.invalid/p/1361
2026-08-25,Perú,caminar todos los días me ayudó con la presión https://ejemplo.invalid/p/1362,@usuario_ficticio_162,https://ejemplo.invalid/p/1362
2026-09-04,Argentina,Calcimar D recomendado por mi médica,@usuario_ficticio_163,https://ejemplo.invalid/p/1363
2026-09-13,Colombia,"no hay Glucofin en la farmacia, desabastecimiento otra vez",@usuario_ficticio_164,https://ejemplo.invalid/p/1364
2026-07-02,Brasil,la hipertensión es un problema grave y nadie habla https://ejemplo.invalid/p/1365 @cuenta_ficticia,@usuario_ficticio_165,https://ejemplo.invalid/p/1365
2026-07-07,México,"el Vasotril funciona bien, la presión mejoró",@usuario_ficticio_166,https://ejemplo.invalid/p/1366
2026-09-19,Colombia,mi vieja tiene osteoporosis y le duele todo,@usuario_ficticio_167,https://ejemplo.invalid/p/1367
2026-08-10,Chile,buenísimo el programa para controlar la diabetes https://ejemplo.invalid/p/1368,@usuario_ficticio_168,https://ejemplo.invalid/p/1368
2026-07-03,Colombia,con la diabetes el control de glucosa es un problema,@usuario_ficticio_169,https://ejemplo.invalid/p/1369
2026-08-03,Argentina,la hipertensión es un problema grave y nadie habla @cuenta_ficticia,@usuario_ficticio_170,https://ejemplo.invalid/p/1370
2026-07-02,Brasil,"no hay Glucofin en la farmacia, desabastecimiento otra vez https://ejemplo.invalid/p/1371",@usuario_ficticio_171,https://ejemplo.invalid/p/1371
2026-08-19,México,"no hay Glucofin en la farmacia, desabastecimiento otra vez",@usuario_ficticio_172,https://ejemplo.invalid/p/1372
2026-07-28,Chile,me diagnosticaron presión alta y no sé qué comer,@usuario_ficticio_173,https://ejemplo.invalid/p/1373
2026-07-31,Chile,"el Vasotril funciona bien, la presión mejoró https://ejemplo.invalid/p/1374",@usuario_ficticio_174,https://ejemplo.invalid/p/1374
2026-08-24,Chile,"Vitalix me encanta, excelente para arrancar el día @cuenta_ficticia",@usuario_ficticio_175,https://ejemplo.invalid/p/1375
2026-07-01,México,con la diabetes el control de glucosa es un problema,@usuario_ficticio_176,https://ejemplo.invalid/p/1376
2026-07-18,Colombia,Calcimar D recomendado por mi médica https://ejemplo.invalid/p/1377,@usuario_ficticio_177,https://ejemplo.invalid/p/1377
2026-09-20,México,me diagnosticaron presión alta y no sé qué comer,@usuario_ficticio_178,https://ejemplo.invalid/p/1378
2026-09-01,México,caminar todos los días me ayudó con la presión,@usuario_ficticio_179,https://ejemplo.invalid/p/1379
2026-08-02,México,"no hay Glucofin en la farmacia, desabastecimiento otra vez https://ejemplo.invalid/p/1380 @cuenta_ficticia",@usuario_ficticio_180,https://ejemplo.invalid/p/1380
2026-07-24,México,la hipertensión es un problema grave y nadie habla,@usuario_ficticio_181,https://ejemplo.invalid/p/1381
2026-08-26,México,buenísimo el programa para controlar la diabetes,@usuario_ficticio_182,https://ejemplo.invalid/p/1382
2026-07-02,Brasil,la hipertensión es un problema grave y nadie habla https://ejemplo.invalid/p/1383,@usuario_ficticio_183,https://ejemplo.invalid/p/1383
2026-08-03,Argentina,"Vitalix me encanta, excelente para arrancar el día",@usuario_ficticio_184,https://ejemplo.invalid/p/1384
2026-07-28,México,Vitalix está carísimo @cuenta_ficticia,@usuario_ficticio_185,https://ejemplo.invalid/p/1385
2026-07-26,Brasil,mi vieja tiene osteoporosis y le duele todo https://ejemplo.invalid/p/1386,@usuario_ficticio_186,https://ejemplo.invalid/p/1386
2026-07-20,México,"Vasotril me hizo mal, tuve mareos",@usuario_ficticio_187,https://ejemplo.invalid/p/1387
2026-07-16,Argentina,caminar todos los días me ayudó con la presión,@usuario_ficticio_188,https://ejemplo.invalid/p/1388
2026-08-24,México,Calcimar D recomendado por mi médica https://ejemplo.invalid/p/1389,@usuario_ficticio_189,https://ejemplo.invalid/p/1389
2026-08-10,México,Calcimar D recomendado por mi médica @cuenta_ficticia,@usuario_ficticio_190,https://ejemplo.invalid/p/1390
2026-08-06,Chile,mi vieja tiene osteoporosis y le duele todo,@usuario_ficticio_191,https://ejemplo.invalid/p/1391
2026-09-10,Colombia,"no hay Glucofin en la farmacia, desabastecimiento otra vez https://ejemplo.invalid/p/1392",@usuario_ficticio_192,https://ejemplo.invalid/p/1392
2026-07-17,Argentina,buenísimo el programa para controlar la diabetes,@usuario_ficticio_193,https://ejemplo.invalid/p/1393
2026-08-04,Argentina,mi vieja tiene osteoporosis y le duele todo,@usuario_ficticio_194,https://ejemplo.invalid/p/1394
2026-09-03,México,la hipertensión es un problema grave y nadie habla https://ejemplo.invalid/p/1395 @cuenta_ficticia,@usuario_ficticio_195,https://ejemplo.invalid/p/1395
2026-08-02,México,"el Vasotril funciona bien, la presión mejoró",@usuario_ficticio_196,https://ejemplo.invalid/p/1396
2026-08-09,Chile,"el Vasotril funciona bien, la presión mejoró",@usuario_ficticio_197,https://ejemplo.invalid/p/1397
2026-08-08,México,"el Vasotril funciona bien, la presión mejoró https://ejemplo.invalid/p/1398",@usuario_ficticio_198,https://ejemplo.invalid/p/1398
2026-08-19,Argentina,"Vasotril me hizo mal, tuve mareos",@usuario_ficticio_199,https://ejemplo.invalid/p/1399
2026-08-07,Argentina,me diagnosticaron presión alta y no sé qué comer @cuenta_ficticia,@usuario_ficticio_200,https://ejemplo.invalid/p/1400
2026-07-29,Colombia,con la diabetes el control de glucosa es un problema https://ejemplo.invalid/p/1401,@usuario_ficticio_201,https://ejemplo.invalid/p/1401
2026-08-29,Colombia,"Vitalix me encanta, excelente para arrancar el día",@usuario_ficticio_202,https://ejemplo.invalid/p/1402
2026-07-23,Argentina,Calcimar D recomendado por mi médica,@usuario_ficticio_203,https://ejemplo.invalid/p/1403
2026-08-20,Argentina,"Vitalix me encanta, excelente para arrancar el día https://ejemplo.invalid/p/1404",@usuario_ficticio_204,https://ejemplo.invalid/p/1404
2026-09-20,Colombia,Calcimar D recomendado por mi médica @cuenta_ficticia,@usuario_ficticio_205,https://ejemplo.invalid/p/1405
2026-08-03,Argentina,con la diabetes el control de glucosa es un problema,@usuario_ficticio_206,https://ejemplo.invalid/p/1406
2026-07-15,Uruguay,con la diabetes el control de glucosa es un problema https://ejemplo.invalid/p/1407,@usuario_ficticio_207,https://ejemplo.invalid/p/1407
2026-09-07,Uruguay,"Vitalix me encanta, excelente para arrancar el día",@usuario_ficticio_208,https://ejemplo.invalid/p/1408
2026-08-07,México,me diagnosticaron presión alta y no sé qué comer,@usuario_ficticio_209,https://ejemplo.invalid/p/1409
2026-09-08,Colombia,caminar todos los días me ayudó con la presión https://ejemplo.invalid/p/1410 @cuenta_ficticia,@usuario_ficticio_210,https://ejemplo.invalid/p/1410
2026-07-18,Argentina,"Vitalix me encanta, excelente para arrancar el día",@usuario_ficticio_211,https://ejemplo.invalid/p/1411
2026-08-27,Chile,"el Vasotril funciona bien, la presión mejoró",@usuario_ficticio_212,https://ejemplo.invalid/p/1412
2026-08-15,México,Vitalix está carísimo https://ejemplo.invalid/p/1413,@usuario_ficticio_213,https://ejemplo.invalid/p/1413
2026-07-21,Chile,mi vieja tiene osteoporosis y le duele todo,@usuario_ficticio_214,https://ejemplo.invalid/p/1414
2026-07-04,Argentina,buenísimo el programa para controlar la diabetes @cuenta_ficticia,@usuario_ficticio_215,https://ejemplo.invalid/p/1415
2026-09-10,Argentina,"no hay Glucofin en la farmacia, desabastecimiento otra vez https://ejemplo.invalid/p/1416",@usuario_ficticio_216,https://ejemplo.invalid/p/1416
2026-09-20,Argentina,"el Vasotril funciona bien, la presión mejoró",@usuario_ficticio_217,https://ejemplo.invalid/p/1417
2026-08-03,México,Vitalix está carísimo,@usuario_ficticio_218,https://ejemplo.invalid/p/1418
2026-09-19,Perú,"no hay Glucofin en la farmacia, desabastecimiento otra vez https://ejemplo.invalid/p/1419",@usuario_ficticio_219,https://ejemplo.invalid/p/1419
2026-08-16,Uruguay,Vitalix está carísimo @cuenta_ficticia,@usuario_ficticio_220,https://ejemplo.invalid/p/1420
2026-09-11,Chile,la hipertensión es un problema grave y nadie habla,@usuario_ficticio_221,https://ejemplo.invalid/p/1421
2026-07-06,Perú,"Vitalix me encanta, excelente para arrancar el día https://ejemplo.invalid/p/1422",@usuario_ficticio_222,https://ejemplo.invalid/p/1422
2026-09-01,Argentina,"el Vasotril funciona bien, la presión mejoró",@usuario_ficticio_223,https://ejemplo.invalid/p/1423
2026-08-09,México,"no hay Glucofin en la farmacia, desabastecimiento otra vez",@usuario_ficticio_224,https://ejemplo.invalid/p/1424
2026-09-22,Colombia,caminar todos los días me ayudó con la presión https://ejemplo.invalid/p/1425 @cuenta_ficticia,@usuario_ficticio_225,https://ejemplo.invalid/p/1425
2026-09-18,Chile,me diagnosticaron presión alta y no sé qué comer,@usuario_ficticio_226,https://ejemplo.invalid/p/1426
2026-08-05,Brasil,con la diabetes el control de glucosa es un problema,@usuario_ficticio_227,https://ejemplo.invalid/p/1427
2026-09-11,Colombia,caminar todos los días me ayudó con la presión https://ejemplo.invalid/p/1428,@usuario_ficticio_228,https://ejemplo.invalid/p/1428
2026-08-01,México,"no hay Glucofin en la farmacia, desabastecimiento otra vez",@usuario_ficticio_229,https://ejemplo.invalid/p/1429
2026-07-18,Colombia,Calcimar D recomendado por mi médica @cuenta_ficticia,@usuario_ficticio_230,https://ejemplo.invalid/p/1430
2026-07-09,Colombia,con la diabetes el control de glucosa es un problema https://ejemplo.invalid/p/1431,@usuario_ficticio_231,https://ejemplo.invalid/p/1431
2026-07-31,Chile,con la diabetes el control de glucosa es un problema,@usuario_ficticio_232,https://ejemplo.invalid/p/1432
2026-07-18,Perú,me diagnosticaron presión alta y no sé qué comer,@usuario_ficticio_233,https://ejemplo.invalid/p/1433
2026-09-08,México,mi vieja tiene osteoporosis y le duele todo https://ejemplo.invalid/p/1434,@usuario_ficticio_234,https://ejemplo.invalid/p/1434
2026-07-02,México,mi vieja tiene osteoporosis y le duele todo @cuenta_ficticia,@usuario_ficticio_235,https://ejemplo.invalid/p/1435
2026-07-25,Argentina,la hipertensión es un problema grave y nadie habla,@usuario_ficticio_236,https://ejemplo.invalid/p/1436
2026-09-01,México,la hipertensión es un problema grave y nadie habla https://ejemplo.invalid/p/1437,@usuario_ficticio_237,https://ejemplo.invalid/p/1437
2026-08-22,México,Vitalix está carísimo,@usuario_ficticio_238,https://ejemplo.invalid/p/1438
2026-08-19,Brasil,Vitalix está carísimo,@usuario_ficticio_239,https://ejemplo.invalid/p/1439
2026-07-23,México,"Vasotril me hizo mal, tuve mareos https://ejemplo.invalid/p/1440 @cuenta_ficticia",@usuario_ficticio_240,https://ejemplo.invalid/p/1440
2026-07-16,Chile,"no hay Glucofin en la farmacia, desabastecimiento otra vez",@usuario_ficticio_241,https://ejemplo.invalid/p/1441
2026-08-13,Brasil,mi vieja tiene osteoporosis y le duele todo,@usuario_ficticio_242,https://ejemplo.invalid/p/1442
2026-08-10,Colombia,"no hay Glucofin en la farmacia, desabastecimiento otra vez https://ejemplo.invalid/p/1443",@usuario_ficticio_243,https://ejemplo.invalid/p/1443
2026-08-24,Chile,buenísimo el programa para controlar la diabetes,@usuario_ficticio_244,https://ejemplo.invalid/p/1444
2026-08-14,Colombia,"Vasotril me hizo mal, tuve mareos @cuenta_ficticia",@usuario_ficticio_245,https://ejemplo.invalid/p/1445
2026-08-27,Uruguay,caminar todos los días me ayudó con la presión https://ejemplo.invalid/p/1446,@usuario_ficticio_246,https://ejemplo.invalid/p/1446
2026-07-15,Chile,"no hay Glucofin en la farmacia, desabastecimiento otra vez",@usuario_ficticio_247,https://ejemplo.invalid/p/1447
2026-07-07,Argentina,"el Vasotril funciona bien, la presión mejoró",@usuario_ficticio_248,https://ejemplo.invalid/p/1448
2026-07-10,Uruguay,la hipertensión es un problema grave y nadie habla https://ejemplo.invalid/p/1449,@usuario_ficticio_249,https://ejemplo.invalid/p/1449
2026-07-27,México,me diagnosticaron presión alta y no sé qué comer @cuenta_ficticia,@usuario_ficticio_250,https://ejemplo.invalid/p/1450
2026-08-26,México,Calcimar D recomendado por mi médica,@usuario_ficticio_251,https://ejemplo.invalid/p/1451
2026-09-08,México,Calcimar D recomendado por mi médica https://ejemplo.invalid/p/1452,@usuario_ficticio_252,https://ejemplo.invalid/p/1452
2026-09-05,Brasil,buenísimo el programa para controlar la diabetes,@usuario_ficticio_253,https://ejemplo.invalid/p/1453
2026-07-07,Uruguay,"Vasotril me hizo mal, tuve mareos",@usuario_ficticio_254,https://ejemplo.invalid/p/1454
2026-09-14,México,buenísimo el programa para controlar la diabetes https://ejemplo.invalid/p/1455 @cuenta_ficticia,@usuario_ficticio_255,https://ejemplo.invalid/p/1455
2026-08-05,Chile,Vitalix está carísimo,@usuario_ficticio_256,https://ejemplo.invalid/p/1456
2026-08-15,Uruguay,"el Vasotril funciona bien, la presión mejoró",@usuario_ficticio_257,https://ejemplo.invalid/p/1457
2026-07-09,Argentina,con la diabetes el control de glucosa es un problema https://ejemplo.invalid/p/1458,@usuario_ficticio_258,https://ejemplo.invalid/p/1458
2026-09-03,México,"Vasotril me hizo mal, tuve mareos",@usuario_ficticio_259,https://ejemplo.invalid/p/1459
2026-08-18,Colombia,la hipertensión es un problema grave y nadie habla @cuenta_ficticia,@usuario_ficticio_260,https://ejemplo.invalid/p/1460
2026-07-11,México,con la diabetes el control de glucosa es un problema https://ejemplo.invalid/p/1461,@usuario_ficticio_261,https://ejemplo.invalid/p/1461
2026-08-11,Colombia,Vitalix está carísimo,@usuario_ficticio_262,https://ejemplo.invalid/p/1462
2026-08-08,Colombia,"el Vasotril funciona bien, la presión mejoró",@usuario_ficticio_263,https://ejemplo.invalid/p/1463
2026-09-09,México,Calcimar D recomendado por mi médica https://ejemplo.invalid/p/1464,@usuario_ficticio_264,https://ejemplo.invalid/p/1464
2026-09-22,Argentina,caminar todos los días me ayudó con la presión @cuenta_ficticia,@usuario_ficticio_265,https://ejemplo.invalid/p/1465
2026-07-04,Argentina,Vitalix está carísimo,@usuario_ficticio_266,https://ejemplo.invalid/p/1466
2026-09-13,Argentina,"Vasotril me hizo mal, tuve mareos https://ejemplo.invalid/p/1467",@usuario_ficticio_267,https://ejemplo.invalid/p/1467
2026-08-29,Argentina,"el Vasotril funciona bien, la presión mejoró",@usuario_ficticio_268,https://ejemplo.invalid/p/1468
2026-09-21,Colombia,Calcimar D recomendado por mi médica,@usuario_ficticio_269,https://ejemplo.invalid/p/1469
2026-07-18,Argentina,"Vasotril me hizo mal, tuve mareos https://ejemplo.invalid/p/1470 @cuenta_ficticia",@usuario_ficticio_270,https://ejemplo.invalid/p/1470
2026-07-30,Colombia,"Vasotril me hizo mal, tuve mareos",@usuario_ficticio_271,https://ejemplo.invalid/p/1471
2026-07-13,México,me diagnosticaron presión alta y no sé qué comer,@usuario_ficticio_272,https://ejemplo.invalid/p/1472
2026-07-23,Perú,buenísimo el programa para controlar la diabetes https://ejemplo.invalid/p/1473,@usuario_ficticio_273,https://ejemplo.invalid/p/1473
2026-07-09,Argentina,"Vasotril me hizo mal, tuve mareos",@usuario_ficticio_274,https://ejemplo.invalid/p/1474
2026-09-12,Uruguay,"no hay Glucofin en la farmacia, desabastecimiento otra vez @cuenta_ficticia",@usuario_ficticio_275,https://ejemplo.invalid/p/1475
2026-08-01,Chile,buenísimo el programa para controlar la diabetes https://ejemplo.invalid/p/1476,@usuario_ficticio_276,https://ejemplo.invalid/p/1476
2026-09-14,México,la hipertensión es un problema grave y nadie habla,@usuario_ficticio_277,https://ejemplo.invalid/p/1477
2026-09-02,Colombia,con la diabetes el control de glucosa es un problema,@usuario_ficticio_278,https://ejemplo.invalid/p/1478
2026-09-04,Colombia,mi vieja tiene osteoporosis y le duele todo https://ejemplo.invalid/p/1479,@usuario_ficticio_279,https://ejemplo.invalid/p/1479
2026-08-10,Colombia,buenísimo el programa para controlar la diabetes @cuenta_ficticia,@usuario_ficticio_280,https://ejemplo.invalid/p/1480
2026-08-11,México,"Vitalix me encanta, excelente para arrancar el día",@usuario_ficticio_281,https://ejemplo.invalid/p/1481
2026-07-16,Argentina,me diagnosticaron presión alta y no sé qué comer https://ejemplo.invalid/p/1482,@usuario_ficticio_282,https://ejemplo.invalid/p/1482
2026-08-29,México,con la diabetes el control de glucosa es un problema,@usuario_ficticio_283,https://ejemplo.invalid/p/1483
2026-07-13,Argentina,me diagnosticaron presión alta y no sé qué comer,@usuario_ficticio_284,https://ejemplo.invalid/p/1484
2026-08-11,México,la hipertensión es un problema grave y nadie habla https://ejemplo.invalid/p/1485 @cuenta_ficticia,@usuario_ficticio_285,https://ejemplo.invalid/p/1485
2026-08-13,Argentina,me diagnosticaron presión alta y no sé qué comer,@usuario_ficticio_286,https://ejemplo.invalid/p/1486
2026-08-31,Colombia,me diagnosticaron presión alta y no sé qué comer,@usuario_ficticio_287,https://ejemplo.invalid/p/1487
2026-09-18,Chile,caminar todos los días me ayudó con la presión https://ejemplo.invalid/p/1488,@usuario_ficticio_288,https://ejemplo.invalid/p/1488
2026-07-21,Argentina,Vitalix está carísimo,@usuario_ficticio_289,https://ejemplo.invalid/p/1489
2026-08-27,Perú,me diagnosticaron presión alta y no sé qué comer @cuenta_ficticia,@usuario_ficticio_290,https://ejemplo.invalid/p/1490
2026-08-17,México,caminar todos los días me ayudó con la presión https://ejemplo.invalid/p/1491,@usuario_ficticio_291,https://ejemplo.invalid/p/1491
2026-09-06,Colombia,caminar todos los días me ayudó con la presión,@usuario_ficticio_292,https://ejemplo.invalid/p/1492
2026-09-09,Argentina,la hipertensión es un problema grave y nadie habla,@usuario_ficticio_293,https://ejemplo.invalid/p/1493
2026-07-05,Argentina,la hipertensión es un problema grave y nadie habla https://ejemplo.invalid/p/1494,@usuario_ficticio_294,https://ejemplo.invalid/p/1494
2026-07-09,México,"el Vasotril funciona bien, la presión mejoró @cuenta_ficticia",@usuario_ficticio_295,https://ejemplo.invalid/p/1495
2026-07-04,Argentina,mi vieja tiene osteoporosis y le duele todo,@usuario_ficticio_296,https://ejemplo.invalid/p/1496
2026-07-31,Colombia,buenísimo el programa para controlar la diabetes https://ejemplo.invalid/p/1497,@usuario_ficticio_297,https://ejemplo.invalid/p/1497
2026-07-08,Argentina,mi vieja tiene osteoporosis y le duele todo,@usuario_ficticio_298,https://ejemplo.invalid/p/1498
2026-07-18,Uruguay,la hipertensión es un problema grave y nadie habla,@usuario_ficticio_299,https://ejemplo.invalid/p/1499
2026-08-14,Colombia,me diagnosticaron presión alta y no sé qué comer https://ejemplo.invalid/p/1500 @cuenta_ficticia,@usuario_ficticio_300,https://ejemplo.invalid/p/1500
2026-07-15,Uruguay,mi vieja tiene osteoporosis y le duele todo,@usuario_ficticio_301,https://ejemplo.invalid/p/1501
2026-09-14,México,buenísimo el programa para controlar la diabetes,@usuario_ficticio_302,https://ejemplo.invalid/p/1502
2026-08-02,México,"el Vasotril funciona bien, la presión mejoró https://ejemplo.invalid/p/1503",@usuario_ficticio_303,https://ejemplo.invalid/p/1503
2026-08-15,Colombia,caminar todos los días me ayudó con la presión,@usuario_ficticio_304,https://ejemplo.invalid/p/1504
2026-07-30,Argentina,"no hay Glucofin en la farmacia, desabastecimiento otra vez @cuenta_ficticia",@usuario_ficticio_305,https://ejemplo.invalid/p/1505
2026-08-08,Chile,"Vitalix me encanta, excelente para arrancar el día https://ejemplo.invalid/p/1506",@usuario_ficticio_306,https://ejemplo.invalid/p/1506
2026-08-20,Brasil,"Vasotril me hizo mal, tuve mareos",@usuario_ficticio_307,https://ejemplo.invalid/p/1507
2026-07-08,Colombia,"no hay Glucofin en la farmacia, desabastecimiento otra vez",@usuario_ficticio_308,https://ejemplo.invalid/p/1508
2026-07-09,México,"el Vasotril funciona bien, la presión mejoró https://ejemplo.invalid/p/1509",@usuario_ficticio_309,https://ejemplo.invalid/p/1509
2026-09-06,Brasil,"no hay Glucofin en la farmacia, desabastecimiento otra vez @cuenta_ficticia",@usuario_ficticio_310,https://ejemplo.invalid/p/1510
2026-07-02,Argentina,la hipertensión es un problema grave y nadie habla,@usuario_ficticio_311,https://ejemplo.invalid/p/1511
2026-08-05,México,la hipertensión es un problema grave y nadie habla https://ejemplo.invalid/p/1512,@usuario_ficticio_312,https://ejemplo.invalid/p/1512
2026-09-17,Uruguay,me diagnosticaron presión alta y no sé qué comer,@usuario_ficticio_313,https://ejemplo.invalid/p/1513
2026-07-20,Colombia,"el Vasotril funciona bien, la presión mejoró",@usuario_ficticio_314,https://ejemplo.invalid/p/1514
2026-07-08,México,mi vieja tiene osteoporosis y le duele todo https://ejemplo.invalid/p/1515 @cuenta_ficticia,@usuario_ficticio_315,https://ejemplo.invalid/p/1515
2026-08-07,Chile,Calcimar D recomendado por mi médica,@usuario_ficticio_316,https://ejemplo.invalid/p/1516
2026-08-18,Colombia,"Vitalix me encanta, excelente para arrancar el día",@usuario_ficticio_317,https://ejemplo.invalid/p/1517
2026-09-05,Argentina,me diagnosticaron presión alta y no sé qué comer https://ejemplo.invalid/p/1518,@usuario_ficticio_318,https://ejemplo.invalid/p/1518
2026-09-01,Argentina,Vitalix está carísimo,@usuario_ficticio_319,https://ejemplo.invalid/p/1519
2026-09-01,México,"Vitalix me encanta, excelente para arrancar el día @cuenta_ficticia",@usuario_ficticio_320,https://ejemplo.invalid/p/1520
2026-08-02,Chile,mi vieja tiene osteoporosis y le duele todo https://ejemplo.invalid/p/1521,@usuario_ficticio_321,https://ejemplo.invalid/p/1521
2026-07-06,Colombia,Calcimar D recomendado por mi médica,@usuario_ficticio_322,https://ejemplo.invalid/p/1522
2026-08-25,Colombia,buenísimo el programa para controlar la diabetes,@usuario_ficticio_323,https://ejemplo.invalid/p/1523
2026-08-05,Perú,buenísimo el programa para controlar la diabetes https://ejemplo.invalid/p/1524,@usuario_ficticio_324,https://ejemplo.invalid/p/1524
2026-08-19,Argentina,"no hay Glucofin en la farmacia, desabastecimiento otra vez @cuenta_ficticia",@usuario_ficticio_325,https://ejemplo.invalid/p/1525
2026-07-07,Argentina,"no hay Glucofin en la farmacia, desabastecimiento otra vez",@usuario_ficticio_326,https://ejemplo.invalid/p/1526
2026-09-06,Brasil,con la diabetes el control de glucosa es un problema https://ejemplo.invalid/p/1527,@usuario_ficticio_327,https://ejemplo.invalid/p/1527
2026-07-17,México,la hipertensión es un problema grave y nadie habla,@usuario_ficticio_328,https://ejemplo.invalid/p/1528
2026-08-24,México,Calcimar D recomendado por mi médica,@usuario_ficticio_329,https://ejemplo.invalid/p/1529
2026-08-30,Colombia,"no hay Glucofin en la farmacia, desabastecimiento otra vez https://ejemplo.invalid/p/1530 @cuenta_ficticia",@usuario_ficticio_330,https://ejemplo.invalid/p/1530
2026-09-08,México,"Vitalix me encanta, excelente para arrancar el día",@usuario_ficticio_331,https://ejemplo.invalid/p/1531
2026-09-07,Brasil,con la diabetes el control de glucosa es un problema,@usuario_ficticio_332,https://ejemplo.invalid/p/1532
2026-07-06,Uruguay,la hipertensión es un problema grave y nadie habla https://ejemplo.invalid/p/1533,@usuario_ficticio_333,https://ejemplo.invalid/p/1533
2026-08-22,Chile,buenísimo el programa para controlar la diabetes,@usuario_ficticio_334,https://ejemplo.invalid/p/1534
2026-08-29,Perú,mi vieja tiene osteoporosis y le duele todo @cuenta_ficticia,@usuario_ficticio_335,https://ejemplo.invalid/p/1535
2026-09-16,México,"el Vasotril funciona bien, la presión mejoró https://ejemplo.invalid/p/1536",@usuario_ficticio_336,https://ejemplo.invalid/p/1536
2026-07-10,México,con la diabetes el control de glucosa es un problema,@usuario_ficticio_337,https://ejemplo.invalid/p/1537
2026-08-23,Argentina,me diagnosticaron presión alta y no sé qué comer,@usuario_ficticio_338,https://ejemplo.invalid/p/1538
2026-07-11,Argentina,mi vieja tiene osteoporosis y le duele todo https://ejemplo.invalid/p/1539,@usuario_ficticio_339,https://ejemplo.invalid/p/1539
2026-09-15,México,"el Vasotril funciona bien, la presión mejoró @cuenta_ficticia",@usuario_ficticio_340,https://ejemplo.invalid/p/1540
2026-08-14,México,"no hay Glucofin en la farmacia, desabastecimiento otra vez",@usuario_ficticio_341,https://ejemplo.invalid/p/1541
2026-09-14,México,con la diabetes el control de glucosa es un problema https://ejemplo.invalid/p/1542,@usuario_ficticio_342,https://ejemplo.invalid/p/1542
2026-07-07,Brasil,me diagnosticaron presión alta y no sé qué comer,@usuario_ficticio_343,https://ejemplo.invalid/p/1543
2026-08-14,México,con la diabetes el control de glucosa es un problema,@usuario_ficticio_344,https://ejemplo.invalid/p/1544
2026-07-13,Brasil,la hipertensión es un problema grave y nadie habla https://ejemplo.invalid/p/1545 @cuenta_ficticia,@usuario_ficticio_345,https://ejemplo.invalid/p/1545
2026-07-15,Argentina,"no hay Glucofin en la farmacia, desabastecimiento otra vez",@usuario_ficticio_346,https://ejemplo.invalid/p/1546
2026-08-22,Colombia,"no hay Glucofin en la farmacia, desabastecimiento otra vez",@usuario_ficticio_347,https://ejemplo.invalid/p/1547
2026-09-19,México,mi vieja tiene osteoporosis y le duele todo https://ejemplo.invalid/p/1548,@usuario_ficticio_348,https://ejemplo.invalid/p/1548
2026-09-19,Argentina,"el Vasotril funciona bien, la presión mejoró",@usuario_ficticio_349,https://ejemplo.invalid/p/1549
2026-09-22,Chile,caminar todos los días me ayudó con la presión @cuenta_ficticia,@usuario_ficticio_350,https://ejemplo.invalid/p/1550
2026-08-01,Colombia,con la diabetes el control de glucosa es un problema https://ejemplo.invalid/p/1551,@usuario_ficticio_351,https://ejemplo.invalid/p/1551
2026-07-23,Perú,la hipertensión es un problema grave y nadie habla,@usuario_ficticio_352,https://ejemplo.invalid/p/1552
2026-07-26,Perú,la hipertensión es un problema grave y nadie habla,@usuario_ficticio_353,https://ejemplo.invalid/p/1553
2026-07-02,Chile,mi vieja tiene osteoporosis y le duele todo https://ejemplo.invalid/p/1554,@usuario_ficticio_354,https://ejemplo.invalid/p/1554
2026-07-23,México,la hipertensión es un problema grave y nadie habla @cuenta_ficticia,@usuario_ficticio_355,https://ejemplo.invalid/p/1555
2026-07-13,México,me diagnosticaron presión alta y no sé qué comer,@usuario_ficticio_356,https://ejemplo.invalid/p/1556
2026-09-05,México,mi vieja tiene osteoporosis y le duele todo https://ejemplo.invalid/p/1557,@usuario_ficticio_357,https://ejemplo.invalid/p/1557
2026-08-29,Colombia,Vitalix está carísimo,@usuario_ficticio_358,https://ejemplo.invalid/p/1558
2026-07-20,México,me diagnosticaron presión alta y no sé qué comer,@usuario_ficticio_359,https://ejemplo.invalid/p/1559
2026-09-01,Perú,"Vasotril me hizo mal, tuve mareos https://ejemplo.invalid/p/1560 @cuenta_ficticia",@usuario_ficticio_360,https://ejemplo.invalid/p/1560
2026-08-02,Colombia,Calcimar D recomendado por mi médica,@usuario_ficticio_361,https://ejemplo.invalid/p/1561
2026-09-07,Perú,buenísimo el programa para controlar la diabetes,@usuario_ficticio_362,https://ejemplo.invalid/p/1562
2026-09-12,Argentina,"Vasotril me hizo mal, tuve mareos https://ejemplo.invalid/p/1563",@usuario_ficticio_363,https://ejemplo.invalid/p/1563
2026-09-21,Colombia,me diagnosticaron presión alta y no sé qué comer,@usuario_ficticio_364,https://ejemplo.invalid/p/1564
2026-09-08,Argentina,"Vitalix me encanta, excelente para arrancar el día @cuenta_ficticia",@usuario_ficticio_365,https://ejemplo.invalid/p/1565
2026-09-08,Argentina,"el Vasotril funciona bien, la presión mejoró https://ejemplo.invalid/p/1566",@usuario_ficticio_366,https://ejemplo.invalid/p/1566
2026-09-21,Perú,mi vieja tiene osteoporosis y le duele todo,@usuario_ficticio_367,https://ejemplo.invalid/p/1567
2026-07-03,México,Calcimar D recomendado por mi médica,@usuario_ficticio_368,https://ejemplo.invalid/p/1568
2026-07-11,México,Calcimar D recomendado por mi médica https://ejemplo.invalid/p/1569,@usuario_ficticio_369,https://ejemplo.invalid/p/1569
2026-08-15,México,la hipertensión es un problema grave y nadie habla @cuenta_ficticia,@usuario_ficticio_370,https://ejemplo.invalid/p/1570
2026-09-22,México,Calcimar D recomendado por mi médica,@usuario_ficticio_371,https://ejemplo.invalid/p/1571
2026-07-13,Brasil,con la diabetes el control de glucosa es un problema https://ejemplo.invalid/p/1572,@usuario_ficticio_372,https://ejemplo.invalid/p/1572
2026-07-27,Argentina,con la diabetes el control de glucosa es un problema,@usuario_ficticio_373,https://ejemplo.invalid/p/1573
2026-08-15,México,caminar todos los días me ayudó con la presión,@usuario_ficticio_374,https://ejemplo.invalid/p/1574
2026-09-07,México,me diagnosticaron presión alta y no sé qué comer https://ejemplo.invalid/p/1575 @cuenta_ficticia,@usuario_ficticio_375,https://ejemplo.invalid/p/1575
2026-09-19,Brasil,mi vieja tiene osteoporosis y le duele todo,@usuario_ficticio_376,https://ejemplo.invalid/p/1576
2026-09-22,México,con la diabetes el control de glucosa es un problema,@usuario_ficticio_377,https://ejemplo.invalid/p/1577
2026-07-07,Uruguay,"Vasotril me hizo mal, tuve mareos https://ejemplo.invalid/p/1578",@usuario_ficticio_378,https://ejemplo.invalid/p/1578
2026-08-25,México,buenísimo el programa para controlar la diabetes,@usuario_ficticio_379,https://ejemplo.invalid/p/1579
2026-08-12,México,me diagnosticaron presión alta y no sé qué comer @cuenta_ficticia,@usuario_ficticio_380,https://ejemplo.invalid/p/1580
2026-09-04,México,con la diabetes el control de glucosa es un problema https://ejemplo.invalid/p/1581,@usuario_ficticio_381,https://ejemplo.invalid/p/1581
2026-08-23,México,"Vasotril me hizo mal, tuve mareos",@usuario_ficticio_382,https://ejemplo.invalid/p/1582
2026-09-18,Argentina,con la diabetes el control de glucosa es un problema,@usuario_ficticio_383,https://ejemplo.invalid/p/1583
2026-09-06,Argentina,"Vitalix me encanta, excelente para arrancar el día https://ejemplo.invalid/p/1584",@usuario_ficticio_384,https://ejemplo.invalid/p/1584
2026-07-10,México,me diagnosticaron presión alta y no sé qué comer @cuenta_ficticia,@usuario_ficticio_385,https://ejemplo.invalid/p/1585
2026-08-19,México,"Vasotril me hizo mal, tuve mareos",@usuario_ficticio_386,https://ejemplo.invalid/p/1586
2026-08-15,Argentina,"Vasotril me hizo mal, tuve mareos https://ejemplo.invalid/p/1587",@usuario_ficticio_387,https://ejemplo.invalid/p/1587
2026-07-22,Argentina,"el Vasotril funciona bien, la presión mejoró",@usuario_ficticio_388,https://ejemplo.invalid/p/1588
2026-09-02,Colombia,la hipertensión es un problema grave y nadie habla,@usuario_ficticio_389,https://ejemplo.invalid/p/1589
2026-08-18,Perú,"el Vasotril funciona bien, la presión mejoró https://ejemplo.invalid/p/1590 @cuenta_ficticia",@usuario_ficticio_390,https://ejemplo.invalid/p/1590
2026-08-23,México,la hipertensión es un problema grave y nadie habla,@usuario_ficticio_391,https://ejemplo.invalid/p/1591
2026-07-28,México,"Vasotril me hizo mal, tuve mareos",@usuario_ficticio_392,https://ejemplo.invalid/p/1592
2026-07-11,Argentina,buenísimo el programa para controlar la diabetes https://ejemplo.invalid/p/1593,@usuario_ficticio_393,https://ejemplo.invalid/p/1593
2026-07-04,Colombia,caminar todos los días me ayudó con la presión,@usuario_ficticio_394,https://ejemplo.invalid/p/1594
2026-08-02,México,"no hay Glucofin en la farmacia, desabastecimiento otra vez @cuenta_ficticia",@usuario_ficticio_395,https://ejemplo.invalid/p/1595
2026-08-21,Brasil,"Vasotril me hizo mal, tuve mareos https://ejemplo.invalid/p/1596",@usuario_ficticio_396,https://ejemplo.invalid/p/1596
2026-08-07,México,Calcimar D recomendado por mi médica,@usuario_ficticio_397,https://ejemplo.invalid/p/1597
2026-08-24,Colombia,Vitalix está carísimo,@usuario_ficticio_398,https://ejemplo.invalid/p/1598
2026-07-30,Argentina,Vitalix está carísimo https://ejemplo.invalid/p/1599,@usuario_ficticio_399,https://ejemplo.invalid/p/1599
2026-09-15,Colombia,me diagnosticaron presión alta y no sé qué comer @cuenta_ficticia,@usuario_ficticio_0,https://ejemplo.invalid/p/1600
2026-07-09,México,me diagnosticaron presión alta y no sé qué comer,@usuario_ficticio_1,https://ejemplo.invalid/p/1601
2026-09-03,México,me diagnosticaron presión alta y no sé qué comer https://ejemplo.invalid/p/1602,@usuario_ficticio_2,https://ejemplo.invalid/p/1602
2026-08-11,Chile,la hipertensión es un problema grave y nadie habla,@usuario_ficticio_3,https://ejemplo.invalid/p/1603
2026-08-06,Brasil,"el Vasotril funciona bien, la presión mejoró",@usuario_ficticio_4,https://ejemplo.invalid/p/1604
2026-07-03,Colombia,"Vasotril me hizo mal, tuve mareos https://ejemplo.invalid/p/1605 @cuenta_ficticia",@usuario_ficticio_5,https://ejemplo.invalid/p/1605
2026-07-16,Uruguay,la hipertensión es un problema grave y nadie habla,@usuario_ficticio_6,https://ejemplo.invalid/p/1606
2026-09-01,México,Vitalix está carísimo,@usuario_ficticio_7,https://ejemplo.invalid/p/1607
2026-08-05,México,la hipertensión es un problema grave y nadie habla https://ejemplo.invalid/p/1608,@usuario_ficticio_8,https://ejemplo.invalid/p/1608
2026-09-15,Argentina,con la diabetes el control de glucosa es un problema,@usuario_ficticio_9,https://ejemplo.invalid/p/1609
2026-07-29,Colombia,"no hay Glucofin en la farmacia, desabastecimiento otra vez @cuenta_ficticia",@usuario_ficticio_10,https://ejemplo.invalid/p/1610
2026-09-16,Argentina,Calcimar D recomendado por mi médica https://ejemplo.invalid/p/1611,@usuario_ficticio_11,https://ejemplo.invalid/p/1611
2026-07-17,Argentina,la hipertensión es un problema grave y nadie habla,@usuario_ficticio_12,https://ejemplo.invalid/p/1612
2026-07-01,México,con la diabetes el control de glucosa es un problema,@usuario_ficticio_13,https://ejemplo.invalid/p/1613
2026-07-28,Colombia,la hipertensión es un problema grave y nadie habla https://ejemplo.invalid/p/1614,@usuario_ficticio_14,https://ejemplo.invalid/p/1614
2026-08-22,México,me diagnosticaron presión alta y no sé qué comer @cuenta_ficticia,@usuario_ficticio_15,https://ejemplo.invalid/p/1615
2026-07-21,Argentina,buenísimo el programa para controlar la diabetes,@usuario_ficticio_16,https://ejemplo.invalid/p/1616
2026-08-26,Argentina,"el Vasotril funciona bien, la presión mejoró https://ejemplo.invalid/p/1617",@usuario_ficticio_17,https://ejemplo.invalid/p/1617
2026-07-04,Colombia,la hipertensión es un problema grave y nadie habla,@usuario_ficticio_18,https://ejemplo.invalid/p/1618
2026-09-14,México,Vitalix está carísimo,@usuario_ficticio_19,https://ejemplo.invalid/p/1619
2026-08-09,Argentina,la hipertensión es un problema grave y nadie habla https://ejemplo.invalid/p/1620 @cuenta_ficticia,@usuario_ficticio_20,https://ejemplo.invalid/p/1620
2026-08-16,México,"Vitalix me encanta, excelente para arrancar el día",@usuario_ficticio_21,https://ejemplo.invalid/p/1621
2026-08-28,México,"Vitalix me encanta, excelente para arrancar el día",@usuario_ficticio_22,https://ejemplo.invalid/p/1622
2026-07-12,Chile,mi vieja tiene osteoporosis y le duele todo https://ejemplo.invalid/p/1623,@usuario_ficticio_23,https://ejemplo.invalid/p/1623
2026-08-09,Argentina,caminar todos los días me ayudó con la presión,@usuario_ficticio_24,https://ejemplo.invalid/p/1624
2026-08-15,México,caminar todos los días me ayudó con la presión @cuenta_ficticia,@usuario_ficticio_25,https://ejemplo.invalid/p/1625
2026-07-06,Argentina,"no hay Glucofin en la farmacia, desabastecimiento otra vez https://ejemplo.invalid/p/1626",@usuario_ficticio_26,https://ejemplo.invalid/p/1626
2026-07-08,México,me diagnosticaron presión alta y no sé qué comer,@usuario_ficticio_27,https://ejemplo.invalid/p/1627
2026-07-07,Uruguay,caminar todos los días me ayudó con la presión,@usuario_ficticio_28,https://ejemplo.invalid/p/1628
2026-07-01,México,"Vitalix me encanta, excelente para arrancar el día https://ejemplo.invalid/p/1629",@usuario_ficticio_29,https://ejemplo.invalid/p/1629
2026-07-07,México,caminar todos los días me ayudó con la presión @cuenta_ficticia,@usuario_ficticio_30,https://ejemplo.invalid/p/1630
2026-08-01,México,caminar todos los días me ayudó con la presión,@usuario_ficticio_31,https://ejemplo.invalid/p/1631
2026-07-14,México,Vitalix está carísimo https://ejemplo.invalid/p/1632,@usuario_ficticio_32,https://ejemplo.invalid/p/1632
2026-07-16,Chile,Vitalix está carísimo,@usuario_ficticio_33,https://ejemplo.invalid/p/1633
2026-08-14,Brasil,con la diabetes el control de glucosa es un problema,@usuario_ficticio_34,https://ejemplo.invalid/p/1634
2026-08-31,Brasil,la hipertensión es un problema grave y nadie habla https://ejemplo.invalid/p/1635 @cuenta_ficticia,@usuario_ficticio_35,https://ejemplo.invalid/p/1635
2026-09-04,Uruguay,"el Vasotril funciona bien, la presión mejoró",@usuario_ficticio_36,https://ejemplo.invalid/p/1636
2026-07-30,Argentina,con la diabetes el control de glucosa es un problema,@usuario_ficticio_37,https://ejemplo.invalid/p/1637
2026-09-03,Uruguay,me diagnosticaron presión alta y no sé qué comer https://ejemplo.invalid/p/1638,@usuario_ficticio_38,https://ejemplo.invalid/p/1638
2026-09-20,Colombia,me diagnosticaron presión alta y no sé qué comer,@usuario_ficticio_39,https://ejemplo.invalid/p/1639
2026-07-29,Argentina,"Vasotril me hizo mal, tuve mareos @cuenta_ficticia",@usuario_ficticio_40,https://ejemplo.invalid/p/1640
2026-07-24,México,me diagnosticaron presión alta y no sé qué comer https://ejemplo.invalid/p/1641,@usuario_ficticio_41,https://ejemplo.invalid/p/1641
2026-09-20,Brasil,"el Vasotril funciona bien, la presión mejoró",@usuario_ficticio_42,https://ejemplo.invalid/p/1642
2026-07-25,Argentina,la hipertensión es un problema grave y nadie habla,@usuario_ficticio_43,https://ejemplo.invalid/p/1643
2026-09-14,Colombia,mi vieja tiene osteoporosis y le duele todo https://ejemplo.invalid/p/1644,@usuario_ficticio_44,https://ejemplo.invalid/p/1644
2026-07-20,Perú,"Vitalix me encanta, excelente para arrancar el día @cuenta_ficticia",@usuario_ficticio_45,https://ejemplo.invalid/p/1645
2026-07-21,Argentina,"Vitalix me encanta, excelente para arrancar el día",@usuario_ficticio_46,https://ejemplo.invalid/p/1646
2026-08-16,Argentina,"Vitalix me encanta, excelente para arrancar el día https://ejemplo.invalid/p/1647",@usuario_ficticio_47,https://ejemplo.invalid/p/1647
2026-08-11,México,mi vieja tiene osteoporosis y le duele todo,@usuario_ficticio_48,https://ejemplo.invalid/p/1648
2026-07-28,Chile,"Vasotril me hizo mal, tuve mareos",@usuario_ficticio_49,https://ejemplo.invalid/p/1649
2026-09-02,Colombia,"no hay Glucofin en la farmacia, desabastecimiento otra vez https://ejemplo.invalid/p/1650 @cuenta_ficticia",@usuario_ficticio_50,https://ejemplo.invalid/p/1650
2026-08-30,Colombia,la hipertensión es un problema grave y nadie habla,@usuario_ficticio_51,https://ejemplo.invalid/p/1651
2026-08-11,Uruguay,Calcimar D recomendado por mi médica,@usuario_ficticio_52,https://ejemplo.invalid/p/1652
2026-09-05,México,Vitalix está carísimo https://ejemplo.invalid/p/1653,@usuario_ficticio_53,https://ejemplo.invalid/p/1653
2026-09-14,Argentina,buenísimo el programa para controlar la diabetes,@usuario_ficticio_54,https://ejemplo.invalid/p/1654
2026-08-12,Argentina,"Vasotril me hizo mal, tuve mareos @cuenta_ficticia",@usuario_ficticio_55,https://ejemplo.invalid/p/1655
2026-08-28,México,buenísimo el programa para controlar la diabetes https://ejemplo.invalid/p/1656,@usuario_ficticio_56,https://ejemplo.invalid/p/1656
2026-08-18,Colombia,"el Vasotril funciona bien, la presión mejoró",@usuario_ficticio_57,https://ejemplo.invalid/p/1657
2026-09-17,México,la hipertensión es un problema grave y nadie habla,@usuario_ficticio_58,https://ejemplo.invalid/p/1658
2026-08-11,Chile,Calcimar D recomendado por mi médica https://ejemplo.invalid/p/1659,@usuario_ficticio_59,https://ejemplo.invalid/p/1659
2026-08-23,México,buenísimo el programa para controlar la diabetes @cuenta_ficticia,@usuario_ficticio_60,https://ejemplo.invalid/p/1660
2026-08-15,Uruguay,con la diabetes el control de glucosa es un problema,@usuario_ficticio_61,https://ejemplo.invalid/p/1661
2026-07-29,Colombia,me diagnosticaron presión alta y no sé qué comer https://ejemplo.invalid/p/1662,@usuario_ficticio_62,https://ejemplo.invalid/p/1662
2026-08-31,México,"el Vasotril funciona bien, la presión mejoró",@usuario_ficticio_63,https://ejemplo.invalid/p/1663
2026-09-11,Argentina,"Vitalix me encanta, excelente para arrancar el día",@usuario_ficticio_64,https://ejemplo.invalid/p/1664
2026-08-06,México,"Vasotril me hizo mal, tuve mareos https://ejemplo.invalid/p/1665 @cuenta_ficticia",@usuario_ficticio_65,https://ejemplo.invalid/p/1665
2026-08-30,Perú,"Vitalix me encanta, excelente para arrancar el día",@usuario_ficticio_66,https://ejemplo.invalid/p/1666
2026-08-10,Perú,me diagnosticaron presión alta y no sé qué comer,@usuario_ficticio_67,https://ejemplo.invalid/p/1667
2026-07-18,Argentina,Vitalix está carísimo https://ejemplo.invalid/p/1668,@usuario_ficticio_68,https://ejemplo.invalid/p/1668
2026-08-03,Argentina,"Vitalix me encanta, excelente para arrancar el día",@usuario_ficticio_69,https://ejemplo.invalid/p/1669
2026-09-02,Chile,buenísimo el programa para controlar la diabetes @cuenta_ficticia,@usuario_ficticio_70,https://ejemplo.invalid/p/1670
2026-07-11,Colombia,Calcimar D recomendado por mi médica https://ejemplo.invalid/p/1671,@usuario_ficticio_71,https://ejemplo.invalid/p/1671
2026-09-17,México,Vitalix está carísimo,@usuario_ficticio_72,https://ejemplo.invalid/p/1672
2026-09-17,México,buenísimo el programa para controlar la diabetes,@usuario_ficticio_73,https://ejemplo.invalid/p/1673
2026-07-16,Argentina,con la diabetes el control de glucosa es un problema https://ejemplo.invalid/p/1674,@usuario_ficticio_74,https://ejemplo.invalid/p/1674
2026-09-12,Perú,Calcimar D recomendado por mi médica @cuenta_ficticia,@usuario_ficticio_75,https://ejemplo.invalid/p/1675
2026-08-28,México,caminar todos los días me ayudó con la presión,@usuario_ficticio_76,https://ejemplo.invalid/p/1676
2026-09-21,Argentina,caminar todos los días me ayudó con la presión https://ejemplo.invalid/p/1677,@usuario_ficticio_77,https://ejemplo.invalid/p/1677
2026-08-18,Uruguay,Calcimar D recomendado por mi médica,@usuario_ficticio_78,https://ejemplo.invalid/p/1678
2026-08-20,Brasil,"no hay Glucofin en la farmacia, desabastecimiento otra vez",@usuario_ficticio_79,https://ejemplo.invalid/p/1679
2026-07-21,Chile,me diagnosticaron presión alta y no sé qué comer https://ejemplo.invalid/p/1680 @cuenta_ficticia,@usuario_ficticio_80,https://ejemplo.invalid/p/1680
2026-08-04,Argentina,Calcimar D recomendado por mi médica,@usuario_ficticio_81,https://ejemplo.invalid/p/1681
2026-08-24,México,mi vieja tiene osteoporosis y le duele todo,@usuario_ficticio_82,https://ejemplo.invalid/p/1682
2026-08-28,Chile,caminar todos los días me ayudó con la presión https://ejemplo.invalid/p/1683,@usuario_ficticio_83,https://ejemplo.invalid/p/1683
2026-08-16,México,con la diabetes el control de glucosa es un problema,@usuario_ficticio_84,https://ejemplo.invalid/p/1684
2026-07-15,México,"Vitalix me encanta, excelente para arrancar el día @cuenta_ficticia",@usuario_ficticio_85,https://ejemplo.invalid/p/1685
2026-09-17,Colombia,"Vitalix me encanta, excelente para arrancar el día https://ejemplo.invalid/p/1686",@usuario_ficticio_86,https://ejemplo.invalid/p/1686
2026-07-26,Argentina,buenísimo el programa para controlar la diabetes,@usuario_ficticio_87,https://ejemplo.invalid/p/1687
2026-08-26,Brasil,"Vasotril me hizo mal, tuve mareos",@usuario_ficticio_88,https://ejemplo.invalid/p/1688
2026-07-14,Chile,buenísimo el programa para controlar la diabetes https://ejemplo.invalid/p/1689,@usuario_ficticio_89,https://ejemplo.invalid/p/1689
2026-09-15,Uruguay,"Vasotril me hizo mal, tuve mareos @cuenta_ficticia",@usuario_ficticio_90,https://ejemplo.invalid/p/1690
2026-07-25,Chile,me diagnosticaron presión alta y no sé qué comer,@usuario_ficticio_91,https://ejemplo.invalid/p/1691
2026-08-16,Colombia,con la diabetes el control de glucosa es un problema https://ejemplo.invalid/p/1692,@usuario_ficticio_92,https://ejemplo.invalid/p/1692
2026-08-24,Colombia,caminar todos los días me ayudó con la presión,@usuario_ficticio_93,https://ejemplo.invalid/p/1693
2026-08-01,Uruguay,Calcimar D recomendado por mi médica,@usuario_ficticio_94,https://ejemplo.invalid/p/1694
2026-07-08,Chile,buenísimo el programa para controlar la diabetes https://ejemplo.invalid/p/1695 @cuenta_ficticia,@usuario_ficticio_95,https://ejemplo.invalid/p/1695
2026-09-05,México,Vitalix está carísimo,@usuario_ficticio_96,https://ejemplo.invalid/p/1696
2026-08-13,Chile,"el Vasotril funciona bien, la presión mejoró",@usuario_ficticio_97,https://ejemplo.invalid/p/1697
2026-09-19,Argentina,caminar todos los días me ayudó con la presión https://ejemplo.invalid/p/1698,@usuario_ficticio_98,https://ejemplo.invalid/p/1698
2026-08-10,Colombia,"Vitalix me encanta, excelente para arrancar el día",@usuario_ficticio_99,https://ejemplo.invalid/p/1699
2026-08-05,Argentina,me diagnosticaron presión alta y no sé qué comer @cuenta_ficticia,@usuario_ficticio_100,https://ejemplo.invalid/p/1700
2026-08-08,Argentina,"Vasotril me hizo mal, tuve mareos https://ejemplo.invalid/p/1701",@usuario_ficticio_101,https://ejemplo.invalid/p/1701
2026-08-23,Argentina,"Vasotril me hizo mal, tuve mareos",@usuario_ficticio_102,https://ejemplo.invalid/p/1702
2026-08-28,México,"Vitalix me encanta, excelente para arrancar el día",@usuario_ficticio_103,https://ejemplo.invalid/p/1703
2026-09-11,Argentina,"no hay Glucofin en la farmacia, desabastecimiento otra vez https://ejemplo.invalid/p/1704",@usuario_ficticio_104,https://ejemplo.invalid/p/1704
2026-08-22,Uruguay,me diagnosticaron presión alta y no sé qué comer @cuenta_ficticia,@usuario_ficticio_105,https://ejemplo.invalid/p/1705
2026-07-23,México,"Vasotril me hizo mal, tuve mareos",@usuario_ficticio_106,https://ejemplo.invalid/p/1706
2026-07-13,Colombia,"el Vasotril funciona bien, la presión mejoró https://ejemplo.invalid/p/1707",@usuario_ficticio_107,https://ejemplo.invalid/p/1707
2026-08-11,México,"el Vasotril funciona bien, la presión mejoró",@usuario_ficticio_108,https://ejemplo.invalid/p/1708
2026-07-21,Colombia,"Vasotril me hizo mal, tuve mareos",@usuario_ficticio_109,https://ejemplo.invalid/p/1709
2026-07-14,Brasil,buenísimo el programa para controlar la diabetes https://ejemplo.invalid/p/1710 @cuenta_ficticia,@usuario_ficticio_110,https://ejemplo.invalid/p/1710
2026-08-23,México,me diagnosticaron presión alta y no sé qué comer,@usuario_ficticio_111,https://ejemplo.invalid/p/1711
2026-07-28,Argentina,"el Vasotril funciona bien, la presión mejoró",@usuario_ficticio_112,https://ejemplo.invalid/p/1712
2026-08-11,Colombia,la hipertensión es un problema grave y nadie habla https://ejemplo.invalid/p/1713,@usuario_ficticio_113,https://ejemplo.invalid/p/1713
2026-08-03,Argentina,"Vasotril me hizo mal, tuve mareos",@usuario_ficticio_114,https://ejemplo.invalid/p/1714
2026-08-22,Colombia,"Vasotril me hizo mal, tuve mareos @cuenta_ficticia",@usuario_ficticio_115,https://ejemplo.invalid/p/1715
2026-07-04,México,con la diabetes el control de glucosa es un problema https://ejemplo.invalid/p/1716,@usuario_ficticio_116,https://ejemplo.invalid/p/1716
2026-07-09,Argentina,con la diabetes el control de glucosa es un problema,@usuario_ficticio_117,https://ejemplo.invalid/p/1717
2026-09-15,Chile,con la diabetes el control de glucosa es un problema,@usuario_ficticio_118,https://ejemplo.invalid/p/1718
2026-08-17,México,"el Vasotril funciona bien, la presión mejoró https://ejemplo.invalid/p/1719",@usuario_ficticio_119,https://ejemplo.invalid/p/1719
2026-07-12,Argentina,"no hay Glucofin en la farmacia, desabastecimiento otra vez @cuenta_ficticia",@usuario_ficticio_120,https://ejemplo.invalid/p/1720
2026-07-29,Uruguay,"el Vasotril funciona bien, la presión mejoró",@usuario_ficticio_121,https://ejemplo.invalid/p/1721
2026-07-24,Chile,"Vasotril me hizo mal, tuve mareos https://ejemplo.invalid/p/1722",@usuario_ficticio_122,https://ejemplo.invalid/p/1722
2026-09-02,Colombia,"Vasotril me hizo mal, tuve mareos",@usuario_ficticio_123,https://ejemplo.invalid/p/1723
2026-08-29,México,caminar todos los días me ayudó con la presión,@usuario_ficticio_124,https://ejemplo.invalid/p/1724
2026-07-17,Argentina,Vitalix está carísimo https://ejemplo.invalid/p/1725 @cuenta_ficticia,@usuario_ficticio_125,https://ejemplo.invalid/p/1725
2026-08-01,Colombia,"Vasotril me hizo mal, tuve mareos",@usuario_ficticio_126,https://ejemplo.invalid/p/1726
2026-09-21,Argentina,con la diabetes el control de glucosa es un problema,@usuario_ficticio_127,https://ejemplo.invalid/p/1727
2026-08-26,México,"el Vasotril funciona bien, la presión mejoró https://ejemplo.invalid/p/1728",@usuario_ficticio_128,https://ejemplo.invalid/p/1728
2026-08-02,Colombia,la hipertensión es un problema grave y nadie habla,@usuario_ficticio_129,https://ejemplo.invalid/p/1729
2026-09-09,Colombia,con la diabetes el control de glucosa es un problema @cuenta_ficticia,@usuario_ficticio_130,https://ejemplo.invalid/p/1730
2026-07-13,Chile,con la diabetes el control de glucosa es un problema https://ejemplo.invalid/p/1731,@usuario_ficticio_131,https://ejemplo.invalid/p/1731
2026-08-29,México,"el Vasotril funciona bien, la presión mejoró",@usuario_ficticio_132,https://ejemplo.invalid/p/1732
2026-08-31,Perú,buenísimo el programa para controlar la diabetes,@usuario_ficticio_133,https://ejemplo.invalid/p/1733
2026-07-22,Argentina,"no hay Glucofin en la farmacia, desabastecimiento otra vez https://ejemplo.invalid/p/1734",@usuario_ficticio_134,https://ejemplo.invalid/p/1734
2026-08-30,México,"Vitalix me encanta, excelente para arrancar el día @cuenta_ficticia",@usuario_ficticio_135,https://ejemplo.invalid/p/1735
2026-09-11,Argentina,"Vitalix me encanta, excelente para arrancar el día",@usuario_ficticio_136,https://ejemplo.invalid/p/1736
2026-08-20,Colombia,caminar todos los días me ayudó con la presión https://ejemplo.invalid/p/1737,@usuario_ficticio_137,https://ejemplo.invalid/p/1737
2026-07-15,Argentina,"el Vasotril funciona bien, la presión mejoró",@usuario_ficticio_138,https://ejemplo.invalid/p/1738
2026-07-05,Uruguay,me diagnosticaron presión alta y no sé qué comer,@usuario_ficticio_139,https://ejemplo.invalid/p/1739
2026-07-04,México,me diagnosticaron presión alta y no sé qué comer https://ejemplo.invalid/p/1740 @cuenta_ficticia,@usuario_ficticio_140,https://ejemplo.invalid/p/1740
2026-08-05,Uruguay,con la diabetes el control de glucosa es un problema,@usuario_ficticio_141,https://ejemplo.invalid/p/1741
2026-09-17,Perú,buenísimo el programa para controlar la diabetes,@usuario_ficticio_142,https://ejemplo.invalid/p/1742
2026-07-24,Chile,la hipertensión es un problema grave y nadie habla https://ejemplo.invalid/p/1743,@usuario_ficticio_143,https://ejemplo.invalid/p/1743
2026-08-09,México,la hipertensión es un problema grave y nadie habla,@usuario_ficticio_144,https://ejemplo.invalid/p/1744
2026-09-04,México,con la diabetes el control de glucosa es un problema @cuenta_ficticia,@usuario_ficticio_145,https://ejemplo.invalid/p/1745
2026-08-08,Argentina,"Vasotril me hizo mal, tuve mareos https://ejemplo.invalid/p/1746",@usuario_ficticio_146,https://ejemplo.invalid/p/1746
2026-07-28,México,caminar todos los días me ayudó con la presión,@usuario_ficticio_147,https://ejemplo.invalid/p/1747
2026-07-30,México,"el Vasotril funciona bien, la presión mejoró",@usuario_ficticio_148,https://ejemplo.invalid/p/1748
2026-08-16,Argentina,la hipertensión es un problema grave y nadie habla https://ejemplo.invalid/p/1749,@usuario_ficticio_149,https://ejemplo.invalid/p/1749
2026-08-08,Colombia,caminar todos los días me ayudó con la presión @cuenta_ficticia,@usuario_ficticio_150,https://ejemplo.invalid/p/1750
2026-07-11,Uruguay,Vitalix está carísimo,@usuario_ficticio_151,https://ejemplo.invalid/p/1751
2026-09-20,Uruguay,mi vieja tiene osteoporosis y le duele todo https://ejemplo.invalid/p/1752,@usuario_ficticio_152,https://ejemplo.invalid/p/1752
2026-09-04,Colombia,Vitalix está carísimo,@usuario_ficticio_153,https://ejemplo.invalid/p/1753
2026-07-28,Colombia,caminar todos los días me ayudó con la presión,@usuario_ficticio_154,https://ejemplo.invalid/p/1754
2026-09-09,Chile,Vitalix está carísimo https://ejemplo.invalid/p/1755 @cuenta_ficticia,@usuario_ficticio_155,https://ejemplo.invalid/p/1755
2026-09-22,México,"Vitalix me encanta, excelente para arrancar el día",@usuario_ficticio_156,https://ejemplo.invalid/p/1756
2026-07-11,México,caminar todos los días me ayudó con la presión,@usuario_ficticio_157,https://ejemplo.invalid/p/1757
2026-09-09,Colombia,la hipertensión es un problema grave y nadie habla https://ejemplo.invalid/p/1758,@usuario_ficticio_158,https://ejemplo.invalid/p/1758
2026-07-15,Perú,"no hay Glucofin en la farmacia, desabastecimiento otra vez",@usuario_ficticio_159,https://ejemplo.invalid/p/1759
2026-08-10,Colombia,con la diabetes el control de glucosa es un problema @cuenta_ficticia,@usuario_ficticio_160,https://ejemplo.invalid/p/1760
2026-07-16,Brasil,"Vasotril me hizo mal, tuve mareos https://ejemplo.invalid/p/1761",@usuario_ficticio_161,https://ejemplo.invalid/p/1761
2026-07-06,Colombia,"Vitalix me encanta, excelente para arrancar el día",@usuario_ficticio_162,https://ejemplo.invalid/p/1762
2026-07-22,Brasil,"el Vasotril funciona bien, la presión mejoró",@usuario_ficticio_163,https://ejemplo.invalid/p/1763
2026-07-21,México,con la diabetes el control de glucosa es un problema https://ejemplo.invalid/p/1764,@usuario_ficticio_164,https://ejemplo.invalid/p/1764
2026-08-22,Uruguay,"el Vasotril funciona bien, la presión mejoró @cuenta_ficticia",@usuario_ficticio_165,https://ejemplo.invalid/p/1765
2026-08-30,Colombia,la hipertensión es un problema grave y nadie habla,@usuario_ficticio_166,https://ejemplo.invalid/p/1766
2026-07-16,México,me diagnosticaron presión alta y no sé qué comer https://ejemplo.invalid/p/1767,@usuario_ficticio_167,https://ejemplo.invalid/p/1767
2026-09-14,México,con la diabetes el control de glucosa es un problema,@usuario_ficticio_168,https://ejemplo.invalid/p/1768
2026-08-30,Colombia,"no hay Glucofin en la farmacia, desabastecimiento otra vez",@usuario_ficticio_169,https://ejemplo.invalid/p/1769
2026-07-10,Chile,buenísimo el programa para controlar la diabetes https://ejemplo.invalid/p/1770 @cuenta_ficticia,@usuario_ficticio_170,https://ejemplo.invalid/p/1770
2026-08-14,Argentina,Calcimar D recomendado por mi médica,@usuario_ficticio_171,https://ejemplo.invalid/p/1771
2026-08-30,Argentina,buenísimo el programa para controlar la diabetes,@usuario_ficticio_172,https://ejemplo.invalid/p/1772
2026-07-07,Colombia,la hipertensión es un problema grave y nadie habla https://ejemplo.invalid/p/1773,@usuario_ficticio_173,https://ejemplo.invalid/p/1773
2026-09-11,México,"Vasotril me hizo mal, tuve mareos",@usuario_ficticio_174,https://ejemplo.invalid/p/1774
2026-07-21,Chile,me diagnosticaron presión alta y no sé qué comer @cuenta_ficticia,@usuario_ficticio_175,https://ejemplo.invalid/p/1775
2026-09-14,Perú,me diagnosticaron presión alta y no sé qué comer https://ejemplo.invalid/p/1776,@usuario_ficticio_176,https://ejemplo.invalid/p/1776
2026-08-04,México,"Vasotril me hizo mal, tuve mareos",@usuario_ficticio_177,https://ejemplo.invalid/p/1777
2026-09-14,Chile,caminar todos los días me ayudó con la presión,@usuario_ficticio_178,https://ejemplo.invalid/p/1778
2026-07-23,Colombia,la hipertensión es un problema grave y nadie habla https://ejemplo.invalid/p/1779,@usuario_ficticio_179,https://ejemplo.invalid/p/1779
2026-09-18,México,caminar todos los días me ayudó con la presión @cuenta_ficticia,@usuario_ficticio_180,https://ejemplo.invalid/p/1780
2026-08-26,México,mi vieja tiene osteoporosis y le duele todo,@usuario_ficticio_181,https://ejemplo.invalid/p/1781
2026-07-30,Argentina,con la diabetes el control de glucosa es un problema https://ejemplo.invalid/p/1782,@usuario_ficticio_182,https://ejemplo.invalid/p/1782
2026-09-20,Brasil,Calcimar D recomendado por mi médica,@usuario_ficticio_183,https://ejemplo.invalid/p/1783
2026-07-27,Colombia,"no hay Glucofin en la farmacia, desabastecimiento otra vez",@usuario_ficticio_184,https://ejemplo.invalid/p/1784
2026-08-08,Argentina,"el Vasotril funciona bien, la presión mejoró https://ejemplo.invalid/p/1785 @cuenta_ficticia",@usuario_ficticio_185,https://ejemplo.invalid/p/1785
2026-09-05,Uruguay,con la diabetes el control de glucosa es un problema,@usuario_ficticio_186,https://ejemplo.invalid/p/1786
2026-08-22,Uruguay,con la diabetes el control de glucosa es un problema,@usuario_ficticio_187,https://ejemplo.invalid/p/1787
2026-07-27,México,Vitalix está carísimo https://ejemplo.invalid/p/1788,@usuario_ficticio_188,https://ejemplo.invalid/p/1788
2026-08-10,Colombia,"el Vasotril funciona bien, la presión mejoró",@usuario_ficticio_189,https://ejemplo.invalid/p/1789
2026-07-18,Brasil,la hipertensión es un problema grave y nadie habla @cuenta_ficticia,@usuario_ficticio_190,https://ejemplo.invalid/p/1790
2026-07-31,Perú,Vitalix está carísimo https://ejemplo.invalid/p/1791,@usuario_ficticio_191,https://ejemplo.invalid/p/1791
2026-07-02,Chile,"Vasotril me hizo mal, tuve mareos",@usuario_ficticio_192,https://ejemplo.invalid/p/1792
2026-07-03,Brasil,"no hay Glucofin en la farmacia, desabastecimiento otra vez",@usuario_ficticio_193,https://ejemplo.invalid/p/1793
2026-07-13,Brasil,Vitalix está carísimo https://ejemplo.invalid/p/1794,@usuario_ficticio_194,https://ejemplo.invalid/p/1794
2026-09-14,Argentina,mi vieja tiene osteoporosis y le duele todo @cuenta_ficticia,@usuario_ficticio_195,https://ejemplo.invalid/p/1795
2026-08-15,Colombia,Calcimar D recomendado por mi médica,@usuario_ficticio_196,https://ejemplo.invalid/p/1796
2026-07-05,Uruguay,la hipertensión es un problema grave y nadie habla https://ejemplo.invalid/p/1797,@usuario_ficticio_197,https://ejemplo.invalid/p/1797
2026-07-16,México,me diagnosticaron presión alta y no sé qué comer,@usuario_ficticio_198,https://ejemplo.invalid/p/1798
2026-08-27,Argentina,Vitalix está carísimo,@usuario_ficticio_199,https://ejemplo.invalid/p/1799
2026-07-18,Argentina,mi vieja tiene osteoporosis y le duele todo https://ejemplo.invalid/p/1800 @cuenta_ficticia,@usuario_ficticio_200,https://ejemplo.invalid/p/1800
2026-08-22,México,la hipertensión es un problema grave y nadie habla,@usuario_ficticio_201,https://ejemplo.invalid/p/1801
2026-08-16,Colombia,Calcimar D recomendado por mi médica,@usuario_ficticio_202,https://ejemplo.invalid/p/1802
2026-08-29,Chile,"Vitalix me encanta, excelente para arrancar el día https://ejemplo.invalid/p/1803",@usuario_ficticio_203,https://ejemplo.invalid/p/1803
2026-07-01,México,Calcimar D recomendado por mi médica,@usuario_ficticio_204,https://ejemplo.invalid/p/1804
2026-09-18,Brasil,Calcimar D recomendado por mi médica @cuenta_ficticia,@usuario_ficticio_205,https://ejemplo.invalid/p/1805
2026-08-20,Argentina,buenísimo el programa para controlar la diabetes https://ejemplo.invalid/p/1806,@usuario_ficticio_206,https://ejemplo.invalid/p/1806
2026-09-14,México,me diagnosticaron presión alta y no sé qué comer,@usuario_ficticio_207,https://ejemplo.invalid/p/1807
2026-07-10,México,con la diabetes el control de glucosa es un problema,@usuario_ficticio_208,https://ejemplo.invalid/p/1808
2026-09-21,Uruguay,"Vasotril me hizo mal, tuve mareos https://ejemplo.invalid/p/1809",@usuario_ficticio_209,https://ejemplo.invalid/p/1809
2026-08-18,Brasil,con la diabetes el control de glucosa es un problema @cuenta_ficticia,@usuario_ficticio_210,https://ejemplo.invalid/p/1810
2026-07-07,México,Calcimar D recomendado por mi médica,@usuario_ficticio_211,https://ejemplo.invalid/p/1811
2026-09-16,Argentina,"Vasotril me hizo mal, tuve mareos https://ejemplo.invalid/p/1812",@usuario_ficticio_212,https://ejemplo.invalid/p/1812
2026-07-03,Chile,"el Vasotril funciona bien, la presión mejoró",@usuario_ficticio_213,https://ejemplo.invalid/p/1813
2026-08-23,México,mi vieja tiene osteoporosis y le duele todo,@usuario_ficticio_214,https://ejemplo.invalid/p/1814
2026-09-01,México,"el Vasotril funciona bien, la presión mejoró https://ejemplo.invalid/p/1815 @cuenta_ficticia",@usuario_ficticio_215,https://ejemplo.invalid/p/1815
2026-07-06,Chile,me diagnosticaron presión alta y no sé qué comer,@usuario_ficticio_216,https://ejemplo.invalid/p/1816
2026-07-23,Brasil,"Vitalix me encanta, excelente para arrancar el día",@usuario_ficticio_217,https://ejemplo.invalid/p/1817
2026-09-17,Colombia,Vitalix está carísimo https://ejemplo.invalid/p/1818,@usuario_ficticio_218,https://ejemplo.invalid/p/1818
2026-09-10,Chile,"el Vasotril funciona bien, la presión mejoró",@usuario_ficticio_219,https://ejemplo.invalid/p/1819
2026-09-16,Argentina,la hipertensión es un problema grave y nadie habla @cuenta_ficticia,@usuario_ficticio_220,https://ejemplo.invalid/p/1820
2026-07-26,Argentina,"Vasotril me hizo mal, tuve mareos https://ejemplo.invalid/p/1821",@usuario_ficticio_221,https://ejemplo.invalid/p/1821
2026-08-04,Uruguay,Calcimar D recomendado por mi médica,@usuario_ficticio_222,https://ejemplo.invalid/p/1822
2026-07-02,México,"Vitalix me encanta, excelente para arrancar el día",@usuario_ficticio_223,https://ejemplo.invalid/p/1823
2026-07-25,Argentina,me diagnosticaron presión alta y no sé qué comer https://ejemplo.invalid/p/1824,@usuario_ficticio_224,https://ejemplo.invalid/p/1824
2026-09-10,Perú,Calcimar D recomendado por mi médica @cuenta_ficticia,@usuario_ficticio_225,https://ejemplo.invalid/p/1825
2026-07-29,Brasil,caminar todos los días me ayudó con la presión,@usuario_ficticio_226,https://ejemplo.invalid/p/1826
2026-08-03,Brasil,me diagnosticaron presión alta y no sé qué comer https://ejemplo.invalid/p/1827,@usuario_ficticio_227,https://ejemplo.invalid/p/1827
2026-09-17,México,Vitalix está carísimo,@usuario_ficticio_228,https://ejemplo.invalid/p/1828
2026-08-15,México,"el Vasotril funciona bien, la presión mejoró",@usuario_ficticio_229,https://ejemplo.invalid/p/1829
2026-08-27,México,con la diabetes el control de glucosa es un problema https://ejemplo.invalid/p/1830 @cuenta_ficticia,@usuario_ficticio_230,https://ejemplo.invalid/p/1830
2026-07-10,Brasil,"Vitalix me encanta, excelente para arrancar el día",@usuario_ficticio_231,https://ejemplo.invalid/p/1831
2026-09-19,México,me diagnosticaron presión alta y no sé qué comer,@usuario_ficticio_232,https://ejemplo.invalid/p/1832
2026-09-13,Colombia,"Vasotril me hizo mal, tuve mareos https://ejemplo.invalid/p/1833",@usuario_ficticio_233,https://ejemplo.invalid/p/1833
2026-07-25,Argentina,caminar todos los días me ayudó con la presión,@usuario_ficticio_234,https://ejemplo.invalid/p/1834
2026-09-09,Perú,Calcimar D recomendado por mi médica @cuenta_ficticia,@usuario_ficticio_235,https://ejemplo.invalid/p/1835
2026-08-08,México,"el Vasotril funciona bien, la presión mejoró https://ejemplo.invalid/p/1836",@usuario_ficticio_236,https://ejemplo.invalid/p/1836
2026-08-06,Argentina,"el Vasotril funciona bien, la presión mejoró",@usuario_ficticio_237,https://ejemplo.invalid/p/1837
2026-09-07,Chile,"no hay Glucofin en la farmacia, desabastecimiento otra vez",@usuario_ficticio_238,https://ejemplo.invalid/p/1838
2026-08-29,México,me diagnosticaron presión alta y no sé qué comer https://ejemplo.invalid/p/1839,@usuario_ficticio_239,https://ejemplo.invalid/p/1839
2026-08-03,Brasil,"Vitalix me encanta, excelente para arrancar el día @cuenta_ficticia",@usuario_ficticio_240,https://ejemplo.invalid/p/1840
2026-09-11,Colombia,buenísimo el programa para controlar la diabetes,@usuario_ficticio_241,https://ejemplo.invalid/p/1841
2026-09-01,Uruguay,la hipertensión es un problema grave y nadie habla https://ejemplo.invalid/p/1842,@usuario_ficticio_242,https://ejemplo.invalid/p/1842
2026-08-14,México,"no hay Glucofin en la farmacia, desabastecimiento otra vez",@usuario_ficticio_243,https://ejemplo.invalid/p/1843
2026-08-31,Chile,Calcimar D recomendado por mi médica,@usuario_ficticio_244,https://ejemplo.invalid/p/1844
2026-08-29,Chile,con la diabetes el control de glucosa es un problema https://ejemplo.invalid/p/1845 @cuenta_ficticia,@usuario_ficticio_245,https://ejemplo.invalid/p/1845
2026-09-22,México,caminar todos los días me ayudó con la presión,@usuario_ficticio_246,https://ejemplo.invalid/p/1846
2026-07-10,México,caminar todos los días me ayudó con la presión,@usuario_ficticio_247,https://ejemplo.invalid/p/1847
2026-07-17,Chile,buenísimo el programa para controlar la diabetes https://ejemplo.invalid/p/1848,@usuario_ficticio_248,https://ejemplo.invalid/p/1848
2026-07-16,Chile,Vitalix está carísimo,@usuario_ficticio_249,https://ejemplo.invalid/p/1849
2026-08-26,Colombia,buenísimo el programa para controlar la diabetes @cuenta_ficticia,@usuario_ficticio_250,https://ejemplo.invalid/p/1850
2026-08-27,Colombia,"el Vasotril funciona bien, la presión mejoró https://ejemplo.invalid/p/1851",@usuario_ficticio_251,https://ejemplo.invalid/p/1851
2026-07-15,Brasil,me diagnosticaron presión alta y no sé qué comer,@usuario_ficticio_252,https://ejemplo.invalid/p/1852
2026-09-11,México,buenísimo el programa para controlar la diabetes,@usuario_ficticio_253,https://ejemplo.invalid/p/1853
2026-07-19,Perú,con la diabetes el control de glucosa es un problema https://ejemplo.invalid/p/1854,@usuario_ficticio_254,https://ejemplo.invalid/p/1854
2026-08-10,México,Calcimar D recomendado por mi médica @cuenta_ficticia,@usuario_ficticio_255,https://ejemplo.invalid/p/1855
2026-07-05,México,"el Vasotril funciona bien, la presión mejoró",@usuario_ficticio_256,https://ejemplo.invalid/p/1856
2026-09-22,Argentina,caminar todos los días me ayudó con la presión https://ejemplo.invalid/p/1857,@usuario_ficticio_257,https://ejemplo.invalid/p/1857
2026-07-31,Argentina,la hipertensión es un problema grave y nadie habla,@usuario_ficticio_258,https://ejemplo.invalid/p/1858
2026-09-06,México,me diagnosticaron presión alta y no sé qué comer,@usuario_ficticio_259,https://ejemplo.invalid/p/1859
2026-07-11,México,mi vieja tiene osteoporosis y le duele todo https://ejemplo.invalid/p/1860 @cuenta_ficticia,@usuario_ficticio_260,https://ejemplo.invalid/p/1860
2026-07-07,México,mi vieja tiene osteoporosis y le duele todo,@usuario_ficticio_261,https://ejemplo.invalid/p/1861
2026-09-19,Brasil,me diagnosticaron presión alta y no sé qué comer,@usuario_ficticio_262,https://ejemplo.invalid/p/1862
2026-07-17,Argentina,con la diabetes el control de glucosa es un problema https://ejemplo.invalid/p/1863,@usuario_ficticio_263,https://ejemplo.invalid/p/1863
2026-09-01,Brasil,"Vitalix me encanta, excelente para arrancar el día",@usuario_ficticio_264,https://ejemplo.invalid/p/1864
2026-07-12,Colombia,"el Vasotril funciona bien, la presión mejoró @cuenta_ficticia",@usuario_ficticio_265,https://ejemplo.invalid/p/1865
2026-08-18,México,la hipertensión es un problema grave y nadie habla https://ejemplo.invalid/p/1866,@usuario_ficticio_266,https://ejemplo.invalid/p/1866
2026-09-11,Chile,"Vitalix me encanta, excelente para arrancar el día",@usuario_ficticio_267,https://ejemplo.invalid/p/1867
2026-07-07,México,me diagnosticaron presión alta y no sé qué comer,@usuario_ficticio_268,https://ejemplo.invalid/p/1868
2026-07-05,Argentina,Calcimar D recomendado por mi médica https://ejemplo.invalid/p/1869,@usuario_ficticio_269,https://ejemplo.invalid/p/1869
2026-09-05,Brasil,caminar todos los días me ayudó con la presión @cuenta_ficticia,@usuario_ficticio_270,https://ejemplo.invalid/p/1870
2026-07-02,Colombia,con la diabetes el control de glucosa es un problema,@usuario_ficticio_271,https://ejemplo.invalid/p/1871
2026-09-17,México,"el Vasotril funciona bien, la presión mejoró https://ejemplo.invalid/p/1872",@usuario_ficticio_272,https://ejemplo.invalid/p/1872
2026-07-16,Perú,Vitalix está carísimo,@usuario_ficticio_273,https://ejemplo.invalid/p/1873
2026-07-11,México,me diagnosticaron presión alta y no sé qué comer,@usuario_ficticio_274,https://ejemplo.invalid/p/1874
2026-08-31,Uruguay,Calcimar D recomendado por mi médica https://ejemplo.invalid/p/1875 @cuenta_ficticia,@usuario_ficticio_275,https://ejemplo.invalid/p/1875
2026-09-22,México,Vitalix está carísimo,@usuario_ficticio_276,https://ejemplo.invalid/p/1876
2026-07-20,Argentina,mi vieja tiene osteoporosis y le duele todo,@usuario_ficticio_277,https://ejemplo.invalid/p/1877
2026-07-31,Brasil,buenísimo el programa para controlar la diabetes https://ejemplo.invalid/p/1878,@usuario_ficticio_278,https://ejemplo.invalid/p/1878
2026-09-10,Brasil,buenísimo el programa para controlar la diabetes,@usuario_ficticio_279,https://ejemplo.invalid/p/1879
2026-07-17,Argentina,caminar todos los días me ayudó con la presión @cuenta_ficticia,@usuario_ficticio_280,https://ejemplo.invalid/p/1880
2026-07-06,México,caminar todos los días me ayudó con la presión https://ejemplo.invalid/p/1881,@usuario_ficticio_281,https://ejemplo.invalid/p/1881
2026-08-24,Uruguay,"Vasotril me hizo mal, tuve mareos",@usuario_ficticio_282,https://ejemplo.invalid/p/1882
2026-08-10,México,con la diabetes el control de glucosa es un problema,@usuario_ficticio_283,https://ejemplo.invalid/p/1883
2026-09-06,Colombia,Vitalix está carísimo https://ejemplo.invalid/p/1884,@usuario_ficticio_284,https://ejemplo.invalid/p/1884
2026-07-01,México,"Vitalix me encanta, excelente para arrancar el día @cuenta_ficticia",@usuario_ficticio_285,https://ejemplo.invalid/p/1885
2026-07-21,Brasil,Calcimar D recomendado por mi médica,@usuario_ficticio_286,https://ejemplo.invalid/p/1886
2026-09-09,Colombia,Calcimar D recomendado por mi médica https://ejemplo.invalid/p/1887,@usuario_ficticio_287,https://ejemplo.invalid/p/1887
2026-08-28,México,"Vitalix me encanta, excelente para arrancar el día",@usuario_ficticio_288,https://ejemplo.invalid/p/1888
2026-08-17,México,Vitalix está carísimo,@usuario_ficticio_289,https://ejemplo.invalid/p/1889
2026-08-27,Uruguay,con la diabetes el control de glucosa es un problema https://ejemplo.invalid/p/1890 @cuenta_ficticia,@usuario_ficticio_290,https://ejemplo.invalid/p/1890
2026-08-15,México,caminar todos los días me ayudó con la presión,@usuario_ficticio_291,https://ejemplo.invalid/p/1891
2026-08-12,Colombia,Vitalix está carísimo,@usuario_ficticio_292,https://ejemplo.invalid/p/1892
2026-07-31,México,"Vitalix me encanta, excelente para arrancar el día https://ejemplo.invalid/p/1893",@usuario_ficticio_293,https://ejemplo.invalid/p/1893
2026-07-14,Uruguay,mi vieja tiene osteoporosis y le duele todo,@usuario_ficticio_294,https://ejemplo.invalid/p/1894
2026-09-01,Argentina,"Vitalix me encanta, excelente para arrancar el día @cuenta_ficticia",@usuario_ficticio_295,https://ejemplo.invalid/p/1895
2026-08-08,México,Vitalix está carísimo https://ejemplo.invalid/p/1896,@usuario_ficticio_296,https://ejemplo.invalid/p/1896
2026-07-25,Chile,"el Vasotril funciona bien, la presión mejoró",@usuario_ficticio_297,https://ejemplo.invalid/p/1897
2026-08-07,Uruguay,caminar todos los días me ayudó con la presión,@usuario_ficticio_298,https://ejemplo.invalid/p/1898
2026-07-06,Colombia,me diagnosticaron presión alta y no sé qué comer https://ejemplo.invalid/p/1899,@usuario_ficticio_299,https://ejemplo.invalid/p/1899
2026-08-29,Colombia,Calcimar D recomendado por mi médica @cuenta_ficticia,@usuario_ficticio_300,https://ejemplo.invalid/p/1900
2026-07-24,Colombia,caminar todos los días me ayudó con la presión,@usuario_ficticio_301,https://ejemplo.invalid/p/1901
2026-07-27,México,Vitalix está carísimo https://ejemplo.invalid/p/1902,@usuario_ficticio_302,https://ejemplo.invalid/p/1902
2026-08-29,Argentina,me diagnosticaron presión alta y no sé qué comer,@usuario_ficticio_303,https://ejemplo.invalid/p/1903
2026-09-21,Uruguay,con la diabetes el control de glucosa es un problema,@usuario_ficticio_304,https://ejemplo.invalid/p/1904
2026-08-26,México,me diagnosticaron presión alta y no sé qué comer https://ejemplo.invalid/p/1905 @cuenta_ficticia,@usuario_ficticio_305,https://ejemplo.invalid/p/1905
2026-07-28,México,caminar todos los días me ayudó con la presión,@usuario_ficticio_306,https://ejemplo.invalid/p/1906
2026-09-17,Colombia,"Vitalix me encanta, excelente para arrancar el día",@usuario_ficticio_307,https://ejemplo.invalid/p/1907
2026-07-02,Argentina,"Vasotril me hizo mal, tuve mareos https://ejemplo.invalid/p/1908",@usuario_ficticio_308,https://ejemplo.invalid/p/1908
2026-07-23,Uruguay,mi vieja tiene osteoporosis y le duele todo,@usuario_ficticio_309,https://ejemplo.invalid/p/1909
2026-07-20,Argentina,caminar todos los días me ayudó con la presión @cuenta_ficticia,@usuario_ficticio_310,https://ejemplo.invalid/p/1910
2026-09-22,México,la hipertensión es un problema grave y nadie habla https://ejemplo.invalid/p/1911,@usuario_ficticio_311,https://ejemplo.invalid/p/1911
2026-07-09,Chile,Calcimar D recomendado por mi médica,@usuario_ficticio_312,https://ejemplo.invalid/p/1912
2026-08-27,México,"no hay Glucofin en la farmacia, desabastecimiento otra vez",@usuario_ficticio_313,https://ejemplo.invalid/p/1913
2026-08-24,Chile,caminar todos los días me ayudó con la presión https://ejemplo.invalid/p/1914,@usuario_ficticio_314,https://ejemplo.invalid/p/1914
2026-08-04,Brasil,buenísimo el programa para controlar la diabetes @cuenta_ficticia,@usuario_ficticio_315,https://ejemplo.invalid/p/1915
2026-08-09,Argentina,Vitalix está carísimo,@usuario_ficticio_316,https://ejemplo.invalid/p/1916
2026-09-20,Colombia,"Vitalix me encanta, excelente para arrancar el día https://ejemplo.invalid/p/1917",@usuario_ficticio_317,https://ejemplo.invalid/p/1917
2026-07-22,México,Calcimar D recomendado por mi médica,@usuario_ficticio_318,https://ejemplo.invalid/p/1918
2026-09-10,Chile,la hipertensión es un problema grave y nadie habla,@usuario_ficticio_319,https://ejemplo.invalid/p/1919
2026-08-26,Argentina,la hipertensión es un problema grave y nadie habla https://ejemplo.invalid/p/1920 @cuenta_ficticia,@usuario_ficticio_320,https://ejemplo.invalid/p/1920
2026-09-05,México,"no hay Glucofin en la farmacia, desabastecimiento otra vez",@usuario_ficticio_321,https://ejemplo.invalid/p/1921
2026-08-16,México,Vitalix está carísimo,@usuario_ficticio_322,https://ejemplo.invalid/p/1922
2026-08-09,Colombia,Vitalix está carísimo https://ejemplo.invalid/p/1923,@usuario_ficticio_323,https://ejemplo.invalid/p/1923
2026-08-31,Brasil,con la diabetes el control de glucosa es un problema,@usuario_ficticio_324,https://ejemplo.invalid/p/1924
2026-08-11,México,Calcimar D recomendado por mi médica @cuenta_ficticia,@usuario_ficticio_325,https://ejemplo.invalid/p/1925
2026-07-25,Argentina,con la diabetes el control de glucosa es un problema https://ejemplo.invalid/p/1926,@usuario_ficticio_326,https://ejemplo.invalid/p/1926
2026-08-12,Uruguay,buenísimo el programa para controlar la diabetes,@usuario_ficticio_327,https://ejemplo.invalid/p/1927
2026-09-15,Brasil,me diagnosticaron presión alta y no sé qué comer,@usuario_ficticio_328,https://ejemplo.invalid/p/1928
2026-08-04,Uruguay,la hipertensión es un problema grave y nadie habla https://ejemplo.invalid/p/1929,@usuario_ficticio_329,https://ejemplo.invalid/p/1929
2026-08-17,Chile,mi vieja tiene osteoporosis y le duele todo @cuenta_ficticia,@usuario_ficticio_330,https://ejemplo.invalid/p/1930
2026-07-19,Brasil,"el Vasotril funciona bien, la presión mejoró",@usuario_ficticio_331,https://ejemplo.invalid/p/1931
2026-08-13,Brasil,caminar todos los días me ayudó con la presión https://ejemplo.invalid/p/1932,@usuario_ficticio_332,https://ejemplo.invalid/p/1932
2026-07-25,México,caminar todos los días me ayudó con la presión,@usuario_ficticio_333,https://ejemplo.invalid/p/1933
2026-07-29,México,la hipertensión es un problema grave y nadie habla,@usuario_ficticio_334,https://ejemplo.invalid/p/1934
2026-08-29,Chile,"Vitalix me encanta, excelente para arrancar el día https://ejemplo.invalid/p/1935 @cuenta_ficticia",@usuario_ficticio_335,https://ejemplo.invalid/p/1935
2026-07-09,Brasil,con la diabetes el control de glucosa es un problema,@usuario_ficticio_336,https://ejemplo.invalid/p/1936
2026-08-18,Argentina,buenísimo el programa para controlar la diabetes,@usuario_ficticio_337,https://ejemplo.invalid/p/1937
2026-08-17,Argentina,la hipertensión es un problema grave y nadie habla https://ejemplo.invalid/p/1938,@usuario_ficticio_338,https://ejemplo.invalid/p/1938
2026-09-22,Colombia,buenísimo el programa para controlar la diabetes,@usuario_ficticio_339,https://ejemplo.invalid/p/1939
2026-07-05,Uruguay,Calcimar D recomendado por mi médica @cuenta_ficticia,@usuario_ficticio_340,https://ejemplo.invalid/p/1940
2026-08-13,México,me diagnosticaron presión alta y no sé qué comer https://ejemplo.invalid/p/1941,@usuario_ficticio_341,https://ejemplo.invalid/p/1941
2026-08-21,Chile,Vitalix está carísimo,@usuario_ficticio_342,https://ejemplo.invalid/p/1942
2026-07-13,Brasil,con la diabetes el control de glucosa es un problema,@usuario_ficticio_343,https://ejemplo.invalid/p/1943
2026-07-18,Argentina,Calcimar D recomendado por mi médica https://ejemplo.invalid/p/1944,@usuario_ficticio_344,https://ejemplo.invalid/p/1944
2026-09-16,México,caminar todos los días me ayudó con la presión @cuenta_ficticia,@usuario_ficticio_345,https://ejemplo.invalid/p/1945
2026-08-18,Chile,con la diabetes el control de glucosa es un problema,@usuario_ficticio_346,https://ejemplo.invalid/p/1946
2026-08-12,Uruguay,Vitalix está carísimo https://ejemplo.invalid/p/1947,@usuario_ficticio_347,https://ejemplo.invalid/p/1947
2026-09-18,Uruguay,con la diabetes el control de glucosa es un problema,@usuario_ficticio_348,https://ejemplo.invalid/p/1948
2026-08-27,Argentina,buenísimo el programa para controlar la diabetes,@usuario_ficticio_349,https://ejemplo.invalid/p/1949
2026-09-20,Perú,Calcimar D recomendado por mi médica https://ejemplo.invalid/p/1950 @cuenta_ficticia,@usuario_ficticio_350,https://ejemplo.invalid/p/1950
2026-07-15,Argentina,con la diabetes el control de glucosa es un problema,@usuario_ficticio_351,https://ejemplo.invalid/p/1951
2026-07-13,México,con la diabetes el control de glucosa es un problema,@usuario_ficticio_352,https://ejemplo.invalid/p/1952
2026-08-22,Uruguay,"el Vasotril funciona bien, la presión mejoró https://ejemplo.invalid/p/1953",@usuario_ficticio_353,https://ejemplo.invalid/p/1953
2026-07-20,Uruguay,mi vieja tiene osteoporosis y le duele todo,@usuario_ficticio_354,https://ejemplo.invalid/p/1954
2026-09-09,Brasil,buenísimo el programa para controlar la diabetes @cuenta_ficticia,@usuario_ficticio_355,https://ejemplo.invalid/p/1955
2026-07-14,Argentina,"Vitalix me encanta, excelente para arrancar el día https://ejemplo.invalid/p/1956",@usuario_ficticio_356,https://ejemplo.invalid/p/1956
2026-09-20,Argentina,"el Vasotril funciona bien, la presión mejoró",@usuario_ficticio_357,https://ejemplo.invalid/p/1957
2026-07-19,Colombia,caminar todos los días me ayudó con la presión,@usuario_ficticio_358,https://ejemplo.invalid/p/1958
2026-09-19,Perú,"Vitalix me encanta, excelente para arrancar el día https://ejemplo.invalid/p/1959",@usuario_ficticio_359,https://ejemplo.invalid/p/1959
2026-08-29,Perú,la hipertensión es un problema grave y nadie habla @cuenta_ficticia,@usuario_ficticio_360,https://ejemplo.invalid/p/1960
2026-07-19,Argentina,"Vasotril me hizo mal, tuve mareos",@usuario_ficticio_361,https://ejemplo.invalid/p/1961
2026-08-29,Chile,me diagnosticaron presión alta y no sé qué comer https://ejemplo.invalid/p/1962,@usuario_ficticio_362,https://ejemplo.invalid/p/1962
2026-07-02,Argentina,mi vieja tiene osteoporosis y le duele todo,@usuario_ficticio_363,https://ejemplo.invalid/p/1963
2026-09-09,México,"no hay Glucofin en la farmacia, desabastecimiento otra vez",@usuario_ficticio_364,https://ejemplo.invalid/p/1964
2026-07-24,México,"Vitalix me encanta, excelente para arrancar el día https://ejemplo.invalid/p/1965 @cuenta_ficticia",@usuario_ficticio_365,https://ejemplo.invalid/p/1965
2026-07-21,México,caminar todos los días me ayudó con la presión,@usuario_ficticio_366,https://ejemplo.invalid/p/1966
2026-08-25,México,Calcimar D recomendado por mi médica,@usuario_ficticio_367,https://ejemplo.invalid/p/1967
2026-07-29,Argentina,mi vieja tiene osteoporosis y le duele todo https://ejemplo.invalid/p/1968,@usuario_ficticio_368,https://ejemplo.invalid/p/1968
2026-08-14,Uruguay,la hipertensión es un problema grave y nadie habla,@usuario_ficticio_369,https://ejemplo.invalid/p/1969
2026-08-03,Chile,Calcimar D recomendado por mi médica @cuenta_ficticia,@usuario_ficticio_370,https://ejemplo.invalid/p/1970
2026-08-11,Argentina,buenísimo el programa para controlar la diabetes https://ejemplo.invalid/p/1971,@usuario_ficticio_371,https://ejemplo.invalid/p/1971
2026-07-03,México,buenísimo el programa para controlar la diabetes,@usuario_ficticio_372,https://ejemplo.invalid/p/1972
2026-07-27,Brasil,buenísimo el programa para controlar la diabetes,@usuario_ficticio_373,https://ejemplo.invalid/p/1973
2026-09-21,México,Calcimar D recomendado por mi médica https://ejemplo.invalid/p/1974,@usuario_ficticio_374,https://ejemplo.invalid/p/1974
2026-08-31,México,mi vieja tiene osteoporosis y le duele todo @cuenta_ficticia,@usuario_ficticio_375,https://ejemplo.invalid/p/1975
2026-08-24,Brasil,Vitalix está carísimo,@usuario_ficticio_376,https://ejemplo.invalid/p/1976
2026-07-01,Chile,caminar todos los días me ayudó con la presión https://ejemplo.invalid/p/1977,@usuario_ficticio_377,https://ejemplo.invalid/p/1977
2026-08-18,Argentina,Vitalix está carísimo,@usuario_ficticio_378,https://ejemplo.invalid/p/1978
2026-08-20,Argentina,me diagnosticaron presión alta y no sé qué comer,@usuario_ficticio_379,https://ejemplo.invalid/p/1979
2026-08-13,México,la hipertensión es un problema grave y nadie habla https://ejemplo.invalid/p/1980 @cuenta_ficticia,@usuario_ficticio_380,https://ejemplo.invalid/p/1980
2026-08-11,Chile,con la diabetes el control de glucosa es un problema,@usuario_ficticio_381,https://ejemplo.invalid/p/1981
2026-08-12,Perú,con la diabetes el control de glucosa es un problema,@usuario_ficticio_382,https://ejemplo.invalid/p/1982
2026-08-16,Uruguay,"Vasotril me hizo mal, tuve mareos https://ejemplo.invalid/p/1983",@usuario_ficticio_383,https://ejemplo.invalid/p/1983
2026-07-08,Argentina,"Vitalix me encanta, excelente para arrancar el día",@usuario_ficticio_384,https://ejemplo.invalid/p/1984
2026-08-23,Perú,Calcimar D recomendado por mi médica @cuenta_ficticia,@usuario_ficticio_385,https://ejemplo.invalid/p/1985
2026-08-09,Perú,Vitalix está carísimo https://ejemplo.invalid/p/1986,@usuario_ficticio_386,https://ejemplo.invalid/p/1986
2026-08-24,Perú,"no hay Glucofin en la farmacia, desabastecimiento otra vez",@usuario_ficticio_387,https://ejemplo.invalid/p/1987
2026-07-22,Uruguay,mi vieja tiene osteoporosis y le duele todo,@usuario_ficticio_388,https://ejemplo.invalid/p/1988
2026-07-19,México,Calcimar D recomendado por mi médica https://ejemplo.invalid/p/1989,@usuario_ficticio_389,https://ejemplo.invalid/p/1989
2026-07-14,Uruguay,"no hay Glucofin en la farmacia, desabastecimiento otra vez @cuenta_ficticia",@usuario_ficticio_390,https://ejemplo.invalid/p/1990
2026-09-13,Argentina,buenísimo el programa para controlar la diabetes,@usuario_ficticio_391,https://ejemplo.invalid/p/1991
2026-07-18,Argentina,Vitalix está carísimo https://ejemplo.invalid/p/1992,@usuario_ficticio_392,https://ejemplo.invalid/p/1992
2026-07-10,Argentina,caminar todos los días me ayudó con la presión,@usuario_ficticio_393,https://ejemplo.invalid/p/1993
2026-07-03,Colombia,"no hay Glucofin en la farmacia, desabastecimiento otra vez",@usuario_ficticio_394,https://ejemplo.invalid/p/1994
2026-07-19,Argentina,buenísimo el programa para controlar la diabetes https://ejemplo.invalid/p/1995 @cuenta_ficticia,@usuario_ficticio_395,https://ejemplo.invalid/p/1995
2026-09-13,México,Vitalix está carísimo,@usuario_ficticio_396,https://ejemplo.invalid/p/1996
2026-07-17,México,buenísimo el programa para controlar la diabetes,@usuario_ficticio_397,https://ejemplo.invalid/p/1997
2026-09-22,Argentina,"Vitalix me encanta, excelente para arrancar el día https://ejemplo.invalid/p/1998",@usuario_ficticio_398,https://ejemplo.invalid/p/1998
2026-08-05,Brasil,"Vasotril me hizo mal, tuve mareos",@usuario_ficticio_399,https://ejemplo.invalid/p/1999
2026-07-14,Brasil,me diagnosticaron presión alta y no sé qué comer @cuenta_ficticia,@usuario_ficticio_0,https://ejemplo.invalid/p/2000
2026-07-08,México,Vitalix está carísimo https://ejemplo.invalid/p/2001,@usuario_ficticio_1,https://ejemplo.invalid/p/2001
2026-07-10,Uruguay,"no hay Glucofin en la farmacia, desabastecimiento otra vez",@usuario_ficticio_2,https://ejemplo.invalid/p/2002
2026-08-28,México,caminar todos los días me ayudó con la presión,@usuario_ficticio_3,https://ejemplo.invalid/p/2003
2026-08-08,México,"no hay Glucofin en la farmacia, desabastecimiento otra vez https://ejemplo.invalid/p/2004",@usuario_ficticio_4,https://ejemplo.invalid/p/2004
2026-08-01,Chile,Calcimar D recomendado por mi médica @cuenta_ficticia,@usuario_ficticio_5,https://ejemplo.invalid/p/2005
2026-07-02,México,"Vasotril me hizo mal, tuve mareos",@usuario_ficticio_6,https://ejemplo.invalid/p/2006
2026-07-29,México,"no hay Glucofin en la farmacia, desabastecimiento otra vez https://ejemplo.invalid/p/2007",@usuario_ficticio_7,https://ejemplo.invalid/p/2007
2026-09-16,Argentina,"no hay Glucofin en la farmacia, desabastecimiento otra vez",@usuario_ficticio_8,https://ejemplo.invalid/p/2008
2026-09-04,Argentina,con la diabetes el control de glucosa es un problema,@usuario_ficticio_9,https://ejemplo.invalid/p/2009
2026-09-04,Brasil,"Vasotril me hizo mal, tuve mareos https://ejemplo.invalid/p/2010 @cuenta_ficticia",@usuario_ficticio_10,https://ejemplo.invalid/p/2010
2026-07-23,Argentina,Vitalix está carísimo,@usuario_ficticio_11,https://ejemplo.invalid/p/2011
2026-07-25,Argentina,"el Vasotril funciona bien, la presión mejoró",@usuario_ficticio_12,https://ejemplo.invalid/p/2012
2026-08-21,Chile,me diagnosticaron presión alta y no sé qué comer https://ejemplo.invalid/p/2013,@usuario_ficticio_13,https://ejemplo.invalid/p/2013
2026-09-04,México,me diagnosticaron presión alta y no sé qué comer,@usuario_ficticio_14,https://ejemplo.invalid/p/2014
2026-08-16,Argentina,"Vitalix me encanta, excelente para arrancar el día @cuenta_ficticia",@usuario_ficticio_15,https://ejemplo.invalid/p/2015
2026-09-15,México,me diagnosticaron presión alta y no sé qué comer https://ejemplo.invalid/p/2016,@usuario_ficticio_16,https://ejemplo.invalid/p/2016
2026-07-17,Colombia,con la diabetes el control de glucosa es un problema,@usuario_ficticio_17,https://ejemplo.invalid/p/2017
2026-08-14,Uruguay,mi vieja tiene osteoporosis y le duele todo,@usuario_ficticio_18,https://ejemplo.invalid/p/2018
2026-08-26,Argentina,buenísimo el programa para controlar la diabetes https://ejemplo.invalid/p/2019,@usuario_ficticio_19,https://ejemplo.invalid/p/2019
2026-08-16,México,me diagnosticaron presión alta y no sé qué comer @cuenta_ficticia,@usuario_ficticio_20,https://ejemplo.invalid/p/2020
2026-08-10,México,buenísimo el programa para controlar la diabetes,@usuario_ficticio_21,https://ejemplo.invalid/p/2021
2026-07-23,Perú,"no hay Glucofin en la farmacia, desabastecimiento otra vez https://ejemplo.invalid/p/2022",@usuario_ficticio_22,https://ejemplo.invalid/p/2022
2026-08-12,Perú,"el Vasotril funciona bien, la presión mejoró",@usuario_ficticio_23,https://ejemplo.invalid/p/2023
2026-07-07,Argentina,"Vitalix me encanta, excelente para arrancar el día",@usuario_ficticio_24,https://ejemplo.invalid/p/2024
2026-08-17,México,"no hay Glucofin en la farmacia, desabastecimiento otra vez https://ejemplo.invalid/p/2025 @cuenta_ficticia",@usuario_ficticio_25,https://ejemplo.invalid/p/2025
2026-09-08,México,mi vieja tiene osteoporosis y le duele todo,@usuario_ficticio_26,https://ejemplo.invalid/p/2026
2026-07-14,Colombia,buenísimo el programa para controlar la diabetes,@usuario_ficticio_27,https://ejemplo.invalid/p/2027
2026-08-07,México,Calcimar D recomendado por mi médica https://ejemplo.invalid/p/2028,@usuario_ficticio_28,https://ejemplo.invalid/p/2028
2026-07-04,Chile,caminar todos los días me ayudó con la presión,@usuario_ficticio_29,https://ejemplo.invalid/p/2029
2026-09-16,México,"Vasotril me hizo mal, tuve mareos @cuenta_ficticia",@usuario_ficticio_30,https://ejemplo.invalid/p/2030
2026-08-26,Argentina,"no hay Glucofin en la farmacia, desabastecimiento otra vez https://ejemplo.invalid/p/2031",@usuario_ficticio_31,https://ejemplo.invalid/p/2031
2026-09-19,Argentina,me diagnosticaron presión alta y no sé qué comer,@usuario_ficticio_32,https://ejemplo.invalid/p/2032
2026-07-15,México,me diagnosticaron presión alta y no sé qué comer,@usuario_ficticio_33,https://ejemplo.invalid/p/2033
2026-08-26,Argentina,"el Vasotril funciona bien, la presión mejoró https://ejemplo.invalid/p/2034",@usuario_ficticio_34,https://ejemplo.invalid/p/2034
2026-09-15,Argentina,"el Vasotril funciona bien, la presión mejoró @cuenta_ficticia",@usuario_ficticio_35,https://ejemplo.invalid/p/2035
2026-08-06,Chile,mi vieja tiene osteoporosis y le duele todo,@usuario_ficticio_36,https://ejemplo.invalid/p/2036
2026-09-10,Chile,"el Vasotril funciona bien, la presión mejoró https://ejemplo.invalid/p/2037",@usuario_ficticio_37,https://ejemplo.invalid/p/2037
2026-09-10,Chile,me diagnosticaron presión alta y no sé qué comer,@usuario_ficticio_38,https://ejemplo.invalid/p/2038
2026-08-31,Argentina,Calcimar D recomendado por mi médica,@usuario_ficticio_39,https://ejemplo.invalid/p/2039
2026-07-10,México,buenísimo el programa para controlar la diabetes https://ejemplo.invalid/p/2040 @cuenta_ficticia,@usuario_ficticio_40,https://ejemplo.invalid/p/2040
2026-09-12,México,Calcimar D recomendado por mi médica,@usuario_ficticio_41,https://ejemplo.invalid/p/2041
2026-08-02,Uruguay,la hipertensión es un problema grave y nadie habla,@usuario_ficticio_42,https://ejemplo.invalid/p/2042
2026-07-02,México,la hipertensión es un problema grave y nadie habla https://ejemplo.invalid/p/2043,@usuario_ficticio_43,https://ejemplo.invalid/p/2043
2026-08-12,México,mi vieja tiene osteoporosis y le duele todo,@usuario_ficticio_44,https://ejemplo.invalid/p/2044
2026-08-27,Colombia,mi vieja tiene osteoporosis y le duele todo @cuenta_ficticia,@usuario_ficticio_45,https://ejemplo.invalid/p/2045
2026-09-14,Chile,Vitalix está carísimo https://ejemplo.invalid/p/2046,@usuario_ficticio_46,https://ejemplo.invalid/p/2046
2026-08-29,Argentina,buenísimo el programa para controlar la diabetes,@usuario_ficticio_47,https://ejemplo.invalid/p/2047
2026-08-28,Colombia,mi vieja tiene osteoporosis y le duele todo,@usuario_ficticio_48,https://ejemplo.invalid/p/2048
2026-09-11,Brasil,con la diabetes el control de glucosa es un problema https://ejemplo.invalid/p/2049,@usuario_ficticio_49,https://ejemplo.invalid/p/2049
2026-08-08,México,buenísimo el programa para controlar la diabetes @cuenta_ficticia,@usuario_ficticio_50,https://ejemplo.invalid/p/2050
2026-08-20,Perú,Vitalix está carísimo,@usuario_ficticio_51,https://ejemplo.invalid/p/2051
2026-07-12,Argentina,"Vitalix me encanta, excelente para arrancar el día https://ejemplo.invalid/p/2052",@usuario_ficticio_52,https://ejemplo.invalid/p/2052
2026-08-14,México,"no hay Glucofin en la farmacia, desabastecimiento otra vez",@usuario_ficticio_53,https://ejemplo.invalid/p/2053
2026-07-08,Uruguay,mi vieja tiene osteoporosis y le duele todo,@usuario_ficticio_54,https://ejemplo.invalid/p/2054
2026-08-12,Chile,la hipertensión es un problema grave y nadie habla https://ejemplo.invalid/p/2055 @cuenta_ficticia,@usuario_ficticio_55,https://ejemplo.invalid/p/2055
2026-08-23,Chile,"Vitalix me encanta, excelente para arrancar el día",@usuario_ficticio_56,https://ejemplo.invalid/p/2056
2026-08-30,Uruguay,Calcimar D recomendado por mi médica,@usuario_ficticio_57,https://ejemplo.invalid/p/2057
2026-07-13,Brasil,Calcimar D recomendado por mi médica https://ejemplo.invalid/p/2058,@usuario_ficticio_58,https://ejemplo.invalid/p/2058
2026-07-21,Colombia,"Vitalix me encanta, excelente para arrancar el día",@usuario_ficticio_59,https://ejemplo.invalid/p/2059
2026-08-20,Chile,Vitalix está carísimo @cuenta_ficticia,@usuario_ficticio_60,https://ejemplo.invalid/p/2060
2026-07-24,Argentina,"Vitalix me encanta, excelente para arrancar el día https://ejemplo.invalid/p/2061",@usuario_ficticio_61,https://ejemplo.invalid/p/2061
2026-09-03,Argentina,"no hay Glucofin en la farmacia, desabastecimiento otra vez",@usuario_ficticio_62,https://ejemplo.invalid/p/2062
2026-09-21,México,"Vitalix me encanta, excelente para arrancar el día",@usuario_ficticio_63,https://ejemplo.invalid/p/2063
2026-07-12,Argentina,"el Vasotril funciona bien, la presión mejoró https://ejemplo.invalid/p/2064",@usuario_ficticio_64,https://ejemplo.invalid/p/2064
2026-09-07,México,"el Vasotril funciona bien, la presión mejoró @cuenta_ficticia",@usuario_ficticio_65,https://ejemplo.invalid/p/2065
2026-09-19,México,la hipertensión es un problema grave y nadie habla,@usuario_ficticio_66,https://ejemplo.invalid/p/2066
2026-07-13,Chile,"Vasotril me hizo mal, tuve mareos https://ejemplo.invalid/p/2067",@usuario_ficticio_67,https://ejemplo.invalid/p/2067
2026-08-14,Colombia,"Vasotril me hizo mal, tuve mareos",@usuario_ficticio_68,https://ejemplo.invalid/p/2068
2026-08-16,Colombia,"no hay Glucofin en la farmacia, desabastecimiento otra vez",@usuario_ficticio_69,https://ejemplo.invalid/p/2069
2026-07-30,México,la hipertensión es un problema grave y nadie habla https://ejemplo.invalid/p/2070 @cuenta_ficticia,@usuario_ficticio_70,https://ejemplo.invalid/p/2070
2026-07-25,Brasil,Calcimar D recomendado por mi médica,@usuario_ficticio_71,https://ejemplo.invalid/p/2071
2026-08-21,Brasil,"Vitalix me encanta, excelente para arrancar el día",@usuario_ficticio_72,https://ejemplo.invalid/p/2072
2026-07-09,Argentina,mi vieja tiene osteoporosis y le duele todo https://ejemplo.invalid/p/2073,@usuario_ficticio_73,https://ejemplo.invalid/p/2073
2026-07-03,Brasil,Vitalix está carísimo,@usuario_ficticio_74,https://ejemplo.invalid/p/2074
2026-08-14,México,la hipertensión es un problema grave y nadie habla @cuenta_ficticia,@usuario_ficticio_75,https://ejemplo.invalid/p/2075
2026-07-21,Chile,la hipertensión es un problema grave y nadie habla https://ejemplo.invalid/p/2076,@usuario_ficticio_76,https://ejemplo.invalid/p/2076
2026-09-02,México,caminar todos los días me ayudó con la presión,@usuario_ficticio_77,https://ejemplo.invalid/p/2077
2026-09-17,Chile,la hipertensión es un problema grave y nadie habla,@usuario_ficticio_78,https://ejemplo.invalid/p/2078
2026-09-20,Argentina,con la diabetes el control de glucosa es un problema https://ejemplo.invalid/p/2079,@usuario_ficticio_79,https://ejemplo.invalid/p/2079
2026-08-08,Chile,con la diabetes el control de glucosa es un problema @cuenta_ficticia,@usuario_ficticio_80,https://ejemplo.invalid/p/2080
2026-08-01,México,me diagnosticaron presión alta y no sé qué comer,@usuario_ficticio_81,https://ejemplo.invalid/p/2081
2026-09-16,México,"no hay Glucofin en la farmacia, desabastecimiento otra vez https://ejemplo.invalid/p/2082",@usuario_ficticio_82,https://ejemplo.invalid/p/2082
2026-08-12,México,"el Vasotril funciona bien, la presión mejoró",@usuario_ficticio_83,https://ejemplo.invalid/p/2083
2026-08-13,Brasil,"Vasotril me hizo mal, tuve mareos",@usuario_ficticio_84,https://ejemplo.invalid/p/2084
2026-07-28,Argentina,mi vieja tiene osteoporosis y le duele todo https://ejemplo.invalid/p/2085 @cuenta_ficticia,@usuario_ficticio_85,https://ejemplo.invalid/p/2085
2026-08-01,México,con la diabetes el control de glucosa es un problema,@usuario_ficticio_86,https://ejemplo.invalid/p/2086
2026-09-16,Brasil,caminar todos los días me ayudó con la presión,@usuario_ficticio_87,https://ejemplo.invalid/p/2087
2026-09-14,Colombia,la hipertensión es un problema grave y nadie habla https://ejemplo.invalid/p/2088,@usuario_ficticio_88,https://ejemplo.invalid/p/2088
2026-08-20,Argentina,"el Vasotril funciona bien, la presión mejoró",@usuario_ficticio_89,https://ejemplo.invalid/p/2089
2026-07-01,Colombia,"no hay Glucofin en la farmacia, desabastecimiento otra vez @cuenta_ficticia",@usuario_ficticio_90,https://ejemplo.invalid/p/2090
2026-07-08,México,Vitalix está carísimo https://ejemplo.invalid/p/2091,@usuario_ficticio_91,https://ejemplo.invalid/p/2091
2026-08-05,México,"Vitalix me encanta, excelente para arrancar el día",@usuario_ficticio_92,https://ejemplo.invalid/p/2092
2026-09-16,Uruguay,"no hay Glucofin en la farmacia, desabastecimiento otra vez",@usuario_ficticio_93,https://ejemplo.invalid/p/2093
2026-08-27,México,"no hay Glucofin en la farmacia, desabastecimiento otra vez https://ejemplo.invalid/p/2094",@usuario_ficticio_94,https://ejemplo.invalid/p/2094
2026-07-18,México,"Vitalix me encanta, excelente para arrancar el día @cuenta_ficticia",@usuario_ficticio_95,https://ejemplo.invalid/p/2095
2026-09-15,Perú,caminar todos los días me ayudó con la presión,@usuario_ficticio_96,https://ejemplo.invalid/p/2096
2026-07-24,Colombia,buenísimo el programa para controlar la diabetes https://ejemplo.invalid/p/2097,@usuario_ficticio_97,https://ejemplo.invalid/p/2097
2026-08-21,Argentina,me diagnosticaron presión alta y no sé qué comer,@usuario_ficticio_98,https://ejemplo.invalid/p/2098
2026-08-09,Colombia,la hipertensión es un problema grave y nadie habla,@usuario_ficticio_99,https://ejemplo.invalid/p/2099
2026-08-23,Argentina,"Vasotril me hizo mal, tuve mareos https://ejemplo.invalid/p/2100 @cuenta_ficticia",@usuario_ficticio_100,https://ejemplo.invalid/p/2100
2026-09-08,México,me diagnosticaron presión alta y no sé qué comer,@usuario_ficticio_101,https://ejemplo.invalid/p/2101
2026-07-23,Chile,"Vasotril me hizo mal, tuve mareos",@usuario_ficticio_102,https://ejemplo.invalid/p/2102
2026-08-30,Colombia,"no hay Glucofin en la farmacia, desabastecimiento otra vez https://ejemplo.invalid/p/2103",@usuario_ficticio_103,https://ejemplo.invalid/p/2103
2026-08-05,Uruguay,me diagnosticaron presión alta y no sé qué comer,@usuario_ficticio_104,https://ejemplo.invalid/p/2104
2026-09-15,Perú,mi vieja tiene osteoporosis y le duele todo @cuenta_ficticia,@usuario_ficticio_105,https://ejemplo.invalid/p/2105
2026-07-04,México,Vitalix está carísimo https://ejemplo.invalid/p/2106,@usuario_ficticio_106,https://ejemplo.invalid/p/2106
2026-08-04,Argentina,la hipertensión es un problema grave y nadie habla,@usuario_ficticio_107,https://ejemplo.invalid/p/2107
2026-09-18,Argentina,me diagnosticaron presión alta y no sé qué comer,@usuario_ficticio_108,https://ejemplo.invalid/p/2108
2026-09-01,Colombia,"Vasotril me hizo mal, tuve mareos https://ejemplo.invalid/p/2109",@usuario_ficticio_109,https://ejemplo.invalid/p/2109
2026-07-22,Argentina,caminar todos los días me ayudó con la presión @cuenta_ficticia,@usuario_ficticio_110,https://ejemplo.invalid/p/2110
2026-08-04,Chile,"Vasotril me hizo mal, tuve mareos",@usuario_ficticio_111,https://ejemplo.invalid/p/2111
2026-08-07,Argentina,"Vitalix me encanta, excelente para arrancar el día https://ejemplo.invalid/p/2112",@usuario_ficticio_112,https://ejemplo.invalid/p/2112
2026-09-08,Uruguay,la hipertensión es un problema grave y nadie habla,@usuario_ficticio_113,https://ejemplo.invalid/p/2113
2026-09-22,México,caminar todos los días me ayudó con la presión,@usuario_ficticio_114,https://ejemplo.invalid/p/2114
2026-07-07,Argentina,"no hay Glucofin en la farmacia, desabastecimiento otra vez https://ejemplo.invalid/p/2115 @cuenta_ficticia",@usuario_ficticio_115,https://ejemplo.invalid/p/2115
2026-08-04,Argentina,con la diabetes el control de glucosa es un problema,@usuario_ficticio_116,https://ejemplo.invalid/p/2116
2026-09-05,México,"Vasotril me hizo mal, tuve mareos",@usuario_ficticio_117,https://ejemplo.invalid/p/2117
2026-09-16,México,caminar todos los días me ayudó con la presión https://ejemplo.invalid/p/2118,@usuario_ficticio_118,https://ejemplo.invalid/p/2118
2026-08-29,Colombia,Vitalix está carísimo,@usuario_ficticio_119,https://ejemplo.invalid/p/2119
2026-09-02,Chile,"Vasotril me hizo mal, tuve mareos @cuenta_ficticia",@usuario_ficticio_120,https://ejemplo.invalid/p/2120
2026-07-12,Brasil,caminar todos los días me ayudó con la presión https://ejemplo.invalid/p/2121,@usuario_ficticio_121,https://ejemplo.invalid/p/2121
2026-08-25,Argentina,"Vasotril me hizo mal, tuve mareos",@usuario_ficticio_122,https://ejemplo.invalid/p/2122
2026-07-11,México,"el Vasotril funciona bien, la presión mejoró",@usuario_ficticio_123,https://ejemplo.invalid/p/2123
2026-09-22,México,con la diabetes el control de glucosa es un problema https://ejemplo.invalid/p/2124,@usuario_ficticio_124,https://ejemplo.invalid/p/2124
2026-08-15,Brasil,me diagnosticaron presión alta y no sé qué comer @cuenta_ficticia,@usuario_ficticio_125,https://ejemplo.invalid/p/2125
2026-07-24,Argentina,Calcimar D recomendado por mi médica,@usuario_ficticio_126,https://ejemplo.invalid/p/2126
2026-08-01,Colombia,"Vitalix me encanta, excelente para arrancar el día https://ejemplo.invalid/p/2127",@usuario_ficticio_127,https://ejemplo.invalid/p/2127
2026-08-12,México,"el Vasotril funciona bien, la presión mejoró",@usuario_ficticio_128,https://ejemplo.invalid/p/2128
2026-09-22,Colombia,"Vitalix me encanta, excelente para arrancar el día",@usuario_ficticio_129,https://ejemplo.invalid/p/2129
2026-08-15,Colombia,Calcimar D recomendado por mi médica https://ejemplo.invalid/p/2130 @cuenta_ficticia,@usuario_ficticio_130,https://ejemplo.invalid/p/2130
2026-08-03,Chile,con la diabetes el control de glucosa es un problema,@usuario_ficticio_131,https://ejemplo.invalid/p/2131
2026-09-06,Argentina,buenísimo el programa para controlar la diabetes,@usuario_ficticio_132,https://ejemplo.invalid/p/2132
2026-09-06,Colombia,Vitalix está carísimo https://ejemplo.invalid/p/2133,@usuario_ficticio_133,https://ejemplo.invalid/p/2133
2026-08-25,México,buenísimo el programa para controlar la diabetes,@usuario_ficticio_134,https://ejemplo.invalid/p/2134
2026-07-21,Colombia,la hipertensión es un problema grave y nadie habla @cuenta_ficticia,@usuario_ficticio_135,https://ejemplo.invalid/p/2135
2026-09-08,México,"Vitalix me encanta, excelente para arrancar el día https://ejemplo.invalid/p/2136",@usuario_ficticio_136,https://ejemplo.invalid/p/2136
2026-07-29,Chile,buenísimo el programa para controlar la diabetes,@usuario_ficticio_137,https://ejemplo.invalid/p/2137
2026-07-04,Colombia,"el Vasotril funciona bien, la presión mejoró",@usuario_ficticio_138,https://ejemplo.invalid/p/2138
2026-09-22,México,Vitalix está carísimo https://ejemplo.invalid/p/2139,@usuario_ficticio_139,https://ejemplo.invalid/p/2139
2026-07-06,Uruguay,mi vieja tiene osteoporosis y le duele todo @cuenta_ficticia,@usuario_ficticio_140,https://ejemplo.invalid/p/2140
2026-09-06,Argentina,"Vasotril me hizo mal, tuve mareos",@usuario_ficticio_141,https://ejemplo.invalid/p/2141
2026-07-20,Perú,mi vieja tiene osteoporosis y le duele todo https://ejemplo.invalid/p/2142,@usuario_ficticio_142,https://ejemplo.invalid/p/2142
2026-07-03,Chile,"Vasotril me hizo mal, tuve mareos",@usuario_ficticio_143,https://ejemplo.invalid/p/2143
2026-07-16,Chile,caminar todos los días me ayudó con la presión,@usuario_ficticio_144,https://ejemplo.invalid/p/2144
2026-07-31,México,me diagnosticaron presión alta y no sé qué comer https://ejemplo.invalid/p/2145 @cuenta_ficticia,@usuario_ficticio_145,https://ejemplo.invalid/p/2145
2026-08-31,México,"el Vasotril funciona bien, la presión mejoró",@usuario_ficticio_146,https://ejemplo.invalid/p/2146
2026-07-19,Brasil,Vitalix está carísimo,@usuario_ficticio_147,https://ejemplo.invalid/p/2147
2026-07-27,Colombia,me diagnosticaron presión alta y no sé qué comer https://ejemplo.invalid/p/2148,@usuario_ficticio_148,https://ejemplo.invalid/p/2148
2026-07-03,México,me diagnosticaron presión alta y no sé qué comer,@usuario_ficticio_149,https://ejemplo.invalid/p/2149
2026-09-05,Chile,"el Vasotril funciona bien, la presión mejoró @cuenta_ficticia",@usuario_ficticio_150,https://ejemplo.invalid/p/2150
2026-09-07,Chile,me diagnosticaron presión alta y no sé qué comer https://ejemplo.invalid/p/2151,@usuario_ficticio_151,https://ejemplo.invalid/p/2151
2026-07-31,Brasil,Vitalix está carísimo,@usuario_ficticio_152,https://ejemplo.invalid/p/2152
2026-08-14,Argentina,"el Vasotril funciona bien, la presión mejoró",@usuario_ficticio_153,https://ejemplo.invalid/p/2153
2026-07-14,Argentina,"Vitalix me encanta, excelente para arrancar el día https://ejemplo.invalid/p/2154",@usuario_ficticio_154,https://ejemplo.invalid/p/2154
2026-07-10,México,con la diabetes el control de glucosa es un problema @cuenta_ficticia,@usuario_ficticio_155,https://ejemplo.invalid/p/2155
2026-07-19,Colombia,"Vitalix me encanta, excelente para arrancar el día",@usuario_ficticio_156,https://ejemplo.invalid/p/2156
2026-09-04,Perú,buenísimo el programa para controlar la diabetes https://ejemplo.invalid/p/2157,@usuario_ficticio_157,https://ejemplo.invalid/p/2157
2026-07-03,México,"Vitalix me encanta, excelente para arrancar el día",@usuario_ficticio_158,https://ejemplo.invalid/p/2158
2026-09-01,Colombia,caminar todos los días me ayudó con la presión,@usuario_ficticio_159,https://ejemplo.invalid/p/2159
2026-09-20,Colombia,"Vasotril me hizo mal, tuve mareos https://ejemplo.invalid/p/2160 @cuenta_ficticia",@usuario_ficticio_160,https://ejemplo.invalid/p/2160
2026-07-13,Perú,buenísimo el programa para controlar la diabetes,@usuario_ficticio_161,https://ejemplo.invalid/p/2161
2026-07-13,Argentina,me diagnosticaron presión alta y no sé qué comer,@usuario_ficticio_162,https://ejemplo.invalid/p/2162
2026-08-31,Colombia,Vitalix está carísimo https://ejemplo.invalid/p/2163,@usuario_ficticio_163,https://ejemplo.invalid/p/2163
2026-07-10,México,me diagnosticaron presión alta y no sé qué comer,@usuario_ficticio_164,https://ejemplo.invalid/p/2164
2026-08-29,Argentina,buenísimo el programa para controlar la diabetes @cuenta_ficticia,@usuario_ficticio_165,https://ejemplo.invalid/p/2165
2026-08-12,Colombia,"Vitalix me encanta, excelente para arrancar el día https://ejemplo.invalid/p/2166",@usuario_ficticio_166,https://ejemplo.invalid/p/2166
2026-08-31,Chile,"no hay Glucofin en la farmacia, desabastecimiento otra vez",@usuario_ficticio_167,https://ejemplo.invalid/p/2167
2026-08-28,Brasil,Vitalix está carísimo,@usuario_ficticio_168,https://ejemplo.invalid/p/2168
2026-08-02,México,"no hay Glucofin en la farmacia, desabastecimiento otra vez https://ejemplo.invalid/p/2169",@usuario_ficticio_169,https://ejemplo.invalid/p/2169
2026-08-18,Colombia,"Vasotril me hizo mal, tuve mareos @cuenta_ficticia",@usuario_ficticio_170,https://ejemplo.invalid/p/2170
2026-08-11,Argentina,la hipertensión es un problema grave y nadie habla,@usuario_ficticio_171,https://ejemplo.invalid/p/2171
2026-07-31,Argentina,"Vitalix me encanta, excelente para arrancar el día https://ejemplo.invalid/p/2172",@usuario_ficticio_172,https://ejemplo.invalid/p/2172
2026-07-17,Argentina,"Vasotril me hizo mal, tuve mareos",@usuario_ficticio_173,https://ejemplo.invalid/p/2173
2026-07-29,México,caminar todos los días me ayudó con la presión,@usuario_ficticio_174,https://ejemplo.invalid/p/2174
2026-07-02,Brasil,me diagnosticaron presión alta y no sé qué comer https://ejemplo.invalid/p/2175 @cuenta_ficticia,@usuario_ficticio_175,https://ejemplo.invalid/p/2175
2026-08-16,Argentina,"el Vasotril funciona bien, la presión mejoró",@usuario_ficticio_176,https://ejemplo.invalid/p/2176
2026-08-21,Perú,"Vasotril me hizo mal, tuve mareos",@usuario_ficticio_177,https://ejemplo.invalid/p/2177
2026-08-28,Argentina,Calcimar D recomendado por mi médica https://ejemplo.invalid/p/2178,@usuario_ficticio_178,https://ejemplo.invalid/p/2178
2026-08-22,Colombia,Calcimar D recomendado por mi médica,@usuario_ficticio_179,https://ejemplo.invalid/p/2179
2026-08-11,Argentina,con la diabetes el control de glucosa es un problema @cuenta_ficticia,@usuario_ficticio_180,https://ejemplo.invalid/p/2180
2026-07-01,México,Calcimar D recomendado por mi médica https://ejemplo.invalid/p/2181,@usuario_ficticio_181,https://ejemplo.invalid/p/2181
2026-09-18,Argentina,"Vitalix me encanta, excelente para arrancar el día",@usuario_ficticio_182,https://ejemplo.invalid/p/2182
2026-07-02,Argentina,"no hay Glucofin en la farmacia, desabastecimiento otra vez",@usuario_ficticio_183,https://ejemplo.invalid/p/2183
2026-08-14,México,con la diabetes el control de glucosa es un problema https://ejemplo.invalid/p/2184,@usuario_ficticio_184,https://ejemplo.invalid/p/2184
2026-07-15,Colombia,la hipertensión es un problema grave y nadie habla @cuenta_ficticia,@usuario_ficticio_185,https://ejemplo.invalid/p/2185
2026-08-18,Chile,"Vasotril me hizo mal, tuve mareos",@usuario_ficticio_186,https://ejemplo.invalid/p/2186
2026-09-12,Chile,buenísimo el programa para controlar la diabetes https://ejemplo.invalid/p/2187,@usuario_ficticio_187,https://ejemplo.invalid/p/2187
2026-09-10,Perú,me diagnosticaron presión alta y no sé qué comer,@usuario_ficticio_188,https://ejemplo.invalid/p/2188
2026-09-21,México,"Vasotril me hizo mal, tuve mareos",@usuario_ficticio_189,https://ejemplo.invalid/p/2189
2026-09-18,Chile,"Vitalix me encanta, excelente para arrancar el día https://ejemplo.invalid/p/2190 @cuenta_ficticia",@usuario_ficticio_190,https://ejemplo.invalid/p/2190
2026-07-18,Uruguay,la hipertensión es un problema grave y nadie habla,@usuario_ficticio_191,https://ejemplo.invalid/p/2191
2026-07-18,Brasil,mi vieja tiene osteoporosis y le duele todo,@usuario_ficticio_192,https://ejemplo.invalid/p/2192
2026-08-26,Uruguay,mi vieja tiene osteoporosis y le duele todo https://ejemplo.invalid/p/2193,@usuario_ficticio_193,https://ejemplo.invalid/p/2193
2026-07-19,México,Vitalix está carísimo,@usuario_ficticio_194,https://ejemplo.invalid/p/2194
2026-09-21,Colombia,Calcimar D recomendado por mi médica @cuenta_ficticia,@usuario_ficticio_195,https://ejemplo.invalid/p/2195
2026-09-04,Uruguay,Calcimar D recomendado por mi médica https://ejemplo.invalid/p/2196,@usuario_ficticio_196,https://ejemplo.invalid/p/2196
2026-07-17,Colombia,Calcimar D recomendado por mi médica,@usuario_ficticio_197,https://ejemplo.invalid/p/2197
2026-08-24,Brasil,"el Vasotril funciona bien, la presión mejoró",@usuario_ficticio_198,https://ejemplo.invalid/p/2198
2026-07-09,Argentina,caminar todos los días me ayudó con la presión https://ejemplo.invalid/p/2199,@usuario_ficticio_199,https://ejemplo.invalid/p/2199
2026-09-06,Uruguay,"Vasotril me hizo mal, tuve mareos @cuenta_ficticia",@usuario_ficticio_200,https://ejemplo.invalid/p/2200
2026-07-16,Brasil,Vitalix está carísimo,@usuario_ficticio_201,https://ejemplo.invalid/p/2201
2026-07-29,Brasil,"el Vasotril funciona bien, la presión mejoró https://ejemplo.invalid/p/2202",@usuario_ficticio_202,https://ejemplo.invalid/p/2202
2026-07-15,Brasil,me diagnosticaron presión alta y no sé qué comer,@usuario_ficticio_203,https://ejemplo.invalid/p/2203
2026-09-17,Argentina,Calcimar D recomendado por mi médica,@usuario_ficticio_204,https://ejemplo.invalid/p/2204
2026-08-08,Argentina,caminar todos los días me ayudó con la presión https://ejemplo.invalid/p/2205 @cuenta_ficticia,@usuario_ficticio_205,https://ejemplo.invalid/p/2205
2026-08-18,Argentina,buenísimo el programa para controlar la diabetes,@usuario_ficticio_206,https://ejemplo.invalid/p/2206
2026-08-17,México,me diagnosticaron presión alta y no sé qué comer,@usuario_ficticio_207,https://ejemplo.invalid/p/2207
2026-07-22,México,"Vitalix me encanta, excelente para arrancar el día https://ejemplo.invalid/p/2208",@usuario_ficticio_208,https://ejemplo.invalid/p/2208
2026-09-22,Brasil,"el Vasotril funciona bien, la presión mejoró",@usuario_ficticio_209,https://ejemplo.invalid/p/2209
2026-09-10,Uruguay,buenísimo el programa para controlar la diabetes @cuenta_ficticia,@usuario_ficticio_210,https://ejemplo.invalid/p/2210
2026-07-30,Colombia,Calcimar D recomendado por mi médica https://ejemplo.invalid/p/2211,@usuario_ficticio_211,https://ejemplo.invalid/p/2211
2026-08-13,Colombia,con la diabetes el control de glucosa es un problema,@usuario_ficticio_212,https://ejemplo.invalid/p/2212
2026-09-18,Chile,buenísimo el programa para controlar la diabetes,@usuario_ficticio_213,https://ejemplo.invalid/p/2213
2026-09-16,México,me diagnosticaron presión alta y no sé qué comer https://ejemplo.invalid/p/2214,@usuario_ficticio_214,https://ejemplo.invalid/p/2214
2026-08-01,Argentina,buenísimo el programa para controlar la diabetes @cuenta_ficticia,@usuario_ficticio_215,https://ejemplo.invalid/p/2215
2026-07-10,Perú,caminar todos los días me ayudó con la presión,@usuario_ficticio_216,https://ejemplo.invalid/p/2216
2026-09-18,Colombia,"Vasotril me hizo mal, tuve mareos https://ejemplo.invalid/p/2217",@usuario_ficticio_217,https://ejemplo.invalid/p/2217
2026-09-01,México,caminar todos los días me ayudó con la presión,@usuario_ficticio_218,https://ejemplo.invalid/p/2218
2026-07-14,Colombia,me diagnosticaron presión alta y no sé qué comer,@usuario_ficticio_219,https://ejemplo.invalid/p/2219
2026-09-05,Brasil,buenísimo el programa para controlar la diabetes https://ejemplo.invalid/p/2220 @cuenta_ficticia,@usuario_ficticio_220,https://ejemplo.invalid/p/2220
2026-09-06,Brasil,"no hay Glucofin en la farmacia, desabastecimiento otra vez",@usuario_ficticio_221,https://ejemplo.invalid/p/2221
2026-09-05,Colombia,con la diabetes el control de glucosa es un problema,@usuario_ficticio_222,https://ejemplo.invalid/p/2222
2026-08-08,Perú,mi vieja tiene osteoporosis y le duele todo https://ejemplo.invalid/p/2223,@usuario_ficticio_223,https://ejemplo.invalid/p/2223
2026-08-20,Chile,Vitalix está carísimo,@usuario_ficticio_224,https://ejemplo.invalid/p/2224
2026-09-22,México,caminar todos los días me ayudó con la presión @cuenta_ficticia,@usuario_ficticio_225,https://ejemplo.invalid/p/2225
2026-08-17,Argentina,Vitalix está carísimo https://ejemplo.invalid/p/2226,@usuario_ficticio_226,https://ejemplo.invalid/p/2226
2026-08-13,México,mi vieja tiene osteoporosis y le duele todo,@usuario_ficticio_227,https://ejemplo.invalid/p/2227
2026-07-14,Colombia,"el Vasotril funciona bien, la presión mejoró",@usuario_ficticio_228,https://ejemplo.invalid/p/2228
2026-07-23,Chile,mi vieja tiene osteoporosis y le duele todo https://ejemplo.invalid/p/2229,@usuario_ficticio_229,https://ejemplo.invalid/p/2229
2026-08-05,México,buenísimo el programa para controlar la diabetes @cuenta_ficticia,@usuario_ficticio_230,https://ejemplo.invalid/p/2230
2026-07-22,Argentina,"el Vasotril funciona bien, la presión mejoró",@usuario_ficticio_231,https://ejemplo.invalid/p/2231
2026-07-14,Argentina,Vitalix está carísimo https://ejemplo.invalid/p/2232,@usuario_ficticio_232,https://ejemplo.invalid/p/2232
2026-07-18,Chile,Calcimar D recomendado por mi médica,@usuario_ficticio_233,https://ejemplo.invalid/p/2233
2026-09-11,México,"Vasotril me hizo mal, tuve mareos",@usuario_ficticio_234,https://ejemplo.invalid/p/2234
2026-07-12,Perú,caminar todos los días me ayudó con la presión https://ejemplo.invalid/p/2235 @cuenta_ficticia,@usuario_ficticio_235,https://ejemplo.invalid/p/2235
2026-08-14,México,la hipertensión es un problema grave y nadie habla,@usuario_ficticio_236,https://ejemplo.invalid/p/2236
2026-07-25,México,con la diabetes el control de glucosa es un problema,@usuario_ficticio_237,https://ejemplo.invalid/p/2237
2026-09-03,Argentina,"Vitalix me encanta, excelente para arrancar el día https://ejemplo.invalid/p/2238",@usuario_ficticio_238,https://ejemplo.invalid/p/2238
2026-09-08,Argentina,Vitalix está carísimo,@usuario_ficticio_239,https://ejemplo.invalid/p/2239
2026-07-12,Uruguay,la hipertensión es un problema grave y nadie habla @cuenta_ficticia,@usuario_ficticio_240,https://ejemplo.invalid/p/2240
2026-09-17,Brasil,"Vitalix me encanta, excelente para arrancar el día https://ejemplo.invalid/p/2241",@usuario_ficticio_241,https://ejemplo.invalid/p/2241
2026-07-30,México,la hipertensión es un problema grave y nadie habla,@usuario_ficticio_242,https://ejemplo.invalid/p/2242
2026-09-20,México,caminar todos los días me ayudó con la presión,@usuario_ficticio_243,https://ejemplo.invalid/p/2243
2026-08-09,Uruguay,caminar todos los días me ayudó con la presión https://ejemplo.invalid/p/2244,@usuario_ficticio_244,https://ejemplo.invalid/p/2244
2026-07-23,Colombia,mi vieja tiene osteoporosis y le duele todo @cuenta_ficticia,@usuario_ficticio_245,https://ejemplo.invalid/p/2245
2026-09-18,Uruguay,Calcimar D recomendado por mi médica,@usuario_ficticio_246,https://ejemplo.invalid/p/2246
2026-07-27,México,Vitalix está carísimo https://ejemplo.invalid/p/2247,@usuario_ficticio_247,https://ejemplo.invalid/p/2247
2026-07-05,México,"no hay Glucofin en la farmacia, desabastecimiento otra vez",@usuario_ficticio_248,https://ejemplo.invalid/p/2248
2026-07-10,Argentina,mi vieja tiene osteoporosis y le duele todo,@usuario_ficticio_249,https://ejemplo.invalid/p/2249
2026-07-05,Uruguay,"el Vasotril funciona bien, la presión mejoró https://ejemplo.invalid/p/2250 @cuenta_ficticia",@usuario_ficticio_250,https://ejemplo.invalid/p/2250
2026-07-08,México,"no hay Glucofin en la farmacia, desabastecimiento otra vez",@usuario_ficticio_251,https://ejemplo.invalid/p/2251
2026-08-01,Argentina,"Vasotril me hizo mal, tuve mareos",@usuario_ficticio_252,https://ejemplo.invalid/p/2252
2026-09-16,Colombia,caminar todos los días me ayudó con la presión https://ejemplo.invalid/p/2253,@usuario_ficticio_253,https://ejemplo.invalid/p/2253
2026-07-23,México,mi vieja tiene osteoporosis y le duele todo,@usuario_ficticio_254,https://ejemplo.invalid/p/2254
2026-08-06,Argentina,"el Vasotril funciona bien, la presión mejoró @cuenta_ficticia",@usuario_ficticio_255,https://ejemplo.invalid/p/2255
2026-07-06,México,me diagnosticaron presión alta y no sé qué comer https://ejemplo.invalid/p/2256,@usuario_ficticio_256,https://ejemplo.invalid/p/2256
2026-07-11,México,Calcimar D recomendado por mi médica,@usuario_ficticio_257,https://ejemplo.invalid/p/2257
2026-07-03,Colombia,me diagnosticaron presión alta y no sé qué comer,@usuario_ficticio_258,https://ejemplo.invalid/p/2258
2026-07-30,Chile,Calcimar D recomendado por mi médica https://ejemplo.invalid/p/2259,@usuario_ficticio_259,https://ejemplo.invalid/p/2259
2026-09-18,México,"Vasotril me hizo mal, tuve mareos @cuenta_ficticia",@usuario_ficticio_260,https://ejemplo.invalid/p/2260
2026-09-21,Chile,me diagnosticaron presión alta y no sé qué comer,@usuario_ficticio_261,https://ejemplo.invalid/p/2261
2026-08-21,Perú,"Vitalix me encanta, excelente para arrancar el día https://ejemplo.invalid/p/2262",@usuario_ficticio_262,https://ejemplo.invalid/p/2262
2026-07-27,México,buenísimo el programa para controlar la diabetes,@usuario_ficticio_263,https://ejemplo.invalid/p/2263
2026-09-08,México,"Vitalix me encanta, excelente para arrancar el día",@usuario_ficticio_264,https://ejemplo.invalid/p/2264
2026-07-20,Brasil,"Vasotril me hizo mal, tuve mareos https://ejemplo.invalid/p/2265 @cuenta_ficticia",@usuario_ficticio_265,https://ejemplo.invalid/p/2265
2026-08-18,Colombia,buenísimo el programa para controlar la diabetes,@usuario_ficticio_266,https://ejemplo.invalid/p/2266
2026-08-19,México,la hipertensión es un problema grave y nadie habla,@usuario_ficticio_267,https://ejemplo.invalid/p/2267
2026-08-07,Chile,"Vitalix me encanta, excelente para arrancar el día https://ejemplo.invalid/p/2268",@usuario_ficticio_268,https://ejemplo.invalid/p/2268
2026-07-03,Argentina,"Vitalix me encanta, excelente para arrancar el día",@usuario_ficticio_269,https://ejemplo.invalid/p/2269
2026-07-29,México,"Vitalix me encanta, excelente para arrancar el día @cuenta_ficticia",@usuario_ficticio_270,https://ejemplo.invalid/p/2270
2026-08-07,Brasil,caminar todos los días me ayudó con la presión https://ejemplo.invalid/p/2271,@usuario_ficticio_271,https://ejemplo.invalid/p/2271
2026-07-28,Brasil,"el Vasotril funciona bien, la presión mejoró",@usuario_ficticio_272,https://ejemplo.invalid/p/2272
2026-08-24,Argentina,Vitalix está carísimo,@usuario_ficticio_273,https://ejemplo.invalid/p/2273
2026-08-20,México,Vitalix está carísimo https://ejemplo.invalid/p/2274,@usuario_ficticio_274,https://ejemplo.invalid/p/2274
2026-08-20,Colombia,"Vasotril me hizo mal, tuve mareos @cuenta_ficticia",@usuario_ficticio_275,https://ejemplo.invalid/p/2275
2026-07-02,México,caminar todos los días me ayudó con la presión,@usuario_ficticio_276,https://ejemplo.invalid/p/2276
2026-07-28,México,Vitalix está carísimo https://ejemplo.invalid/p/2277,@usuario_ficticio_277,https://ejemplo.invalid/p/2277
2026-09-18,México,buenísimo el programa para controlar la diabetes,@usuario_ficticio_278,https://ejemplo.invalid/p/2278
2026-07-06,México,"no hay Glucofin en la farmacia, desabastecimiento otra vez",@usuario_ficticio_279,https://ejemplo.invalid/p/2279
2026-08-10,México,con la diabetes el control de glucosa es un problema https://ejemplo.invalid/p/2280 @cuenta_ficticia,@usuario_ficticio_280,https://ejemplo.invalid/p/2280
2026-09-08,México,"no hay Glucofin en la farmacia, desabastecimiento otra vez",@usuario_ficticio_281,https://ejemplo.invalid/p/2281
2026-07-07,Chile,me diagnosticaron presión alta y no sé qué comer,@usuario_ficticio_282,https://ejemplo.invalid/p/2282
2026-08-19,Colombia,me diagnosticaron presión alta y no sé qué comer https://ejemplo.invalid/p/2283,@usuario_ficticio_283,https://ejemplo.invalid/p/2283
2026-07-26,Uruguay,con la diabetes el control de glucosa es un problema,@usuario_ficticio_284,https://ejemplo.invalid/p/2284
2026-08-07,México,"Vitalix me encanta, excelente para arrancar el día @cuenta_ficticia",@usuario_ficticio_285,https://ejemplo.invalid/p/2285
2026-07-11,Argentina,Vitalix está carísimo https://ejemplo.invalid/p/2286,@usuario_ficticio_286,https://ejemplo.invalid/p/2286
2026-08-12,Argentina,me diagnosticaron presión alta y no sé qué comer,@usuario_ficticio_287,https://ejemplo.invalid/p/2287
2026-08-16,Chile,"Vitalix me encanta, excelente para arrancar el día",@usuario_ficticio_288,https://ejemplo.invalid/p/2288
2026-08-29,Uruguay,"el Vasotril funciona bien, la presión mejoró https://ejemplo.invalid/p/2289",@usuario_ficticio_289,https://ejemplo.invalid/p/2289
2026-08-23,Uruguay,"Vasotril me hizo mal, tuve mareos @cuenta_ficticia",@usuario_ficticio_290,https://ejemplo.invalid/p/2290
2026-09-10,Colombia,mi vieja tiene osteoporosis y le duele todo,@usuario_ficticio_291,https://ejemplo.invalid/p/2291
2026-08-21,Perú,me diagnosticaron presión alta y no sé qué comer https://ejemplo.invalid/p/2292,@usuario_ficticio_292,https://ejemplo.invalid/p/2292
2026-09-13,México,"el Vasotril funciona bien, la presión mejoró",@usuario_ficticio_293,https://ejemplo.invalid/p/2293
2026-07-24,Colombia,con la diabetes el control de glucosa es un problema,@usuario_ficticio_294,https://ejemplo.invalid/p/2294
2026-07-11,Brasil,caminar todos los días me ayudó con la presión https://ejemplo.invalid/p/2295 @cuenta_ficticia,@usuario_ficticio_295,https://ejemplo.invalid/p/2295
2026-07-18,México,Calcimar D recomendado por mi médica,@usuario_ficticio_296,https://ejemplo.invalid/p/2296
2026-07-13,Argentina,"Vasotril me hizo mal, tuve mareos",@usuario_ficticio_297,https://ejemplo.invalid/p/2297
2026-07-10,México,la hipertensión es un problema grave y nadie habla https://ejemplo.invalid/p/2298,@usuario_ficticio_298,https://ejemplo.invalid/p/2298
2026-07-13,Colombia,"no hay Glucofin en la farmacia, desabastecimiento otra vez",@usuario_ficticio_299,https://ejemplo.invalid/p/2299
2026-08-06,México,mi vieja tiene osteoporosis y le duele todo @cuenta_ficticia,@usuario_ficticio_300,https://ejemplo.invalid/p/2300
2026-08-31,Argentina,buenísimo el programa para controlar la diabetes https://ejemplo.invalid/p/2301,@usuario_ficticio_301,https://ejemplo.invalid/p/2301
2026-08-30,Argentina,me diagnosticaron presión alta y no sé qué comer,@usuario_ficticio_302,https://ejemplo.invalid/p/2302
2026-08-26,Argentina,"Vasotril me hizo mal, tuve mareos",@usuario_ficticio_303,https://ejemplo.invalid/p/2303
2026-08-22,Uruguay,Calcimar D recomendado por mi médica https://ejemplo.invalid/p/2304,@usuario_ficticio_304,https://ejemplo.invalid/p/2304
2026-08-07,Perú,"Vitalix me encanta, excelente para arrancar el día @cuenta_ficticia",@usuario_ficticio_305,https://ejemplo.invalid/p/2305
2026-07-05,Chile,"Vasotril me hizo mal, tuve mareos",@usuario_ficticio_306,https://ejemplo.invalid/p/2306
2026-08-10,México,"Vasotril me hizo mal, tuve mareos https://ejemplo.invalid/p/2307",@usuario_ficticio_307,https://ejemplo.invalid/p/2307
2026-09-19,México,mi vieja tiene osteoporosis y le duele todo,@usuario_ficticio_308,https://ejemplo.invalid/p/2308
2026-07-04,México,"Vitalix me encanta, excelente para arrancar el día",@usuario_ficticio_309,https://ejemplo.invalid/p/2309
2026-09-06,Chile,"no hay Glucofin en la farmacia, desabastecimiento otra vez https://ejemplo.invalid/p/2310 @cuenta_ficticia",@usuario_ficticio_310,https://ejemplo.invalid/p/2310
2026-09-14,Uruguay,Calcimar D recomendado por mi médica,@usuario_ficticio_311,https://ejemplo.invalid/p/2311
2026-09-13,Chile,la hipertensión es un problema grave y nadie habla,@usuario_ficticio_312,https://ejemplo.invalid/p/2312
2026-09-02,Argentina,la hipertensión es un problema grave y nadie habla https://ejemplo.invalid/p/2313,@usuario_ficticio_313,https://ejemplo.invalid/p/2313
2026-08-15,México,Vitalix está carísimo,@usuario_ficticio_314,https://ejemplo.invalid/p/2314
2026-08-14,México,caminar todos los días me ayudó con la presión @cuenta_ficticia,@usuario_ficticio_315,https://ejemplo.invalid/p/2315
2026-07-25,Brasil,Vitalix está carísimo https://ejemplo.invalid/p/2316,@usuario_ficticio_316,https://ejemplo.invalid/p/2316
2026-09-11,Colombia,"Vitalix me encanta, excelente para arrancar el día",@usuario_ficticio_317,https://ejemplo.invalid/p/2317
2026-08-13,Brasil,me diagnosticaron presión alta y no sé qué comer,@usuario_ficticio_318,https://ejemplo.invalid/p/2318
2026-07-09,Argentina,me diagnosticaron presión alta y no sé qué comer https://ejemplo.invalid/p/2319,@usuario_ficticio_319,https://ejemplo.invalid/p/2319
2026-09-02,Argentina,Vitalix está carísimo @cuenta_ficticia,@usuario_ficticio_320,https://ejemplo.invalid/p/2320
2026-09-05,México,Calcimar D recomendado por mi médica,@usuario_ficticio_321,https://ejemplo.invalid/p/2321
2026-07-18,Argentina,"no hay Glucofin en la farmacia, desabastecimiento otra vez https://ejemplo.invalid/p/2322",@usuario_ficticio_322,https://ejemplo.invalid/p/2322
2026-07-31,México,me diagnosticaron presión alta y no sé qué comer,@usuario_ficticio_323,https://ejemplo.invalid/p/2323
2026-08-29,Argentina,caminar todos los días me ayudó con la presión,@usuario_ficticio_324,https://ejemplo.invalid/p/2324
2026-07-25,Colombia,buenísimo el programa para controlar la diabetes https://ejemplo.invalid/p/2325 @cuenta_ficticia,@usuario_ficticio_325,https://ejemplo.invalid/p/2325
2026-08-09,Colombia,la hipertensión es un problema grave y nadie habla,@usuario_ficticio_326,https://ejemplo.invalid/p/2326
2026-08-17,Argentina,me diagnosticaron presión alta y no sé qué comer,@usuario_ficticio_327,https://ejemplo.invalid/p/2327
2026-08-15,México,Calcimar D recomendado por mi médica https://ejemplo.invalid/p/2328,@usuario_ficticio_328,https://ejemplo.invalid/p/2328
2026-07-24,México,con la diabetes el control de glucosa es un problema,@usuario_ficticio_329,https://ejemplo.invalid/p/2329
2026-07-15,Argentina,Vitalix está carísimo @cuenta_ficticia,@usuario_ficticio_330,https://ejemplo.invalid/p/2330
2026-08-21,Brasil,con la diabetes el control de glucosa es un problema https://ejemplo.invalid/p/2331,@usuario_ficticio_331,https://ejemplo.invalid/p/2331
2026-07-15,Perú,mi vieja tiene osteoporosis y le duele todo,@usuario_ficticio_332,https://ejemplo.invalid/p/2332
2026-09-20,México,"Vasotril me hizo mal, tuve mareos",@usuario_ficticio_333,https://ejemplo.invalid/p/2333
2026-07-09,Argentina,buenísimo el programa para controlar la diabetes https://ejemplo.invalid/p/2334,@usuario_ficticio_334,https://ejemplo.invalid/p/2334
2026-08-04,Chile,caminar todos los días me ayudó con la presión @cuenta_ficticia,@usuario_ficticio_335,https://ejemplo.invalid/p/2335
2026-08-11,México,me diagnosticaron presión alta y no sé qué comer,@usuario_ficticio_336,https://ejemplo.invalid/p/2336
2026-08-27,Chile,"el Vasotril funciona bien, la presión mejoró https://ejemplo.invalid/p/2337",@usuario_ficticio_337,https://ejemplo.invalid/p/2337
2026-07-10,Colombia,"no hay Glucofin en la farmacia, desabastecimiento otra vez",@usuario_ficticio_338,https://ejemplo.invalid/p/2338
2026-09-11,Chile,mi vieja tiene osteoporosis y le duele todo,@usuario_ficticio_339,https://ejemplo.invalid/p/2339
2026-07-28,México,"Vasotril me hizo mal, tuve mareos https://ejemplo.invalid/p/2340 @cuenta_ficticia",@usuario_ficticio_340,https://ejemplo.invalid/p/2340
2026-08-22,México,"Vasotril me hizo mal, tuve mareos",@usuario_ficticio_341,https://ejemplo.invalid/p/2341
2026-07-24,México,Vitalix está carísimo,@usuario_ficticio_342,https://ejemplo.invalid/p/2342
2026-08-21,México,"Vasotril me hizo mal, tuve mareos https://ejemplo.invalid/p/2343",@usuario_ficticio_343,https://ejemplo.invalid/p/2343
2026-07-18,México,con la diabetes el control de glucosa es un problema,@usuario_ficticio_344,https://ejemplo.invalid/p/2344
2026-09-20,Colombia,"no hay Glucofin en la farmacia, desabastecimiento otra vez @cuenta_ficticia",@usuario_ficticio_345,https://ejemplo.invalid/p/2345
2026-07-09,México,Calcimar D recomendado por mi médica https://ejemplo.invalid/p/2346,@usuario_ficticio_346,https://ejemplo.invalid/p/2346
2026-08-10,Colombia,Calcimar D recomendado por mi médica,@usuario_ficticio_347,https://ejemplo.invalid/p/2347
2026-08-17,Colombia,"no hay Glucofin en la farmacia, desabastecimiento otra vez",@usuario_ficticio_348,https://ejemplo.invalid/p/2348
2026-07-22,Chile,"Vitalix me encanta, excelente para arrancar el día https://ejemplo.invalid/p/2349",@usuario_ficticio_349,https://ejemplo.invalid/p/2349
2026-08-14,Colombia,"no hay Glucofin en la farmacia, desabastecimiento otra vez @cuenta_ficticia",@usuario_ficticio_350,https://ejemplo.invalid/p/2350
2026-08-29,México,Calcimar D recomendado por mi médica,@usuario_ficticio_351,https://ejemplo.invalid/p/2351
2026-08-17,Argentina,la hipertensión es un problema grave y nadie habla https://ejemplo.invalid/p/2352,@usuario_ficticio_352,https://ejemplo.invalid/p/2352
2026-07-15,Brasil,Vitalix está carísimo,@usuario_ficticio_353,https://ejemplo.invalid/p/2353
2026-09-10,Argentina,la hipertensión es un problema grave y nadie habla,@usuario_ficticio_354,https://ejemplo.invalid/p/2354
2026-07-31,Chile,"no hay Glucofin en la farmacia, desabastecimiento otra vez https://ejemplo.invalid/p/2355 @cuenta_ficticia",@usuario_ficticio_355,https://ejemplo.invalid/p/2355
2026-07-27,Uruguay,Vitalix está carísimo,@usuario_ficticio_356,https://ejemplo.invalid/p/2356
2026-09-05,Argentina,"Vasotril me hizo mal, tuve mareos",@usuario_ficticio_357,https://ejemplo.invalid/p/2357
2026-09-20,México,caminar todos los días me ayudó con la presión https://ejemplo.invalid/p/2358,@usuario_ficticio_358,https://ejemplo.invalid/p/2358
2026-09-02,México,me diagnosticaron presión alta y no sé qué comer,@usuario_ficticio_359,https://ejemplo.invalid/p/2359
2026-09-17,Colombia,"Vasotril me hizo mal, tuve mareos @cuenta_ficticia",@usuario_ficticio_360,https://ejemplo.invalid/p/2360
2026-08-25,Brasil,la hipertensión es un problema grave y nadie habla https://ejemplo.invalid/p/2361,@usuario_ficticio_361,https://ejemplo.invalid/p/2361
2026-09-22,México,"no hay Glucofin en la farmacia, desabastecimiento otra vez",@usuario_ficticio_362,https://ejemplo.invalid/p/2362
2026-08-24,México,buenísimo el programa para controlar la diabetes,@usuario_ficticio_363,https://ejemplo.invalid/p/2363
2026-07-13,Chile,"Vasotril me hizo mal, tuve mareos https://ejemplo.invalid/p/2364",@usuario_ficticio_364,https://ejemplo.invalid/p/2364
2026-09-02,Chile,"el Vasotril funciona bien, la presión mejoró @cuenta_ficticia",@usuario_ficticio_365,https://ejemplo.invalid/p/2365
2026-07-19,Argentina,"Vasotril me hizo mal, tuve mareos",@usuario_ficticio_366,https://ejemplo.invalid/p/2366
2026-07-22,México,caminar todos los días me ayudó con la presión https://ejemplo.invalid/p/2367,@usuario_ficticio_367,https://ejemplo.invalid/p/2367
2026-09-01,Colombia,mi vieja tiene osteoporosis y le duele todo,@usuario_ficticio_368,https://ejemplo.invalid/p/2368
2026-07-28,México,"no hay Glucofin en la farmacia, desabastecimiento otra vez",@usuario_ficticio_369,https://ejemplo.invalid/p/2369
2026-07-06,Colombia,"Vasotril me hizo mal, tuve mareos https://ejemplo.invalid/p/2370 @cuenta_ficticia",@usuario_ficticio_370,https://ejemplo.invalid/p/2370
2026-07-13,México,la hipertensión es un problema grave y nadie habla,@usuario_ficticio_371,https://ejemplo.invalid/p/2371
2026-07-04,México,buenísimo el programa para controlar la diabetes,@usuario_ficticio_372,https://ejemplo.invalid/p/2372
2026-09-08,Perú,"el Vasotril funciona bien, la presión mejoró https://ejemplo.invalid/p/2373",@usuario_ficticio_373,https://ejemplo.invalid/p/2373
2026-09-09,Colombia,mi vieja tiene osteoporosis y le duele todo,@usuario_ficticio_374,https://ejemplo.invalid/p/2374
2026-07-23,Uruguay,mi vieja tiene osteoporosis y le duele todo @cuenta_ficticia,@usuario_ficticio_375,https://ejemplo.invalid/p/2375
2026-09-13,Argentina,"el Vasotril funciona bien, la presión mejoró https://ejemplo.invalid/p/2376",@usuario_ficticio_376,https://ejemplo.invalid/p/2376
2026-07-11,Argentina,buenísimo el programa para controlar la diabetes,@usuario_ficticio_377,https://ejemplo.invalid/p/2377
2026-07-15,México,con la diabetes el control de glucosa es un problema,@usuario_ficticio_378,https://ejemplo.invalid/p/2378
2026-07-24,México,Calcimar D recomendado por mi médica https://ejemplo.invalid/p/2379,@usuario_ficticio_379,https://ejemplo.invalid/p/2379
2026-08-10,Argentina,Calcimar D recomendado por mi médica @cuenta_ficticia,@usuario_ficticio_380,https://ejemplo.invalid/p/2380
2026-07-07,Colombia,mi vieja tiene osteoporosis y le duele todo,@usuario_ficticio_381,https://ejemplo.invalid/p/2381
2026-07-27,Perú,"no hay Glucofin en la farmacia, desabastecimiento otra vez https://ejemplo.invalid/p/2382",@usuario_ficticio_382,https://ejemplo.invalid/p/2382
2026-08-10,México,buenísimo el programa para controlar la diabetes,@usuario_ficticio_383,https://ejemplo.invalid/p/2383
2026-07-17,México,Vitalix está carísimo,@usuario_ficticio_384,https://ejemplo.invalid/p/2384
2026-07-18,México,"Vitalix me encanta, excelente para arrancar el día https://ejemplo.invalid/p/2385 @cuenta_ficticia",@usuario_ficticio_385,https://ejemplo.invalid/p/2385
2026-09-21,Argentina,Vitalix está carísimo,@usuario_ficticio_386,https://ejemplo.invalid/p/2386
2026-08-04,Chile,la hipertensión es un problema grave y nadie habla,@usuario_ficticio_387,https://ejemplo.invalid/p/2387
2026-08-23,Argentina,Vitalix está carísimo https://ejemplo.invalid/p/2388,@usuario_ficticio_388,https://ejemplo.invalid/p/2388
2026-08-25,Argentina,"Vitalix me encanta, excelente para arrancar el día",@usuario_ficticio_389,https://ejemplo.invalid/p/2389
2026-08-06,México,"Vasotril me hizo mal, tuve mareos @cuenta_ficticia",@usuario_ficticio_390,https://ejemplo.invalid/p/2390
2026-08-18,México,mi vieja tiene osteoporosis y le duele todo https://ejemplo.invalid/p/2391,@usuario_ficticio_391,https://ejemplo.invalid/p/2391
2026-07-12,Chile,"el Vasotril funciona bien, la presión mejoró",@usuario_ficticio_392,https://ejemplo.invalid/p/2392
2026-08-09,México,"Vitalix me encanta, excelente para arrancar el día",@usuario_ficticio_393,https://ejemplo.invalid/p/2393
2026-08-04,Uruguay,me diagnosticaron presión alta y no sé qué comer https://ejemplo.invalid/p/2394,@usuario_ficticio_394,https://ejemplo.invalid/p/2394
2026-07-21,Uruguay,mi vieja tiene osteoporosis y le duele todo @cuenta_ficticia,@usuario_ficticio_395,https://ejemplo.invalid/p/2395
2026-07-21,Argentina,la hipertensión es un problema grave y nadie habla,@usuario_ficticio_396,https://ejemplo.invalid/p/2396
2026-09-08,Argentina,Calcimar D recomendado por mi médica https://ejemplo.invalid/p/2397,@usuario_ficticio_397,https://ejemplo.invalid/p/2397
2026-09-17,México,"Vasotril me hizo mal, tuve mareos",@usuario_ficticio_398,https://ejemplo.invalid/p/2398
2026-07-17,Chile,Calcimar D recomendado por mi médica,@usuario_ficticio_399,https://ejemplo.invalid/p/2399
2026-08-01,México,Vitalix está carísimo https://ejemplo.invalid/p/2400 @cuenta_ficticia,@usuario_ficticio_0,https://ejemplo.invalid/p/2400
2026-08-23,Uruguay,caminar todos los días me ayudó con la presión,@usuario_ficticio_1,https://ejemplo.invalid/p/2401
2026-09-12,Colombia,Calcimar D recomendado por mi médica,@usuario_ficticio_2,https://ejemplo.invalid/p/2402
2026-07-27,Perú,me diagnosticaron presión alta y no sé qué comer https://ejemplo.invalid/p/2403,@usuario_ficticio_3,https://ejemplo.invalid/p/2403
2026-09-06,Colombia,"no hay Glucofin en la farmacia, desabastecimiento otra vez",@usuario_ficticio_4,https://ejemplo.invalid/p/2404
2026-07-05,México,Calcimar D recomendado por mi médica @cuenta_ficticia,@usuario_ficticio_5,https://ejemplo.invalid/p/2405
2026-08-07,México,la hipertensión es un problema grave y nadie habla https://ejemplo.invalid/p/2406,@usuario_ficticio_6,https://ejemplo.invalid/p/2406
2026-08-16,Colombia,"no hay Glucofin en la farmacia, desabastecimiento otra vez",@usuario_ficticio_7,https://ejemplo.invalid/p/2407
2026-07-06,Brasil,"Vitalix me encanta, excelente para arrancar el día",@usuario_ficticio_8,https://ejemplo.invalid/p/2408
2026-09-22,Chile,con la diabetes el control de glucosa es un problema https://ejemplo.invalid/p/2409,@usuario_ficticio_9,https://ejemplo.invalid/p/2409
2026-07-31,Uruguay,Calcimar D recomendado por mi médica @cuenta_ficticia,@usuario_ficticio_10,https://ejemplo.invalid/p/2410
2026-09-22,México,caminar todos los días me ayudó con la presión,@usuario_ficticio_11,https://ejemplo.invalid/p/2411
2026-07-03,México,con la diabetes el control de glucosa es un problema https://ejemplo.invalid/p/2412,@usuario_ficticio_12,https://ejemplo.invalid/p/2412
2026-07-23,Uruguay,me diagnosticaron presión alta y no sé qué comer,@usuario_ficticio_13,https://ejemplo.invalid/p/2413
2026-09-05,México,"el Vasotril funciona bien, la presión mejoró",@usuario_ficticio_14,https://ejemplo.invalid/p/2414
2026-09-14,Brasil,"Vasotril me hizo mal, tuve mareos https://ejemplo.invalid/p/2415 @cuenta_ficticia",@usuario_ficticio_15,https://ejemplo.invalid/p/2415
2026-08-28,Argentina,la hipertensión es un problema grave y nadie habla,@usuario_ficticio_16,https://ejemplo.invalid/p/2416
2026-09-14,México,caminar todos los días me ayudó con la presión,@usuario_ficticio_17,https://ejemplo.invalid/p/2417
2026-09-09,México,mi vieja tiene osteoporosis y le duele todo https://ejemplo.invalid/p/2418,@usuario_ficticio_18,https://ejemplo.invalid/p/2418
2026-07-23,Argentina,"Vasotril me hizo mal, tuve mareos",@usuario_ficticio_19,https://ejemplo.invalid/p/2419
2026-08-26,Uruguay,"Vitalix me encanta, excelente para arrancar el día @cuenta_ficticia",@usuario_ficticio_20,https://ejemplo.invalid/p/2420
2026-07-17,Colombia,la hipertensión es un problema grave y nadie habla https://ejemplo.invalid/p/2421,@usuario_ficticio_21,https://ejemplo.invalid/p/2421
2026-09-04,México,"Vasotril me hizo mal, tuve mareos",@usuario_ficticio_22,https://ejemplo.invalid/p/2422
2026-07-21,Colombia,Calcimar D recomendado por mi médica,@usuario_ficticio_23,https://ejemplo.invalid/p/2423
2026-07-09,Uruguay,"no hay Glucofin en la farmacia, desabastecimiento otra vez https://ejemplo.invalid/p/2424",@usuario_ficticio_24,https://ejemplo.invalid/p/2424
2026-08-17,Argentina,me diagnosticaron presión alta y no sé qué comer @cuenta_ficticia,@usuario_ficticio_25,https://ejemplo.invalid/p/2425
2026-09-11,Colombia,buenísimo el programa para controlar la diabetes,@usuario_ficticio_26,https://ejemplo.invalid/p/2426
2026-09-14,México,"Vasotril me hizo mal, tuve mareos https://ejemplo.invalid/p/2427",@usuario_ficticio_27,https://ejemplo.invalid/p/2427
2026-07-28,Argentina,"Vasotril me hizo mal, tuve mareos",@usuario_ficticio_28,https://ejemplo.invalid/p/2428
2026-07-08,México,"Vasotril me hizo mal, tuve mareos",@usuario_ficticio_29,https://ejemplo.invalid/p/2429
2026-09-08,Chile,la hipertensión es un problema grave y nadie habla https://ejemplo.invalid/p/2430 @cuenta_ficticia,@usuario_ficticio_30,https://ejemplo.invalid/p/2430
2026-07-19,México,me diagnosticaron presión alta y no sé qué comer,@usuario_ficticio_31,https://ejemplo.invalid/p/2431
2026-08-08,Argentina,buenísimo el programa para controlar la diabetes,@usuario_ficticio_32,https://ejemplo.invalid/p/2432
2026-08-10,México,me diagnosticaron presión alta y no sé qué comer https://ejemplo.invalid/p/2433,@usuario_ficticio_33,https://ejemplo.invalid/p/2433
2026-07-14,Argentina,"Vasotril me hizo mal, tuve mareos",@usuario_ficticio_34,https://ejemplo.invalid/p/2434
2026-09-10,Uruguay,"el Vasotril funciona bien, la presión mejoró @cuenta_ficticia",@usuario_ficticio_35,https://ejemplo.invalid/p/2435
2026-08-18,México,"Vitalix me encanta, excelente para arrancar el día https://ejemplo.invalid/p/2436",@usuario_ficticio_36,https://ejemplo.invalid/p/2436
2026-09-13,Brasil,"Vasotril me hizo mal, tuve mareos",@usuario_ficticio_37,https://ejemplo.invalid/p/2437
2026-07-03,México,mi vieja tiene osteoporosis y le duele todo,@usuario_ficticio_38,https://ejemplo.invalid/p/2438
2026-07-12,Argentina,me diagnosticaron presión alta y no sé qué comer https://ejemplo.invalid/p/2439,@usuario_ficticio_39,https://ejemplo.invalid/p/2439
2026-07-14,Argentina,buenísimo el programa para controlar la diabetes @cuenta_ficticia,@usuario_ficticio_40,https://ejemplo.invalid/p/2440
2026-08-02,Argentina,"el Vasotril funciona bien, la presión mejoró",@usuario_ficticio_41,https://ejemplo.invalid/p/2441
2026-08-27,Chile,con la diabetes el control de glucosa es un problema https://ejemplo.invalid/p/2442,@usuario_ficticio_42,https://ejemplo.invalid/p/2442
2026-07-28,Chile,caminar todos los días me ayudó con la presión,@usuario_ficticio_43,https://ejemplo.invalid/p/2443
2026-08-07,Perú,con la diabetes el control de glucosa es un problema,@usuario_ficticio_44,https://ejemplo.invalid/p/2444
2026-08-04,Brasil,"Vitalix me encanta, excelente para arrancar el día https://ejemplo.invalid/p/2445 @cuenta_ficticia",@usuario_ficticio_45,https://ejemplo.invalid/p/2445
2026-07-06,Argentina,me diagnosticaron presión alta y no sé qué comer,@usuario_ficticio_46,https://ejemplo.invalid/p/2446
2026-09-11,México,caminar todos los días me ayudó con la presión,@usuario_ficticio_47,https://ejemplo.invalid/p/2447
2026-09-04,Perú,Vitalix está carísimo https://ejemplo.invalid/p/2448,@usuario_ficticio_48,https://ejemplo.invalid/p/2448
2026-09-04,México,buenísimo el programa para controlar la diabetes,@usuario_ficticio_49,https://ejemplo.invalid/p/2449
2026-07-08,Brasil,buenísimo el programa para controlar la diabetes @cuenta_ficticia,@usuario_ficticio_50,https://ejemplo.invalid/p/2450
2026-07-30,México,caminar todos los días me ayudó con la presión https://ejemplo.invalid/p/2451,@usuario_ficticio_51,https://ejemplo.invalid/p/2451
2026-08-07,Brasil,Calcimar D recomendado por mi médica,@usuario_ficticio_52,https://ejemplo.invalid/p/2452
2026-09-21,Colombia,Vitalix está carísimo,@usuario_ficticio_53,https://ejemplo.invalid/p/2453
2026-08-06,Argentina,"el Vasotril funciona bien, la presión mejoró https://ejemplo.invalid/p/2454",@usuario_ficticio_54,https://ejemplo.invalid/p/2454
2026-07-14,Colombia,mi vieja tiene osteoporosis y le duele todo @cuenta_ficticia,@usuario_ficticio_55,https://ejemplo.invalid/p/2455
2026-09-19,Brasil,con la diabetes el control de glucosa es un problema,@usuario_ficticio_56,https://ejemplo.invalid/p/2456
2026-08-01,México,"Vitalix me encanta, excelente para arrancar el día https://ejemplo.invalid/p/2457",@usuario_ficticio_57,https://ejemplo.invalid/p/2457
2026-07-13,Brasil,Vitalix está carísimo,@usuario_ficticio_58,https://ejemplo.invalid/p/2458
2026-08-14,Brasil,"Vitalix me encanta, excelente para arrancar el día",@usuario_ficticio_59,https://ejemplo.invalid/p/2459
2026-08-28,Colombia,"no hay Glucofin en la farmacia, desabastecimiento otra vez https://ejemplo.invalid/p/2460 @cuenta_ficticia",@usuario_ficticio_60,https://ejemplo.invalid/p/2460
2026-08-26,Brasil,Calcimar D recomendado por mi médica,@usuario_ficticio_61,https://ejemplo.invalid/p/2461
2026-07-05,Uruguay,Calcimar D recomendado por mi médica,@usuario_ficticio_62,https://ejemplo.invalid/p/2462
2026-09-02,México,"no hay Glucofin en la farmacia, desabastecimiento otra vez https://ejemplo.invalid/p/2463",@usuario_ficticio_63,https://ejemplo.invalid/p/2463
2026-09-05,México,me diagnosticaron presión alta y no sé qué comer,@usuario_ficticio_64,https://ejemplo.invalid/p/2464
2026-09-10,México,"el Vasotril funciona bien, la presión mejoró @cuenta_ficticia",@usuario_ficticio_65,https://ejemplo.invalid/p/2465
2026-08-25,Argentina,Vitalix está carísimo https://ejemplo.invalid/p/2466,@usuario_ficticio_66,https://ejemplo.invalid/p/2466
2026-07-29,Colombia,Calcimar D recomendado por mi médica,@usuario_ficticio_67,https://ejemplo.invalid/p/2467
2026-07-22,Chile,buenísimo el programa para controlar la diabetes,@usuario_ficticio_68,https://ejemplo.invalid/p/2468
2026-07-03,México,"Vitalix me encanta, excelente para arrancar el día https://ejemplo.invalid/p/2469",@usuario_ficticio_69,https://ejemplo.invalid/p/2469
2026-08-31,México,caminar todos los días me ayudó con la presión @cuenta_ficticia,@usuario_ficticio_70,https://ejemplo.invalid/p/2470
2026-08-09,México,"Vitalix me encanta, excelente para arrancar el día",@usuario_ficticio_71,https://ejemplo.invalid/p/2471
2026-09-19,Perú,la hipertensión es un problema grave y nadie habla https://ejemplo.invalid/p/2472,@usuario_ficticio_72,https://ejemplo.invalid/p/2472
2026-07-16,Argentina,la hipertensión es un problema grave y nadie habla,@usuario_ficticio_73,https://ejemplo.invalid/p/2473
2026-08-23,Chile,"Vasotril me hizo mal, tuve mareos",@usuario_ficticio_74,https://ejemplo.invalid/p/2474
2026-08-18,Chile,buenísimo el programa para controlar la diabetes https://ejemplo.invalid/p/2475 @cuenta_ficticia,@usuario_ficticio_75,https://ejemplo.invalid/p/2475
2026-07-29,Uruguay,"el Vasotril funciona bien, la presión mejoró",@usuario_ficticio_76,https://ejemplo.invalid/p/2476
2026-07-01,Argentina,"Vasotril me hizo mal, tuve mareos",@usuario_ficticio_77,https://ejemplo.invalid/p/2477
2026-09-08,México,caminar todos los días me ayudó con la presión https://ejemplo.invalid/p/2478,@usuario_ficticio_78,https://ejemplo.invalid/p/2478
2026-07-09,México,Calcimar D recomendado por mi médica,@usuario_ficticio_79,https://ejemplo.invalid/p/2479
2026-07-06,Uruguay,me diagnosticaron presión alta y no sé qué comer @cuenta_ficticia,@usuario_ficticio_80,https://ejemplo.invalid/p/2480
2026-08-04,México,"el Vasotril funciona bien, la presión mejoró https://ejemplo.invalid/p/2481",@usuario_ficticio_81,https://ejemplo.invalid/p/2481
2026-08-16,México,mi vieja tiene osteoporosis y le duele todo,@usuario_ficticio_82,https://ejemplo.invalid/p/2482
2026-07-03,Colombia,"el Vasotril funciona bien, la presión mejoró",@usuario_ficticio_83,https://ejemplo.invalid/p/2483
2026-07-15,Colombia,Calcimar D recomendado por mi médica https://ejemplo.invalid/p/2484,@usuario_ficticio_84,https://ejemplo.invalid/p/2484
2026-08-21,México,con la diabetes el control de glucosa es un problema @cuenta_ficticia,@usuario_ficticio_85,https://ejemplo.invalid/p/2485
2026-07-03,Chile,"no hay Glucofin en la farmacia, desabastecimiento otra vez",@usuario_ficticio_86,https://ejemplo.invalid/p/2486
2026-08-06,México,la hipertensión es un problema grave y nadie habla https://ejemplo.invalid/p/2487,@usuario_ficticio_87,https://ejemplo.invalid/p/2487
2026-07-11,México,con la diabetes el control de glucosa es un problema,@usuario_ficticio_88,https://ejemplo.invalid/p/2488
2026-08-28,Brasil,"Vasotril me hizo mal, tuve mareos",@usuario_ficticio_89,https://ejemplo.invalid/p/2489
2026-07-17,Argentina,"no hay Glucofin en la farmacia, desabastecimiento otra vez https://ejemplo.invalid/p/2490 @cuenta_ficticia",@usuario_ficticio_90,https://ejemplo.invalid/p/2490
2026-08-20,Colombia,"Vitalix me encanta, excelente para arrancar el día",@usuario_ficticio_91,https://ejemplo.invalid/p/2491
2026-08-08,Uruguay,Vitalix está carísimo,@usuario_ficticio_92,https://ejemplo.invalid/p/2492
2026-07-02,Chile,buenísimo el programa para controlar la diabetes https://ejemplo.invalid/p/2493,@usuario_ficticio_93,https://ejemplo.invalid/p/2493
2026-07-20,México,caminar todos los días me ayudó con la presión,@usuario_ficticio_94,https://ejemplo.invalid/p/2494
2026-07-16,México,"no hay Glucofin en la farmacia, desabastecimiento otra vez @cuenta_ficticia",@usuario_ficticio_95,https://ejemplo.invalid/p/2495
2026-09-12,Chile,"Vitalix me encanta, excelente para arrancar el día https://ejemplo.invalid/p/2496",@usuario_ficticio_96,https://ejemplo.invalid/p/2496
2026-08-24,Uruguay,"Vitalix me encanta, excelente para arrancar el día",@usuario_ficticio_97,https://ejemplo.invalid/p/2497
2026-08-26,México,Calcimar D recomendado por mi médica,@usuario_ficticio_98,https://ejemplo.invalid/p/2498
2026-08-11,Argentina,"Vitalix me encanta, excelente para arrancar el día https://ejemplo.invalid/p/2499",@usuario_ficticio_99,https://ejemplo.invalid/p/2499
2026-08-24,Colombia,Vitalix está carísimo @cuenta_ficticia,@usuario_ficticio_100,https://ejemplo.invalid/p/2500
2026-09-14,Argentina,Vitalix está carísimo,@usuario_ficticio_101,https://ejemplo.invalid/p/2501
2026-08-23,Brasil,la hipertensión es un problema grave y nadie habla https://ejemplo.invalid/p/2502,@usuario_ficticio_102,https://ejemplo.invalid/p/2502
2026-07-03,México,"Vitalix me encanta, excelente para arrancar el día",@usuario_ficticio_103,https://ejemplo.invalid/p/2503
2026-08-31,México,"Vasotril me hizo mal, tuve mareos",@usuario_ficticio_104,https://ejemplo.invalid/p/2504
2026-08-01,Argentina,"Vitalix me encanta, excelente para arrancar el día https://ejemplo.invalid/p/2505 @cuenta_ficticia",@usuario_ficticio_105,https://ejemplo.invalid/p/2505
2026-07-26,Brasil,"Vasotril me hizo mal, tuve mareos",@usuario_ficticio_106,https://ejemplo.invalid/p/2506
2026-08-18,Brasil,la hipertensión es un problema grave y nadie habla,@usuario_ficticio_107,https://ejemplo.invalid/p/2507
2026-09-01,México,caminar todos los días me ayudó con la presión https://ejemplo.invalid/p/2508,@usuario_ficticio_108,https://ejemplo.invalid/p/2508
2026-07-25,Argentina,caminar todos los días me ayudó con la presión,@usuario_ficticio_109,https://ejemplo.invalid/p/2509
2026-08-27,México,buenísimo el programa para controlar la diabetes @cuenta_ficticia,@usuario_ficticio_110,https://ejemplo.invalid/p/2510
2026-09-20,México,con la diabetes el control de glucosa es un problema https://ejemplo.invalid/p/2511,@usuario_ficticio_111,https://ejemplo.invalid/p/2511
2026-08-17,Chile,"Vasotril me hizo mal, tuve mareos",@usuario_ficticio_112,https://ejemplo.invalid/p/2512
2026-07-07,Uruguay,"Vitalix me encanta, excelente para arrancar el día",@usuario_ficticio_113,https://ejemplo.invalid/p/2513
2026-07-07,México,"Vasotril me hizo mal, tuve mareos https://ejemplo.invalid/p/2514",@usuario_ficticio_114,https://ejemplo.invalid/p/2514
2026-08-29,Argentina,con la diabetes el control de glucosa es un problema @cuenta_ficticia,@usuario_ficticio_115,https://ejemplo.invalid/p/2515
2026-07-30,Colombia,buenísimo el programa para controlar la diabetes,@usuario_ficticio_116,https://ejemplo.invalid/p/2516
2026-08-04,México,con la diabetes el control de glucosa es un problema https://ejemplo.invalid/p/2517,@usuario_ficticio_117,https://ejemplo.invalid/p/2517
2026-08-14,Colombia,me diagnosticaron presión alta y no sé qué comer,@usuario_ficticio_118,https://ejemplo.invalid/p/2518
2026-08-15,Colombia,buenísimo el programa para controlar la diabetes,@usuario_ficticio_119,https://ejemplo.invalid/p/2519
2026-09-10,Perú,"Vitalix me encanta, excelente para arrancar el día https://ejemplo.invalid/p/2520 @cuenta_ficticia",@usuario_ficticio_120,https://ejemplo.invalid/p/2520
2026-08-30,Argentina,"Vasotril me hizo mal, tuve mareos",@usuario_ficticio_121,https://ejemplo.invalid/p/2521
2026-07-27,Chile,"Vitalix me encanta, excelente para arrancar el día",@usuario_ficticio_122,https://ejemplo.invalid/p/2522
2026-08-15,México,Vitalix está carísimo https://ejemplo.invalid/p/2523,@usuario_ficticio_123,https://ejemplo.invalid/p/2523
2026-08-24,Brasil,"no hay Glucofin en la farmacia, desabastecimiento otra vez",@usuario_ficticio_124,https://ejemplo.invalid/p/2524
2026-08-30,Colombia,mi vieja tiene osteoporosis y le duele todo @cuenta_ficticia,@usuario_ficticio_125,https://ejemplo.invalid/p/2525
2026-08-14,Uruguay,me diagnosticaron presión alta y no sé qué comer https://ejemplo.invalid/p/2526,@usuario_ficticio_126,https://ejemplo.invalid/p/2526
2026-07-12,México,buenísimo el programa para controlar la diabetes,@usuario_ficticio_127,https://ejemplo.invalid/p/2527
2026-08-04,Colombia,buenísimo el programa para controlar la diabetes,@usuario_ficticio_128,https://ejemplo.invalid/p/2528
2026-08-23,México,buenísimo el programa para controlar la diabetes https://ejemplo.invalid/p/2529,@usuario_ficticio_129,https://ejemplo.invalid/p/2529
2026-07-12,México,la hipertensión es un problema grave y nadie habla @cuenta_ficticia,@usuario_ficticio_130,https://ejemplo.invalid/p/2530
2026-08-31,Argentina,me diagnosticaron presión alta y no sé qué comer,@usuario_ficticio_131,https://ejemplo.invalid/p/2531
2026-08-20,México,Calcimar D recomendado por mi médica https://ejemplo.invalid/p/2532,@usuario_ficticio_132,https://ejemplo.invalid/p/2532
2026-07-26,México,con la diabetes el control de glucosa es un problema,@usuario_ficticio_133,https://ejemplo.invalid/p/2533
2026-08-15,Argentina,"Vasotril me hizo mal, tuve mareos",@usuario_ficticio_134,https://ejemplo.invalid/p/2534
2026-08-23,México,"Vasotril me hizo mal, tuve mareos https://ejemplo.invalid/p/2535 @cuenta_ficticia",@usuario_ficticio_135,https://ejemplo.invalid/p/2535
2026-08-22,Argentina,la hipertensión es un problema grave y nadie habla,@usuario_ficticio_136,https://ejemplo.invalid/p/2536
2026-08-05,Colombia,Calcimar D recomendado por mi médica,@usuario_ficticio_137,https://ejemplo.invalid/p/2537
2026-08-29,Brasil,caminar todos los días me ayudó con la presión https://ejemplo.invalid/p/2538,@usuario_ficticio_138,https://ejemplo.invalid/p/2538
2026-09-16,Argentina,"Vitalix me encanta, excelente para arrancar el día",@usuario_ficticio_139,https://ejemplo.invalid/p/2539
2026-08-04,Uruguay,Vitalix está carísimo @cuenta_ficticia,@usuario_ficticio_140,https://ejemplo.invalid/p/2540
2026-08-03,Colombia,buenísimo el programa para controlar la diabetes https://ejemplo.invalid/p/2541,@usuario_ficticio_141,https://ejemplo.invalid/p/2541
2026-07-13,Uruguay,"el Vasotril funciona bien, la presión mejoró",@usuario_ficticio_142,https://ejemplo.invalid/p/2542
2026-08-22,Chile,me diagnosticaron presión alta y no sé qué comer,@usuario_ficticio_143,https://ejemplo.invalid/p/2543
2026-08-15,Colombia,Calcimar D recomendado por mi médica https://ejemplo.invalid/p/2544,@usuario_ficticio_144,https://ejemplo.invalid/p/2544
2026-08-18,México,"Vasotril me hizo mal, tuve mareos @cuenta_ficticia",@usuario_ficticio_145,https://ejemplo.invalid/p/2545
2026-08-24,México,la hipertensión es un problema grave y nadie habla,@usuario_ficticio_146,https://ejemplo.invalid/p/2546
2026-08-06,México,caminar todos los días me ayudó con la presión https://ejemplo.invalid/p/2547,@usuario_ficticio_147,https://ejemplo.invalid/p/2547
2026-09-17,Colombia,"Vasotril me hizo mal, tuve mareos",@usuario_ficticio_148,https://ejemplo.invalid/p/2548
2026-07-08,México,mi vieja tiene osteoporosis y le duele todo,@usuario_ficticio_149,https://ejemplo.invalid/p/2549
2026-08-25,Uruguay,me diagnosticaron presión alta y no sé qué comer https://ejemplo.invalid/p/2550 @cuenta_ficticia,@usuario_ficticio_150,https://ejemplo.invalid/p/2550
2026-07-02,Colombia,"el Vasotril funciona bien, la presión mejoró",@usuario_ficticio_151,https://ejemplo.invalid/p/2551
2026-07-17,Uruguay,con la diabetes el control de glucosa es un problema,@usuario_ficticio_152,https://ejemplo.invalid/p/2552
2026-07-29,Colombia,caminar todos los días me ayudó con la presión https://ejemplo.invalid/p/2553,@usuario_ficticio_153,https://ejemplo.invalid/p/2553
2026-07-23,México,me diagnosticaron presión alta y no sé qué comer,@usuario_ficticio_154,https://ejemplo.invalid/p/2554
2026-09-01,México,me diagnosticaron presión alta y no sé qué comer @cuenta_ficticia,@usuario_ficticio_155,https://ejemplo.invalid/p/2555
2026-08-07,Argentina,buenísimo el programa para controlar la diabetes https://ejemplo.invalid/p/2556,@usuario_ficticio_156,https://ejemplo.invalid/p/2556
2026-08-08,Perú,caminar todos los días me ayudó con la presión,@usuario_ficticio_157,https://ejemplo.invalid/p/2557
2026-08-27,México,"no hay Glucofin en la farmacia, desabastecimiento otra vez",@usuario_ficticio_158,https://ejemplo.invalid/p/2558
2026-07-31,Colombia,la hipertensión es un problema grave y nadie habla https://ejemplo.invalid/p/2559,@usuario_ficticio_159,https://ejemplo.invalid/p/2559
2026-07-30,México,"no hay Glucofin en la farmacia, desabastecimiento otra vez @cuenta_ficticia",@usuario_ficticio_160,https://ejemplo.invalid/p/2560
2026-07-20,Brasil,"Vitalix me encanta, excelente para arrancar el día",@usuario_ficticio_161,https://ejemplo.invalid/p/2561
2026-08-23,Brasil,Calcimar D recomendado por mi médica https://ejemplo.invalid/p/2562,@usuario_ficticio_162,https://ejemplo.invalid/p/2562
2026-08-21,México,me diagnosticaron presión alta y no sé qué comer,@usuario_ficticio_163,https://ejemplo.invalid/p/2563
2026-09-22,México,"el Vasotril funciona bien, la presión mejoró",@usuario_ficticio_164,https://ejemplo.invalid/p/2564
2026-09-21,Colombia,mi vieja tiene osteoporosis y le duele todo https://ejemplo.invalid/p/2565 @cuenta_ficticia,@usuario_ficticio_165,https://ejemplo.invalid/p/2565
2026-08-22,Colombia,mi vieja tiene osteoporosis y le duele todo,@usuario_ficticio_166,https://ejemplo.invalid/p/2566
2026-08-22,Colombia,"el Vasotril funciona bien, la presión mejoró",@usuario_ficticio_167,https://ejemplo.invalid/p/2567
2026-08-01,Brasil,Vitalix está carísimo https://ejemplo.invalid/p/2568,@usuario_ficticio_168,https://ejemplo.invalid/p/2568
2026-08-21,México,con la diabetes el control de glucosa es un problema,@usuario_ficticio_169,https://ejemplo.invalid/p/2569
2026-09-02,Colombia,Calcimar D recomendado por mi médica @cuenta_ficticia,@usuario_ficticio_170,https://ejemplo.invalid/p/2570
2026-08-04,Argentina,"Vasotril me hizo mal, tuve mareos https://ejemplo.invalid/p/2571",@usuario_ficticio_171,https://ejemplo.invalid/p/2571
2026-09-11,Colombia,Vitalix está carísimo,@usuario_ficticio_172,https://ejemplo.invalid/p/2572
2026-09-16,Colombia,me diagnosticaron presión alta y no sé qué comer,@usuario_ficticio_173,https://ejemplo.invalid/p/2573
2026-09-01,Brasil,caminar todos los días me ayudó con la presión https://ejemplo.invalid/p/2574,@usuario_ficticio_174,https://ejemplo.invalid/p/2574
2026-07-06,Argentina,con la diabetes el control de glucosa es un problema @cuenta_ficticia,@usuario_ficticio_175,https://ejemplo.invalid/p/2575
2026-07-08,Brasil,"el Vasotril funciona bien, la presión mejoró",@usuario_ficticio_176,https://ejemplo.invalid/p/2576
2026-08-21,México,buenísimo el programa para controlar la diabetes https://ejemplo.invalid/p/2577,@usuario_ficticio_177,https://ejemplo.invalid/p/2577
2026-07-06,Brasil,"Vasotril me hizo mal, tuve mareos",@usuario_ficticio_178,https://ejemplo.invalid/p/2578
2026-07-31,Uruguay,me diagnosticaron presión alta y no sé qué comer,@usuario_ficticio_179,https://ejemplo.invalid/p/2579
2026-09-03,México,"el Vasotril funciona bien, la presión mejoró https://ejemplo.invalid/p/2580 @cuenta_ficticia",@usuario_ficticio_180,https://ejemplo.invalid/p/2580
2026-08-17,México,la hipertensión es un problema grave y nadie habla,@usuario_ficticio_181,https://ejemplo.invalid/p/2581
2026-08-14,México,me diagnosticaron presión alta y no sé qué comer,@usuario_ficticio_182,https://ejemplo.invalid/p/2582
2026-07-31,Uruguay,buenísimo el programa para controlar la diabetes https://ejemplo.invalid/p/2583,@usuario_ficticio_183,https://ejemplo.invalid/p/2583
2026-08-11,Argentina,caminar todos los días me ayudó con la presión,@usuario_ficticio_184,https://ejemplo.invalid/p/2584
2026-09-04,Argentina,buenísimo el programa para controlar la diabetes @cuenta_ficticia,@usuario_ficticio_185,https://ejemplo.invalid/p/2585
2026-07-09,México,"el Vasotril funciona bien, la presión mejoró https://ejemplo.invalid/p/2586",@usuario_ficticio_186,https://ejemplo.invalid/p/2586
2026-09-15,Argentina,"Vasotril me hizo mal, tuve mareos",@usuario_ficticio_187,https://ejemplo.invalid/p/2587
2026-09-19,Colombia,me diagnosticaron presión alta y no sé qué comer,@usuario_ficticio_188,https://ejemplo.invalid/p/2588
2026-07-15,Colombia,caminar todos los días me ayudó con la presión https://ejemplo.invalid/p/2589,@usuario_ficticio_189,https://ejemplo.invalid/p/2589
2026-07-06,México,con la diabetes el control de glucosa es un problema @cuenta_ficticia,@usuario_ficticio_190,https://ejemplo.invalid/p/2590
2026-08-22,Brasil,buenísimo el programa para controlar la diabetes,@usuario_ficticio_191,https://ejemplo.invalid/p/2591
2026-07-11,Chile,mi vieja tiene osteoporosis y le duele todo https://ejemplo.invalid/p/2592,@usuario_ficticio_192,https://ejemplo.invalid/p/2592
2026-07-14,Colombia,me diagnosticaron presión alta y no sé qué comer,@usuario_ficticio_193,https://ejemplo.invalid/p/2593
2026-09-12,Argentina,"no hay Glucofin en la farmacia, desabastecimiento otra vez",@usuario_ficticio_194,https://ejemplo.invalid/p/2594
2026-08-15,Argentina,mi vieja tiene osteoporosis y le duele todo https://ejemplo.invalid/p/2595 @cuenta_ficticia,@usuario_ficticio_195,https://ejemplo.invalid/p/2595
2026-07-01,Uruguay,me diagnosticaron presión alta y no sé qué comer,@usuario_ficticio_196,https://ejemplo.invalid/p/2596
2026-08-05,Chile,me diagnosticaron presión alta y no sé qué comer,@usuario_ficticio_197,https://ejemplo.invalid/p/2597
2026-07-17,Uruguay,"Vitalix me encanta, excelente para arrancar el día https://ejemplo.invalid/p/2598",@usuario_ficticio_198,https://ejemplo.invalid/p/2598
2026-07-14,México,mi vieja tiene osteoporosis y le duele todo,@usuario_ficticio_199,https://ejemplo.invalid/p/2599
2026-09-21,México,la hipertensión es un problema grave y nadie habla @cuenta_ficticia,@usuario_ficticio_200,https://ejemplo.invalid/p/2600
2026-07-04,Chile,Vitalix está carísimo https://ejemplo.invalid/p/2601,@usuario_ficticio_201,https://ejemplo.invalid/p/2601
2026-07-04,Brasil,caminar todos los días me ayudó con la presión,@usuario_ficticio_202,https://ejemplo.invalid/p/2602
2026-08-10,Argentina,Vitalix está carísimo,@usuario_ficticio_203,https://ejemplo.invalid/p/2603
2026-09-05,Argentina,Calcimar D recomendado por mi médica https://ejemplo.invalid/p/2604,@usuario_ficticio_204,https://ejemplo.invalid/p/2604
2026-08-03,Argentina,"no hay Glucofin en la farmacia, desabastecimiento otra vez @cuenta_ficticia",@usuario_ficticio_205,https://ejemplo.invalid/p/2605
2026-07-08,Argentina,Vitalix está carísimo,@usuario_ficticio_206,https://ejemplo.invalid/p/2606
2026-09-17,Brasil,con la diabetes el control de glucosa es un problema https://ejemplo.invalid/p/2607,@usuario_ficticio_207,https://ejemplo.invalid/p/2607
2026-08-21,Perú,"no hay Glucofin en la farmacia, desabastecimiento otra vez",@usuario_ficticio_208,https://ejemplo.invalid/p/2608
2026-07-31,Argentina,"el Vasotril funciona bien, la presión mejoró",@usuario_ficticio_209,https://ejemplo.invalid/p/2609
2026-07-01,Argentina,con la diabetes el control de glucosa es un problema https://ejemplo.invalid/p/2610 @cuenta_ficticia,@usuario_ficticio_210,https://ejemplo.invalid/p/2610
2026-09-07,Perú,con la diabetes el control de glucosa es un problema,@usuario_ficticio_211,https://ejemplo.invalid/p/2611
2026-08-03,Argentina,Vitalix está carísimo,@usuario_ficticio_212,https://ejemplo.invalid/p/2612
2026-08-13,México,"Vitalix me encanta, excelente para arrancar el día https://ejemplo.invalid/p/2613",@usuario_ficticio_213,https://ejemplo.invalid/p/2613
2026-07-22,Uruguay,me diagnosticaron presión alta y no sé qué comer,@usuario_ficticio_214,https://ejemplo.invalid/p/2614
2026-07-25,Chile,me diagnosticaron presión alta y no sé qué comer @cuenta_ficticia,@usuario_ficticio_215,https://ejemplo.invalid/p/2615
2026-08-04,México,Calcimar D recomendado por mi médica https://ejemplo.invalid/p/2616,@usuario_ficticio_216,https://ejemplo.invalid/p/2616
2026-08-22,Brasil,me diagnosticaron presión alta y no sé qué comer,@usuario_ficticio_217,https://ejemplo.invalid/p/2617
2026-07-28,México,me diagnosticaron presión alta y no sé qué comer,@usuario_ficticio_218,https://ejemplo.invalid/p/2618
2026-07-06,México,"Vitalix me encanta, excelente para arrancar el día https://ejemplo.invalid/p/2619",@usuario_ficticio_219,https://ejemplo.invalid/p/2619
2026-09-18,Argentina,"el Vasotril funciona bien, la presión mejoró @cuenta_ficticia",@usuario_ficticio_220,https://ejemplo.invalid/p/2620
2026-07-08,México,"no hay Glucofin en la farmacia, desabastecimiento otra vez",@usuario_ficticio_221,https://ejemplo.invalid/p/2621
2026-09-18,México,"Vitalix me encanta, excelente para arrancar el día https://ejemplo.invalid/p/2622",@usuario_ficticio_222,https://ejemplo.invalid/p/2622
2026-09-09,México,Vitalix está carísimo,@usuario_ficticio_223,https://ejemplo.invalid/p/2623
2026-09-02,Chile,caminar todos los días me ayudó con la presión,@usuario_ficticio_224,https://ejemplo.invalid/p/2624
2026-07-19,México,caminar todos los días me ayudó con la presión https://ejemplo.invalid/p/2625 @cuenta_ficticia,@usuario_ficticio_225,https://ejemplo.invalid/p/2625
2026-07-20,México,la hipertensión es un problema grave y nadie habla,@usuario_ficticio_226,https://ejemplo.invalid/p/2626
2026-08-15,Argentina,"el Vasotril funciona bien, la presión mejoró",@usuario_ficticio_227,https://ejemplo.invalid/p/2627
2026-08-20,Chile,mi vieja tiene osteoporosis y le duele todo https://ejemplo.invalid/p/2628,@usuario_ficticio_228,https://ejemplo.invalid/p/2628
2026-08-27,México,Vitalix está carísimo,@usuario_ficticio_229,https://ejemplo.invalid/p/2629
2026-08-29,Argentina,Calcimar D recomendado por mi médica @cuenta_ficticia,@usuario_ficticio_230,https://ejemplo.invalid/p/2630
2026-08-19,Brasil,con la diabetes el control de glucosa es un problema https://ejemplo.invalid/p/2631,@usuario_ficticio_231,https://ejemplo.invalid/p/2631
2026-07-28,México,Vitalix está carísimo,@usuario_ficticio_232,https://ejemplo.invalid/p/2632
2026-07-18,Uruguay,la hipertensión es un problema grave y nadie habla,@usuario_ficticio_233,https://ejemplo.invalid/p/2633
2026-08-17,México,la hipertensión es un problema grave y nadie habla https://ejemplo.invalid/p/2634,@usuario_ficticio_234,https://ejemplo.invalid/p/2634
2026-07-18,México,mi vieja tiene osteoporosis y le duele todo @cuenta_ficticia,@usuario_ficticio_235,https://ejemplo.invalid/p/2635
2026-07-13,Perú,buenísimo el programa para controlar la diabetes,@usuario_ficticio_236,https://ejemplo.invalid/p/2636
2026-08-04,Uruguay,Calcimar D recomendado por mi médica https://ejemplo.invalid/p/2637,@usuario_ficticio_237,https://ejemplo.invalid/p/2637
2026-07-19,México,con la diabetes el control de glucosa es un problema,@usuario_ficticio_238,https://ejemplo.invalid/p/2638
2026-08-23,Perú,la hipertensión es un problema grave y nadie habla,@usuario_ficticio_239,https://ejemplo.invalid/p/2639
2026-07-31,México,"no hay Glucofin en la farmacia, desabastecimiento otra vez https://ejemplo.invalid/p/2640 @cuenta_ficticia",@usuario_ficticio_240,https://ejemplo.invalid/p/2640
2026-08-07,Colombia,buenísimo el programa para controlar la diabetes,@usuario_ficticio_241,https://ejemplo.invalid/p/2641
2026-08-17,Argentina,"no hay Glucofin en la farmacia, desabastecimiento otra vez",@usuario_ficticio_242,https://ejemplo.invalid/p/2642
2026-09-08,Argentina,Calcimar D recomendado por mi médica https://ejemplo.invalid/p/2643,@usuario_ficticio_243,https://ejemplo.invalid/p/2643
2026-09-14,Uruguay,"no hay Glucofin en la farmacia, desabastecimiento otra vez",@usuario_ficticio_244,https://ejemplo.invalid/p/2644
2026-09-11,Brasil,la hipertensión es un problema grave y nadie habla @cuenta_ficticia,@usuario_ficticio_245,https://ejemplo.invalid/p/2645
2026-09-11,Colombia,"Vasotril me hizo mal, tuve mareos https://ejemplo.invalid/p/2646",@usuario_ficticio_246,https://ejemplo.invalid/p/2646
2026-09-04,México,Vitalix está carísimo,@usuario_ficticio_247,https://ejemplo.invalid/p/2647
2026-08-21,Colombia,la hipertensión es un problema grave y nadie habla,@usuario_ficticio_248,https://ejemplo.invalid/p/2648
2026-09-04,Uruguay,Calcimar D recomendado por mi médica https://ejemplo.invalid/p/2649,@usuario_ficticio_249,https://ejemplo.invalid/p/2649
2026-09-03,Argentina,con la diabetes el control de glucosa es un problema @cuenta_ficticia,@usuario_ficticio_250,https://ejemplo.invalid/p/2650
2026-07-22,Colombia,Calcimar D recomendado por mi médica,@usuario_ficticio_251,https://ejemplo.invalid/p/2651
2026-09-22,Perú,"no hay Glucofin en la farmacia, desabastecimiento otra vez https://ejemplo.invalid/p/2652",@usuario_ficticio_252,https://ejemplo.invalid/p/2652
2026-07-18,México,caminar todos los días me ayudó con la presión,@usuario_ficticio_253,https://ejemplo.invalid/p/2653
2026-07-13,México,buenísimo el programa para controlar la diabetes,@usuario_ficticio_254,https://ejemplo.invalid/p/2654
2026-08-23,Chile,Calcimar D recomendado por mi médica https://ejemplo.invalid/p/2655 @cuenta_ficticia,@usuario_ficticio_255,https://ejemplo.invalid/p/2655
2026-08-05,Argentina,me diagnosticaron presión alta y no sé qué comer,@usuario_ficticio_256,https://ejemplo.invalid/p/2656
2026-08-10,Chile,"Vitalix me encanta, excelente para arrancar el día",@usuario_ficticio_257,https://ejemplo.invalid/p/2657
2026-07-18,Uruguay,mi vieja tiene osteoporosis y le duele todo https://ejemplo.invalid/p/2658,@usuario_ficticio_258,https://ejemplo.invalid/p/2658
2026-07-12,Uruguay,buenísimo el programa para controlar la diabetes,@usuario_ficticio_259,https://ejemplo.invalid/p/2659
2026-07-19,Brasil,Vitalix está carísimo @cuenta_ficticia,@usuario_ficticio_260,https://ejemplo.invalid/p/2660
2026-09-05,Argentina,me diagnosticaron presión alta y no sé qué comer https://ejemplo.invalid/p/2661,@usuario_ficticio_261,https://ejemplo.invalid/p/2661
2026-09-11,México,Vitalix está carísimo,@usuario_ficticio_262,https://ejemplo.invalid/p/2662
2026-09-09,Uruguay,"el Vasotril funciona bien, la presión mejoró",@usuario_ficticio_263,https://ejemplo.invalid/p/2663
2026-09-07,Chile,la hipertensión es un problema grave y nadie habla https://ejemplo.invalid/p/2664,@usuario_ficticio_264,https://ejemplo.invalid/p/2664
2026-07-17,Brasil,"Vasotril me hizo mal, tuve mareos @cuenta_ficticia",@usuario_ficticio_265,https://ejemplo.invalid/p/2665
2026-09-07,Argentina,buenísimo el programa para controlar la diabetes,@usuario_ficticio_266,https://ejemplo.invalid/p/2666
2026-07-25,México,"Vitalix me encanta, excelente para arrancar el día https://ejemplo.invalid/p/2667",@usuario_ficticio_267,https://ejemplo.invalid/p/2667
2026-08-16,Chile,la hipertensión es un problema grave y nadie habla,@usuario_ficticio_268,https://ejemplo.invalid/p/2668
2026-08-13,Perú,la hipertensión es un problema grave y nadie habla,@usuario_ficticio_269,https://ejemplo.invalid/p/2669
2026-07-20,Colombia,"Vasotril me hizo mal, tuve mareos https://ejemplo.invalid/p/2670 @cuenta_ficticia",@usuario_ficticio_270,https://ejemplo.invalid/p/2670
2026-09-12,Colombia,Vitalix está carísimo,@usuario_ficticio_271,https://ejemplo.invalid/p/2671
2026-08-27,Uruguay,la hipertensión es un problema grave y nadie habla,@usuario_ficticio_272,https://ejemplo.invalid/p/2672
2026-07-11,México,la hipertensión es un problema grave y nadie habla https://ejemplo.invalid/p/2673,@usuario_ficticio_273,https://ejemplo.invalid/p/2673
2026-09-13,México,con la diabetes el control de glucosa es un problema,@usuario_ficticio_274,https://ejemplo.invalid/p/2674
2026-07-21,Argentina,con la diabetes el control de glucosa es un problema @cuenta_ficticia,@usuario_ficticio_275,https://ejemplo.invalid/p/2675
2026-07-06,México,buenísimo el programa para controlar la diabetes https://ejemplo.invalid/p/2676,@usuario_ficticio_276,https://ejemplo.invalid/p/2676
2026-07-10,Perú,la hipertensión es un problema grave y nadie habla,@usuario_ficticio_277,https://ejemplo.invalid/p/2677
2026-08-27,México,la hipertensión es un problema grave y nadie habla,@usuario_ficticio_278,https://ejemplo.invalid/p/2678
2026-08-24,Colombia,me diagnosticaron presión alta y no sé qué comer https://ejemplo.invalid/p/2679,@usuario_ficticio_279,https://ejemplo.invalid/p/2679
2026-07-04,Uruguay,Vitalix está carísimo @cuenta_ficticia,@usuario_ficticio_280,https://ejemplo.invalid/p/2680
2026-07-16,Argentina,"el Vasotril funciona bien, la presión mejoró",@usuario_ficticio_281,https://ejemplo.invalid/p/2681
2026-08-09,Brasil,"Vasotril me hizo mal, tuve mareos https://ejemplo.invalid/p/2682",@usuario_ficticio_282,https://ejemplo.invalid/p/2682
2026-09-01,Perú,la hipertensión es un problema grave y nadie habla,@usuario_ficticio_283,https://ejemplo.invalid/p/2683
2026-08-12,Uruguay,buenísimo el programa para controlar la diabetes,@usuario_ficticio_284,https://ejemplo.invalid/p/2684
2026-07-22,México,me diagnosticaron presión alta y no sé qué comer https://ejemplo.invalid/p/2685 @cuenta_ficticia,@usuario_ficticio_285,https://ejemplo.invalid/p/2685
2026-09-09,Chile,me diagnosticaron presión alta y no sé qué comer,@usuario_ficticio_286,https://ejemplo.invalid/p/2686
2026-08-27,Perú,la hipertensión es un problema grave y nadie habla,@usuario_ficticio_287,https://ejemplo.invalid/p/2687
2026-09-07,Argentina,Calcimar D recomendado por mi médica https://ejemplo.invalid/p/2688,@usuario_ficticio_288,https://ejemplo.invalid/p/2688
2026-07-21,Brasil,la hipertensión es un problema grave y nadie habla,@usuario_ficticio_289,https://ejemplo.invalid/p/2689
2026-08-06,Argentina,"Vitalix me encanta, excelente para arrancar el día @cuenta_ficticia",@usuario_ficticio_290,https://ejemplo.invalid/p/2690
2026-07-17,Uruguay,Calcimar D recomendado por mi médica https://ejemplo.invalid/p/2691,@usuario_ficticio_291,https://ejemplo.invalid/p/2691
2026-08-07,México,buenísimo el programa para controlar la diabetes,@usuario_ficticio_292,https://ejemplo.invalid/p/2692
2026-07-09,Argentina,"Vitalix me encanta, excelente para arrancar el día",@usuario_ficticio_293,https://ejemplo.invalid/p/2693
2026-08-13,Chile,mi vieja tiene osteoporosis y le duele todo https://ejemplo.invalid/p/2694,@usuario_ficticio_294,https://ejemplo.invalid/p/2694
2026-09-05,México,Vitalix está carísimo @cuenta_ficticia,@usuario_ficticio_295,https://ejemplo.invalid/p/2695
2026-09-03,México,con la diabetes el control de glucosa es un problema,@usuario_ficticio_296,https://ejemplo.invalid/p/2696
2026-09-04,Chile,buenísimo el programa para controlar la diabetes https://ejemplo.invalid/p/2697,@usuario_ficticio_297,https://ejemplo.invalid/p/2697
2026-08-11,Brasil,buenísimo el programa para controlar la diabetes,@usuario_ficticio_298,https://ejemplo.invalid/p/2698
2026-09-08,Argentina,Vitalix está carísimo,@usuario_ficticio_299,https://ejemplo.invalid/p/2699
2026-09-08,México,me diagnosticaron presión alta y no sé qué comer https://ejemplo.invalid/p/2700 @cuenta_ficticia,@usuario_ficticio_300,https://ejemplo.invalid/p/2700
2026-08-30,Argentina,"Vasotril me hizo mal, tuve mareos",@usuario_ficticio_301,https://ejemplo.invalid/p/2701
2026-08-10,Chile,con la diabetes el control de glucosa es un problema,@usuario_ficticio_302,https://ejemplo.invalid/p/2702
2026-07-23,Colombia,"Vitalix me encanta, excelente para arrancar el día https://ejemplo.invalid/p/2703",@usuario_ficticio_303,https://ejemplo.invalid/p/2703
2026-07-02,México,Calcimar D recomendado por mi médica,@usuario_ficticio_304,https://ejemplo.invalid/p/2704
2026-08-16,Brasil,Vitalix está carísimo @cuenta_ficticia,@usuario_ficticio_305,https://ejemplo.invalid/p/2705
2026-07-28,México,me diagnosticaron presión alta y no sé qué comer https://ejemplo.invalid/p/2706,@usuario_ficticio_306,https://ejemplo.invalid/p/2706
2026-08-23,México,"no hay Glucofin en la farmacia, desabastecimiento otra vez",@usuario_ficticio_307,https://ejemplo.invalid/p/2707
2026-08-01,Argentina,Vitalix está carísimo,@usuario_ficticio_308,https://ejemplo.invalid/p/2708
2026-09-14,Argentina,caminar todos los días me ayudó con la presión https://ejemplo.invalid/p/2709,@usuario_ficticio_309,https://ejemplo.invalid/p/2709
2026-07-14,Uruguay,me diagnosticaron presión alta y no sé qué comer @cuenta_ficticia,@usuario_ficticio_310,https://ejemplo.invalid/p/2710
2026-09-07,Brasil,"Vasotril me hizo mal, tuve mareos",@usuario_ficticio_311,https://ejemplo.invalid/p/2711
2026-08-10,Chile,con la diabetes el control de glucosa es un problema https://ejemplo.invalid/p/2712,@usuario_ficticio_312,https://ejemplo.invalid/p/2712
2026-09-13,Colombia,con la diabetes el control de glucosa es un problema,@usuario_ficticio_313,https://ejemplo.invalid/p/2713
2026-08-07,México,mi vieja tiene osteoporosis y le duele todo,@usuario_ficticio_314,https://ejemplo.invalid/p/2714
2026-09-22,Brasil,Calcimar D recomendado por mi médica https://ejemplo.invalid/p/2715 @cuenta_ficticia,@usuario_ficticio_315,https://ejemplo.invalid/p/2715
2026-08-21,Brasil,Calcimar D recomendado por mi médica,@usuario_ficticio_316,https://ejemplo.invalid/p/2716
2026-08-22,Colombia,con la diabetes el control de glucosa es un problema,@usuario_ficticio_317,https://ejemplo.invalid/p/2717
2026-09-08,Colombia,"el Vasotril funciona bien, la presión mejoró https://ejemplo.invalid/p/2718",@usuario_ficticio_318,https://ejemplo.invalid/p/2718
2026-07-22,Uruguay,"Vitalix me encanta, excelente para arrancar el día",@usuario_ficticio_319,https://ejemplo.invalid/p/2719
2026-09-14,Chile,con la diabetes el control de glucosa es un problema @cuenta_ficticia,@usuario_ficticio_320,https://ejemplo.invalid/p/2720
2026-07-02,Colombia,Vitalix está carísimo https://ejemplo.invalid/p/2721,@usuario_ficticio_321,https://ejemplo.invalid/p/2721
2026-08-22,México,caminar todos los días me ayudó con la presión,@usuario_ficticio_322,https://ejemplo.invalid/p/2722
2026-08-05,Brasil,Calcimar D recomendado por mi médica,@usuario_ficticio_323,https://ejemplo.invalid/p/2723
2026-08-26,Perú,"Vitalix me encanta, excelente para arrancar el día https://ejemplo.invalid/p/2724",@usuario_ficticio_324,https://ejemplo.invalid/p/2724
2026-08-17,México,la hipertensión es un problema grave y nadie habla @cuenta_ficticia,@usuario_ficticio_325,https://ejemplo.invalid/p/2725
2026-08-11,Brasil,"Vasotril me hizo mal, tuve mareos",@usuario_ficticio_326,https://ejemplo.invalid/p/2726
2026-08-15,Chile,Calcimar D recomendado por mi médica https://ejemplo.invalid/p/2727,@usuario_ficticio_327,https://ejemplo.invalid/p/2727
2026-09-14,Perú,"Vitalix me encanta, excelente para arrancar el día",@usuario_ficticio_328,https://ejemplo.invalid/p/2728
2026-09-22,México,"no hay Glucofin en la farmacia, desabastecimiento otra vez",@usuario_ficticio_329,https://ejemplo.invalid/p/2729
2026-08-25,Colombia,buenísimo el programa para controlar la diabetes https://ejemplo.invalid/p/2730 @cuenta_ficticia,@usuario_ficticio_330,https://ejemplo.invalid/p/2730
2026-09-13,México,buenísimo el programa para controlar la diabetes,@usuario_ficticio_331,https://ejemplo.invalid/p/2731
2026-08-24,México,"Vitalix me encanta, excelente para arrancar el día",@usuario_ficticio_332,https://ejemplo.invalid/p/2732
2026-07-21,Argentina,"el Vasotril funciona bien, la presión mejoró https://ejemplo.invalid/p/2733",@usuario_ficticio_333,https://ejemplo.invalid/p/2733
2026-07-28,Colombia,Vitalix está carísimo,@usuario_ficticio_334,https://ejemplo.invalid/p/2734
2026-07-01,Uruguay,"Vasotril me hizo mal, tuve mareos @cuenta_ficticia",@usuario_ficticio_335,https://ejemplo.invalid/p/2735
2026-09-15,México,con la diabetes el control de glucosa es un problema https://ejemplo.invalid/p/2736,@usuario_ficticio_336,https://ejemplo.invalid/p/2736
2026-09-03,México,"Vitalix me encanta, excelente para arrancar el día",@usuario_ficticio_337,https://ejemplo.invalid/p/2737
2026-07-28,Perú,"el Vasotril funciona bien, la presión mejoró",@usuario_ficticio_338,https://ejemplo.invalid/p/2738
2026-08-21,Brasil,"Vitalix me encanta, excelente para arrancar el día https://ejemplo.invalid/p/2739",@usuario_ficticio_339,https://ejemplo.invalid/p/2739
2026-09-08,Chile,Calcimar D recomendado por mi médica @cuenta_ficticia,@usuario_ficticio_340,https://ejemplo.invalid/p/2740
2026-07-05,México,Calcimar D recomendado por mi médica,@usuario_ficticio_341,https://ejemplo.invalid/p/2741
2026-08-08,México,caminar todos los días me ayudó con la presión https://ejemplo.invalid/p/2742,@usuario_ficticio_342,https://ejemplo.invalid/p/2742
2026-07-12,Brasil,"Vitalix me encanta, excelente para arrancar el día",@usuario_ficticio_343,https://ejemplo.invalid/p/2743
2026-08-01,Colombia,con la diabetes el control de glucosa es un problema,@usuario_ficticio_344,https://ejemplo.invalid/p/2744
2026-09-22,Brasil,caminar todos los días me ayudó con la presión https://ejemplo.invalid/p/2745 @cuenta_ficticia,@usuario_ficticio_345,https://ejemplo.invalid/p/2745
2026-09-21,Argentina,Calcimar D recomendado por mi médica,@usuario_ficticio_346,https://ejemplo.invalid/p/2746
2026-08-22,Chile,"Vitalix me encanta, excelente para arrancar el día",@usuario_ficticio_347,https://ejemplo.invalid/p/2747
2026-08-14,México,con la diabetes el control de glucosa es un problema https://ejemplo.invalid/p/2748,@usuario_ficticio_348,https://ejemplo.invalid/p/2748
2026-08-05,Argentina,mi vieja tiene osteoporosis y le duele todo,@usuario_ficticio_349,https://ejemplo.invalid/p/2749
2026-09-07,Brasil,Calcimar D recomendado por mi médica @cuenta_ficticia,@usuario_ficticio_350,https://ejemplo.invalid/p/2750
2026-09-02,Chile,"Vasotril me hizo mal, tuve mareos https://ejemplo.invalid/p/2751",@usuario_ficticio_351,https://ejemplo.invalid/p/2751
2026-09-14,Argentina,"Vitalix me encanta, excelente para arrancar el día",@usuario_ficticio_352,https://ejemplo.invalid/p/2752
2026-09-20,Chile,"el Vasotril funciona bien, la presión mejoró",@usuario_ficticio_353,https://ejemplo.invalid/p/2753
2026-08-08,México,"no hay Glucofin en la farmacia, desabastecimiento otra vez https://ejemplo.invalid/p/2754",@usuario_ficticio_354,https://ejemplo.invalid/p/2754
2026-09-02,Argentina,Calcimar D recomendado por mi médica @cuenta_ficticia,@usuario_ficticio_355,https://ejemplo.invalid/p/2755
2026-08-15,Brasil,Vitalix está carísimo,@usuario_ficticio_356,https://ejemplo.invalid/p/2756
2026-08-01,México,"el Vasotril funciona bien, la presión mejoró https://ejemplo.invalid/p/2757",@usuario_ficticio_357,https://ejemplo.invalid/p/2757
2026-07-15,Brasil,buenísimo el programa para controlar la diabetes,@usuario_ficticio_358,https://ejemplo.invalid/p/2758
2026-08-23,Argentina,Vitalix está carísimo,@usuario_ficticio_359,https://ejemplo.invalid/p/2759
2026-09-05,Uruguay,buenísimo el programa para controlar la diabetes https://ejemplo.invalid/p/2760 @cuenta_ficticia,@usuario_ficticio_360,https://ejemplo.invalid/p/2760
2026-09-21,Argentina,"Vitalix me encanta, excelente para arrancar el día",@usuario_ficticio_361,https://ejemplo.invalid/p/2761
2026-07-27,México,Vitalix está carísimo,@usuario_ficticio_362,https://ejemplo.invalid/p/2762
2026-08-11,Brasil,Calcimar D recomendado por mi médica https://ejemplo.invalid/p/2763,@usuario_ficticio_363,https://ejemplo.invalid/p/2763
2026-07-26,Uruguay,Calcimar D recomendado por mi médica,@usuario_ficticio_364,https://ejemplo.invalid/p/2764
2026-09-12,Chile,la hipertensión es un problema grave y nadie habla @cuenta_ficticia,@usuario_ficticio_365,https://ejemplo.invalid/p/2765
2026-07-02,Chile,la hipertensión es un problema grave y nadie habla https://ejemplo.invalid/p/2766,@usuario_ficticio_366,https://ejemplo.invalid/p/2766
2026-07-06,Chile,Calcimar D recomendado por mi médica,@usuario_ficticio_367,https://ejemplo.invalid/p/2767
2026-07-31,Colombia,"Vitalix me encanta, excelente para arrancar el día",@usuario_ficticio_368,https://ejemplo.invalid/p/2768
2026-07-31,Colombia,Calcimar D recomendado por mi médica https://ejemplo.invalid/p/2769,@usuario_ficticio_369,https://ejemplo.invalid/p/2769
2026-07-31,Colombia,"el Vasotril funciona bien, la presión mejoró @cuenta_ficticia",@usuario_ficticio_370,https://ejemplo.invalid/p/2770
2026-09-12,Chile,"Vasotril me hizo mal, tuve mareos",@usuario_ficticio_371,https://ejemplo.invalid/p/2771
2026-08-16,Colombia,"no hay Glucofin en la farmacia, desabastecimiento otra vez https://ejemplo.invalid/p/2772",@usuario_ficticio_372,https://ejemplo.invalid/p/2772
2026-08-10,Colombia,me diagnosticaron presión alta y no sé qué comer,@usuario_ficticio_373,https://ejemplo.invalid/p/2773
2026-08-22,Colombia,con la diabetes el control de glucosa es un problema,@usuario_ficticio_374,https://ejemplo.invalid/p/2774
2026-07-30,Colombia,"Vitalix me encanta, excelente para arrancar el día https://ejemplo.invalid/p/2775 @cuenta_ficticia",@usuario_ficticio_375,https://ejemplo.invalid/p/2775
2026-07-28,México,Vitalix está carísimo,@usuario_ficticio_376,https://ejemplo.invalid/p/2776
2026-09-09,Argentina,me diagnosticaron presión alta y no sé qué comer,@usuario_ficticio_377,https://ejemplo.invalid/p/2777
2026-08-15,Argentina,"no hay Glucofin en la farmacia, desabastecimiento otra vez https://ejemplo.invalid/p/2778",@usuario_ficticio_378,https://ejemplo.invalid/p/2778
2026-08-27,Chile,mi vieja tiene osteoporosis y le duele todo,@usuario_ficticio_379,https://ejemplo.invalid/p/2779
2026-08-18,Colombia,con la diabetes el control de glucosa es un problema @cuenta_ficticia,@usuario_ficticio_380,https://ejemplo.invalid/p/2780
2026-09-06,Colombia,buenísimo el programa para controlar la diabetes https://ejemplo.invalid/p/2781,@usuario_ficticio_381,https://ejemplo.invalid/p/2781
2026-07-25,Brasil,la hipertensión es un problema grave y nadie habla,@usuario_ficticio_382,https://ejemplo.invalid/p/2782
2026-07-22,México,buenísimo el programa para controlar la diabetes,@usuario_ficticio_383,https://ejemplo.invalid/p/2783
2026-07-17,México,"Vitalix me encanta, excelente para arrancar el día https://ejemplo.invalid/p/2784",@usuario_ficticio_384,https://ejemplo.invalid/p/2784
2026-08-24,Colombia,me diagnosticaron presión alta y no sé qué comer @cuenta_ficticia,@usuario_ficticio_385,https://ejemplo.invalid/p/2785
2026-09-14,Brasil,"no hay Glucofin en la farmacia, desabastecimiento otra vez",@usuario_ficticio_386,https://ejemplo.invalid/p/2786
2026-09-08,México,buenísimo el programa para controlar la diabetes https://ejemplo.invalid/p/2787,@usuario_ficticio_387,https://ejemplo.invalid/p/2787
2026-08-01,Argentina,mi vieja tiene osteoporosis y le duele todo,@usuario_ficticio_388,https://ejemplo.invalid/p/2788
2026-07-06,Argentina,me diagnosticaron presión alta y no sé qué comer,@usuario_ficticio_389,https://ejemplo.invalid/p/2789
2026-08-16,México,Calcimar D recomendado por mi médica https://ejemplo.invalid/p/2790 @cuenta_ficticia,@usuario_ficticio_390,https://ejemplo.invalid/p/2790
2026-09-16,México,Vitalix está carísimo,@usuario_ficticio_391,https://ejemplo.invalid/p/2791
2026-07-22,Chile,"el Vasotril funciona bien, la presión mejoró",@usuario_ficticio_392,https://ejemplo.invalid/p/2792
2026-09-22,Uruguay,caminar todos los días me ayudó con la presión https://ejemplo.invalid/p/2793,@usuario_ficticio_393,https://ejemplo.invalid/p/2793
2026-07-31,Brasil,"el Vasotril funciona bien, la presión mejoró",@usuario_ficticio_394,https://ejemplo.invalid/p/2794
2026-08-10,Uruguay,"Vitalix me encanta, excelente para arrancar el día @cuenta_ficticia",@usuario_ficticio_395,https://ejemplo.invalid/p/2795
2026-09-20,Brasil,Vitalix está carísimo https://ejemplo.invalid/p/2796,@usuario_ficticio_396,https://ejemplo.invalid/p/2796
2026-09-19,Argentina,Calcimar D recomendado por mi médica,@usuario_ficticio_397,https://ejemplo.invalid/p/2797
2026-08-17,Colombia,con la diabetes el control de glucosa es un problema,@usuario_ficticio_398,https://ejemplo.invalid/p/2798
2026-07-25,Colombia,Vitalix está carísimo https://ejemplo.invalid/p/2799,@usuario_ficticio_399,https://ejemplo.invalid/p/2799
2026-08-15,México,"Vitalix me encanta, excelente para arrancar el día @cuenta_ficticia",@usuario_ficticio_0,https://ejemplo.invalid/p/2800
2026-07-16,Colombia,mi vieja tiene osteoporosis y le duele todo,@usuario_ficticio_1,https://ejemplo.invalid/p/2801
2026-08-14,México,"Vasotril me hizo mal, tuve mareos https://ejemplo.invalid/p/2802",@usuario_ficticio_2,https://ejemplo.invalid/p/2802
2026-07-16,Colombia,mi vieja tiene osteoporosis y le duele todo,@usuario_ficticio_3,https://ejemplo.invalid/p/2803
2026-07-10,Perú,"no hay Glucofin en la farmacia, desabastecimiento otra vez",@usuario_ficticio_4,https://ejemplo.invalid/p/2804
2026-09-17,Argentina,mi vieja tiene osteoporosis y le duele todo https://ejemplo.invalid/p/2805 @cuenta_ficticia,@usuario_ficticio_5,https://ejemplo.invalid/p/2805
2026-08-22,México,"Vitalix me encanta, excelente para arrancar el día",@usuario_ficticio_6,https://ejemplo.invalid/p/2806
2026-09-22,Brasil,Calcimar D recomendado por mi médica,@usuario_ficticio_7,https://ejemplo.invalid/p/2807
2026-09-10,Argentina,"Vitalix me encanta, excelente para arrancar el día https://ejemplo.invalid/p/2808",@usuario_ficticio_8,https://ejemplo.invalid/p/2808
2026-07-17,Brasil,"no hay Glucofin en la farmacia, desabastecimiento otra vez",@usuario_ficticio_9,https://ejemplo.invalid/p/2809
2026-07-02,Uruguay,"no hay Glucofin en la farmacia, desabastecimiento otra vez @cuenta_ficticia",@usuario_ficticio_10,https://ejemplo.invalid/p/2810
2026-09-03,México,me diagnosticaron presión alta y no sé qué comer https://ejemplo.invalid/p/2811,@usuario_ficticio_11,https://ejemplo.invalid/p/2811
2026-07-25,México,la hipertensión es un problema grave y nadie habla,@usuario_ficticio_12,https://ejemplo.invalid/p/2812
2026-09-10,Chile,"Vasotril me hizo mal, tuve mareos",@usuario_ficticio_13,https://ejemplo.invalid/p/2813
2026-07-20,México,con la diabetes el control de glucosa es un problema https://ejemplo.invalid/p/2814,@usuario_ficticio_14,https://ejemplo.invalid/p/2814
2026-09-10,Chile,"el Vasotril funciona bien, la presión mejoró @cuenta_ficticia",@usuario_ficticio_15,https://ejemplo.invalid/p/2815
2026-08-21,México,buenísimo el programa para controlar la diabetes,@usuario_ficticio_16,https://ejemplo.invalid/p/2816
2026-08-01,Chile,"no hay Glucofin en la farmacia, desabastecimiento otra vez https://ejemplo.invalid/p/2817",@usuario_ficticio_17,https://ejemplo.invalid/p/2817
2026-08-27,México,la hipertensión es un problema grave y nadie habla,@usuario_ficticio_18,https://ejemplo.invalid/p/2818
2026-08-10,Brasil,"Vitalix me encanta, excelente para arrancar el día",@usuario_ficticio_19,https://ejemplo.invalid/p/2819
2026-08-08,Argentina,Calcimar D recomendado por mi médica https://ejemplo.invalid/p/2820 @cuenta_ficticia,@usuario_ficticio_20,https://ejemplo.invalid/p/2820
2026-09-12,Argentina,"el Vasotril funciona bien, la presión mejoró",@usuario_ficticio_21,https://ejemplo.invalid/p/2821
2026-08-03,México,me diagnosticaron presión alta y no sé qué comer,@usuario_ficticio_22,https://ejemplo.invalid/p/2822
2026-08-22,Argentina,con la diabetes el control de glucosa es un problema https://ejemplo.invalid/p/2823,@usuario_ficticio_23,https://ejemplo.invalid/p/2823
2026-08-06,Argentina,mi vieja tiene osteoporosis y le duele todo,@usuario_ficticio_24,https://ejemplo.invalid/p/2824
2026-09-01,Colombia,la hipertensión es un problema grave y nadie habla @cuenta_ficticia,@usuario_ficticio_25,https://ejemplo.invalid/p/2825
2026-07-18,Chile,"Vitalix me encanta, excelente para arrancar el día https://ejemplo.invalid/p/2826",@usuario_ficticio_26,https://ejemplo.invalid/p/2826
2026-08-05,Brasil,mi vieja tiene osteoporosis y le duele todo,@usuario_ficticio_27,https://ejemplo.invalid/p/2827
2026-07-07,México,"no hay Glucofin en la farmacia, desabastecimiento otra vez",@usuario_ficticio_28,https://ejemplo.invalid/p/2828
2026-07-23,Colombia,"Vitalix me encanta, excelente para arrancar el día https://ejemplo.invalid/p/2829",@usuario_ficticio_29,https://ejemplo.invalid/p/2829
2026-07-30,Chile,Vitalix está carísimo @cuenta_ficticia,@usuario_ficticio_30,https://ejemplo.invalid/p/2830
2026-07-31,Uruguay,Vitalix está carísimo,@usuario_ficticio_31,https://ejemplo.invalid/p/2831
2026-09-19,Brasil,caminar todos los días me ayudó con la presión https://ejemplo.invalid/p/2832,@usuario_ficticio_32,https://ejemplo.invalid/p/2832
2026-07-25,Perú,"el Vasotril funciona bien, la presión mejoró",@usuario_ficticio_33,https://ejemplo.invalid/p/2833
2026-07-15,México,mi vieja tiene osteoporosis y le duele todo,@usuario_ficticio_34,https://ejemplo.invalid/p/2834
2026-09-22,Argentina,"Vasotril me hizo mal, tuve mareos https://ejemplo.invalid/p/2835 @cuenta_ficticia",@usuario_ficticio_35,https://ejemplo.invalid/p/2835
2026-07-10,México,"el Vasotril funciona bien, la presión mejoró",@usuario_ficticio_36,https://ejemplo.invalid/p/2836
2026-09-09,Colombia,Vitalix está carísimo,@usuario_ficticio_37,https://ejemplo.invalid/p/2837
2026-08-07,Chile,con la diabetes el control de glucosa es un problema https://ejemplo.invalid/p/2838,@usuario_ficticio_38,https://ejemplo.invalid/p/2838
2026-07-22,Argentina,mi vieja tiene osteoporosis y le duele todo,@usuario_ficticio_39,https://ejemplo.invalid/p/2839
2026-07-15,Uruguay,con la diabetes el control de glucosa es un problema @cuenta_ficticia,@usuario_ficticio_40,https://ejemplo.invalid/p/2840
2026-08-21,México,me diagnosticaron presión alta y no sé qué comer https://ejemplo.invalid/p/2841,@usuario_ficticio_41,https://ejemplo.invalid/p/2841
2026-07-25,Colombia,"el Vasotril funciona bien, la presión mejoró",@usuario_ficticio_42,https://ejemplo.invalid/p/2842
2026-09-19,México,"Vitalix me encanta, excelente para arrancar el día",@usuario_ficticio_43,https://ejemplo.invalid/p/2843
2026-07-11,Chile,"Vitalix me encanta, excelente para arrancar el día https://ejemplo.invalid/p/2844",@usuario_ficticio_44,https://ejemplo.invalid/p/2844
2026-09-16,Argentina,mi vieja tiene osteoporosis y le duele todo @cuenta_ficticia,@usuario_ficticio_45,https://ejemplo.invalid/p/2845
2026-08-17,Uruguay,"Vasotril me hizo mal, tuve mareos",@usuario_ficticio_46,https://ejemplo.invalid/p/2846
2026-07-29,Perú,buenísimo el programa para controlar la diabetes https://ejemplo.invalid/p/2847,@usuario_ficticio_47,https://ejemplo.invalid/p/2847
2026-08-23,Colombia,mi vieja tiene osteoporosis y le duele todo,@usuario_ficticio_48,https://ejemplo.invalid/p/2848
2026-09-17,Perú,mi vieja tiene osteoporosis y le duele todo,@usuario_ficticio_49,https://ejemplo.invalid/p/2849
2026-07-08,Brasil,Calcimar D recomendado por mi médica https://ejemplo.invalid/p/2850 @cuenta_ficticia,@usuario_ficticio_50,https://ejemplo.invalid/p/2850
2026-08-14,Uruguay,Calcimar D recomendado por mi médica,@usuario_ficticio_51,https://ejemplo.invalid/p/2851
2026-08-14,Chile,Vitalix está carísimo,@usuario_ficticio_52,https://ejemplo.invalid/p/2852
2026-08-16,Colombia,mi vieja tiene osteoporosis y le duele todo https://ejemplo.invalid/p/2853,@usuario_ficticio_53,https://ejemplo.invalid/p/2853
2026-09-05,Argentina,me diagnosticaron presión alta y no sé qué comer,@usuario_ficticio_54,https://ejemplo.invalid/p/2854
2026-09-18,Colombia,Vitalix está carísimo @cuenta_ficticia,@usuario_ficticio_55,https://ejemplo.invalid/p/2855
2026-08-23,Colombia,"no hay Glucofin en la farmacia, desabastecimiento otra vez https://ejemplo.invalid/p/2856",@usuario_ficticio_56,https://ejemplo.invalid/p/2856
2026-08-29,Argentina,buenísimo el programa para controlar la diabetes,@usuario_ficticio_57,https://ejemplo.invalid/p/2857
2026-07-28,Colombia,mi vieja tiene osteoporosis y le duele todo,@usuario_ficticio_58,https://ejemplo.invalid/p/2858
2026-09-03,México,"Vasotril me hizo mal, tuve mareos https://ejemplo.invalid/p/2859",@usuario_ficticio_59,https://ejemplo.invalid/p/2859
2026-07-19,Argentina,Calcimar D recomendado por mi médica @cuenta_ficticia,@usuario_ficticio_60,https://ejemplo.invalid/p/2860
2026-07-11,Argentina,mi vieja tiene osteoporosis y le duele todo,@usuario_ficticio_61,https://ejemplo.invalid/p/2861
2026-09-11,Uruguay,buenísimo el programa para controlar la diabetes https://ejemplo.invalid/p/2862,@usuario_ficticio_62,https://ejemplo.invalid/p/2862
2026-09-19,Colombia,"Vitalix me encanta, excelente para arrancar el día",@usuario_ficticio_63,https://ejemplo.invalid/p/2863
2026-07-09,Argentina,Calcimar D recomendado por mi médica,@usuario_ficticio_64,https://ejemplo.invalid/p/2864
2026-09-11,Colombia,la hipertensión es un problema grave y nadie habla https://ejemplo.invalid/p/2865 @cuenta_ficticia,@usuario_ficticio_65,https://ejemplo.invalid/p/2865
2026-07-19,Perú,Vitalix está carísimo,@usuario_ficticio_66,https://ejemplo.invalid/p/2866
2026-09-14,Uruguay,Calcimar D recomendado por mi médica,@usuario_ficticio_67,https://ejemplo.invalid/p/2867
2026-08-20,Argentina,caminar todos los días me ayudó con la presión https://ejemplo.invalid/p/2868,@usuario_ficticio_68,https://ejemplo.invalid/p/2868
2026-07-18,Argentina,"Vasotril me hizo mal, tuve mareos",@usuario_ficticio_69,https://ejemplo.invalid/p/2869
2026-08-25,México,"Vitalix me encanta, excelente para arrancar el día @cuenta_ficticia",@usuario_ficticio_70,https://ejemplo.invalid/p/2870
2026-08-13,Argentina,"Vitalix me encanta, excelente para arrancar el día https://ejemplo.invalid/p/2871",@usuario_ficticio_71,https://ejemplo.invalid/p/2871
2026-08-24,Brasil,Calcimar D recomendado por mi médica,@usuario_ficticio_72,https://ejemplo.invalid/p/2872
2026-07-21,México,caminar todos los días me ayudó con la presión,@usuario_ficticio_73,https://ejemplo.invalid/p/2873
2026-08-13,Argentina,con la diabetes el control de glucosa es un problema https://ejemplo.invalid/p/2874,@usuario_ficticio_74,https://ejemplo.invalid/p/2874
2026-08-11,México,me diagnosticaron presión alta y no sé qué comer @cuenta_ficticia,@usuario_ficticio_75,https://ejemplo.invalid/p/2875
2026-08-11,México,me diagnosticaron presión alta y no sé qué comer,@usuario_ficticio_76,https://ejemplo.invalid/p/2876
2026-08-29,Colombia,buenísimo el programa para controlar la diabetes https://ejemplo.invalid/p/2877,@usuario_ficticio_77,https://ejemplo.invalid/p/2877
2026-07-06,Argentina,la hipertensión es un problema grave y nadie habla,@usuario_ficticio_78,https://ejemplo.invalid/p/2878
2026-07-09,Chile,"Vasotril me hizo mal, tuve mareos",@usuario_ficticio_79,https://ejemplo.invalid/p/2879
2026-08-09,Brasil,"el Vasotril funciona bien, la presión mejoró https://ejemplo.invalid/p/2880 @cuenta_ficticia",@usuario_ficticio_80,https://ejemplo.invalid/p/2880
2026-08-30,Brasil,"Vitalix me encanta, excelente para arrancar el día",@usuario_ficticio_81,https://ejemplo.invalid/p/2881
2026-08-10,Argentina,"no hay Glucofin en la farmacia, desabastecimiento otra vez",@usuario_ficticio_82,https://ejemplo.invalid/p/2882
2026-08-05,México,"Vasotril me hizo mal, tuve mareos https://ejemplo.invalid/p/2883",@usuario_ficticio_83,https://ejemplo.invalid/p/2883
2026-07-14,Perú,la hipertensión es un problema grave y nadie habla,@usuario_ficticio_84,https://ejemplo.invalid/p/2884
2026-09-09,México,la hipertensión es un problema grave y nadie habla @cuenta_ficticia,@usuario_ficticio_85,https://ejemplo.invalid/p/2885
2026-08-11,Colombia,buenísimo el programa para controlar la diabetes https://ejemplo.invalid/p/2886,@usuario_ficticio_86,https://ejemplo.invalid/p/2886
2026-08-28,Chile,caminar todos los días me ayudó con la presión,@usuario_ficticio_87,https://ejemplo.invalid/p/2887
2026-08-18,México,la hipertensión es un problema grave y nadie habla,@usuario_ficticio_88,https://ejemplo.invalid/p/2888
2026-08-29,México,"Vasotril me hizo mal, tuve mareos https://ejemplo.invalid/p/2889",@usuario_ficticio_89,https://ejemplo.invalid/p/2889
2026-08-27,México,con la diabetes el control de glucosa es un problema @cuenta_ficticia,@usuario_ficticio_90,https://ejemplo.invalid/p/2890
2026-07-27,México,buenísimo el programa para controlar la diabetes,@usuario_ficticio_91,https://ejemplo.invalid/p/2891
2026-08-20,México,"no hay Glucofin en la farmacia, desabastecimiento otra vez https://ejemplo.invalid/p/2892",@usuario_ficticio_92,https://ejemplo.invalid/p/2892
2026-07-24,Uruguay,"no hay Glucofin en la farmacia, desabastecimiento otra vez",@usuario_ficticio_93,https://ejemplo.invalid/p/2893
2026-07-12,Argentina,Calcimar D recomendado por mi médica,@usuario_ficticio_94,https://ejemplo.invalid/p/2894
2026-07-29,Uruguay,me diagnosticaron presión alta y no sé qué comer https://ejemplo.invalid/p/2895 @cuenta_ficticia,@usuario_ficticio_95,https://ejemplo.invalid/p/2895
2026-09-15,Argentina,con la diabetes el control de glucosa es un problema,@usuario_ficticio_96,https://ejemplo.invalid/p/2896
2026-08-22,Chile,"Vasotril me hizo mal, tuve mareos",@usuario_ficticio_97,https://ejemplo.invalid/p/2897
2026-08-20,Argentina,"Vitalix me encanta, excelente para arrancar el día https://ejemplo.invalid/p/2898",@usuario_ficticio_98,https://ejemplo.invalid/p/2898
2026-07-25,Argentina,Calcimar D recomendado por mi médica,@usuario_ficticio_99,https://ejemplo.invalid/p/2899
2026-08-07,Chile,buenísimo el programa para controlar la diabetes @cuenta_ficticia,@usuario_ficticio_100,https://ejemplo.invalid/p/2900
2026-09-04,Perú,"Vasotril me hizo mal, tuve mareos https://ejemplo.invalid/p/2901",@usuario_ficticio_101,https://ejemplo.invalid/p/2901
2026-08-24,México,la hipertensión es un problema grave y nadie habla,@usuario_ficticio_102,https://ejemplo.invalid/p/2902
2026-09-16,Chile,"no hay Glucofin en la farmacia, desabastecimiento otra vez",@usuario_ficticio_103,https://ejemplo.invalid/p/2903
2026-08-07,Colombia,buenísimo el programa para controlar la diabetes https://ejemplo.invalid/p/2904,@usuario_ficticio_104,https://ejemplo.invalid/p/2904
2026-07-29,México,"Vitalix me encanta, excelente para arrancar el día @cuenta_ficticia",@usuario_ficticio_105,https://ejemplo.invalid/p/2905
2026-08-23,México,mi vieja tiene osteoporosis y le duele todo,@usuario_ficticio_106,https://ejemplo.invalid/p/2906
2026-09-04,Uruguay,la hipertensión es un problema grave y nadie habla https://ejemplo.invalid/p/2907,@usuario_ficticio_107,https://ejemplo.invalid/p/2907
2026-07-19,Brasil,caminar todos los días me ayudó con la presión,@usuario_ficticio_108,https://ejemplo.invalid/p/2908
2026-08-17,México,"Vitalix me encanta, excelente para arrancar el día",@usuario_ficticio_109,https://ejemplo.invalid/p/2909
2026-07-16,Uruguay,buenísimo el programa para controlar la diabetes https://ejemplo.invalid/p/2910 @cuenta_ficticia,@usuario_ficticio_110,https://ejemplo.invalid/p/2910
2026-08-19,México,Calcimar D recomendado por mi médica,@usuario_ficticio_111,https://ejemplo.invalid/p/2911
2026-07-31,Colombia,Vitalix está carísimo,@usuario_ficticio_112,https://ejemplo.invalid/p/2912
2026-07-18,Argentina,"no hay Glucofin en la farmacia, desabastecimiento otra vez https://ejemplo.invalid/p/2913",@usuario_ficticio_113,https://ejemplo.invalid/p/2913
2026-07-14,Argentina,Vitalix está carísimo,@usuario_ficticio_114,https://ejemplo.invalid/p/2914
2026-08-27,Brasil,"Vitalix me encanta, excelente para arrancar el día @cuenta_ficticia",@usuario_ficticio_115,https://ejemplo.invalid/p/2915
2026-09-15,México,me diagnosticaron presión alta y no sé qué comer https://ejemplo.invalid/p/2916,@usuario_ficticio_116,https://ejemplo.invalid/p/2916
2026-07-15,Argentina,"Vitalix me encanta, excelente para arrancar el día",@usuario_ficticio_117,https://ejemplo.invalid/p/2917
2026-07-29,México,"el Vasotril funciona bien, la presión mejoró",@usuario_ficticio_118,https://ejemplo.invalid/p/2918
2026-07-07,Colombia,Vitalix está carísimo https://ejemplo.invalid/p/2919,@usuario_ficticio_119,https://ejemplo.invalid/p/2919
2026-09-02,Perú,Vitalix está carísimo @cuenta_ficticia,@usuario_ficticio_120,https://ejemplo.invalid/p/2920
2026-07-13,Brasil,"no hay Glucofin en la farmacia, desabastecimiento otra vez",@usuario_ficticio_121,https://ejemplo.invalid/p/2921
2026-08-24,Colombia,caminar todos los días me ayudó con la presión https://ejemplo.invalid/p/2922,@usuario_ficticio_122,https://ejemplo.invalid/p/2922
2026-07-16,Argentina,"Vasotril me hizo mal, tuve mareos",@usuario_ficticio_123,https://ejemplo.invalid/p/2923
2026-08-02,Uruguay,caminar todos los días me ayudó con la presión,@usuario_ficticio_124,https://ejemplo.invalid/p/2924
2026-09-01,Argentina,con la diabetes el control de glucosa es un problema https://ejemplo.invalid/p/2925 @cuenta_ficticia,@usuario_ficticio_125,https://ejemplo.invalid/p/2925
2026-08-02,Chile,caminar todos los días me ayudó con la presión,@usuario_ficticio_126,https://ejemplo.invalid/p/2926
2026-07-27,Brasil,Calcimar D recomendado por mi médica,@usuario_ficticio_127,https://ejemplo.invalid/p/2927
2026-07-14,Chile,"Vitalix me encanta, excelente para arrancar el día https://ejemplo.invalid/p/2928",@usuario_ficticio_128,https://ejemplo.invalid/p/2928
2026-07-20,México,buenísimo el programa para controlar la diabetes,@usuario_ficticio_129,https://ejemplo.invalid/p/2929
2026-08-16,Chile,me diagnosticaron presión alta y no sé qué comer @cuenta_ficticia,@usuario_ficticio_130,https://ejemplo.invalid/p/2930
2026-07-28,México,buenísimo el programa para controlar la diabetes https://ejemplo.invalid/p/2931,@usuario_ficticio_131,https://ejemplo.invalid/p/2931
2026-08-22,Brasil,"no hay Glucofin en la farmacia, desabastecimiento otra vez",@usuario_ficticio_132,https://ejemplo.invalid/p/2932
2026-08-04,Perú,buenísimo el programa para controlar la diabetes,@usuario_ficticio_133,https://ejemplo.invalid/p/2933
2026-07-08,Chile,me diagnosticaron presión alta y no sé qué comer https://ejemplo.invalid/p/2934,@usuario_ficticio_134,https://ejemplo.invalid/p/2934
2026-08-27,Argentina,con la diabetes el control de glucosa es un problema @cuenta_ficticia,@usuario_ficticio_135,https://ejemplo.invalid/p/2935
2026-09-06,Uruguay,Calcimar D recomendado por mi médica,@usuario_ficticio_136,https://ejemplo.invalid/p/2936
2026-08-17,México,buenísimo el programa para controlar la diabetes https://ejemplo.invalid/p/2937,@usuario_ficticio_137,https://ejemplo.invalid/p/2937
2026-09-09,México,"no hay Glucofin en la farmacia, desabastecimiento otra vez",@usuario_ficticio_138,https://ejemplo.invalid/p/2938
2026-08-05,México,me diagnosticaron presión alta y no sé qué comer,@usuario_ficticio_139,https://ejemplo.invalid/p/2939
2026-08-19,Chile,"el Vasotril funciona bien, la presión mejoró https://ejemplo.invalid/p/2940 @cuenta_ficticia",@usuario_ficticio_140,https://ejemplo.invalid/p/2940
2026-08-05,México,"Vasotril me hizo mal, tuve mareos",@usuario_ficticio_141,https://ejemplo.invalid/p/2941
2026-09-22,México,"no hay Glucofin en la farmacia, desabastecimiento otra vez",@usuario_ficticio_142,https://ejemplo.invalid/p/2942
2026-09-08,Argentina,me diagnosticaron presión alta y no sé qué comer https://ejemplo.invalid/p/2943,@usuario_ficticio_143,https://ejemplo.invalid/p/2943
2026-07-15,México,buenísimo el programa para controlar la diabetes,@usuario_ficticio_144,https://ejemplo.invalid/p/2944
2026-08-16,Colombia,Vitalix está carísimo @cuenta_ficticia,@usuario_ficticio_145,https://ejemplo.invalid/p/2945
2026-07-24,Chile,me diagnosticaron presión alta y no sé qué comer https://ejemplo.invalid/p/2946,@usuario_ficticio_146,https://ejemplo.invalid/p/2946
2026-08-17,México,buenísimo el programa para controlar la diabetes,@usuario_ficticio_147,https://ejemplo.invalid/p/2947
2026-07-08,Perú,"el Vasotril funciona bien, la presión mejoró",@usuario_ficticio_148,https://ejemplo.invalid/p/2948
2026-09-14,Argentina,caminar todos los días me ayudó con la presión https://ejemplo.invalid/p/2949,@usuario_ficticio_149,https://ejemplo.invalid/p/2949
2026-07-21,México,la hipertensión es un problema grave y nadie habla @cuenta_ficticia,@usuario_ficticio_150,https://ejemplo.invalid/p/2950
2026-09-03,México,"el Vasotril funciona bien, la presión mejoró",@usuario_ficticio_151,https://ejemplo.invalid/p/2951
2026-08-29,México,"Vitalix me encanta, excelente para arrancar el día https://ejemplo.invalid/p/2952",@usuario_ficticio_152,https://ejemplo.invalid/p/2952
2026-07-31,Chile,Calcimar D recomendado por mi médica,@usuario_ficticio_153,https://ejemplo.invalid/p/2953
2026-07-20,México,mi vieja tiene osteoporosis y le duele todo,@usuario_ficticio_154,https://ejemplo.invalid/p/2954
2026-08-10,Brasil,Calcimar D recomendado por mi médica https://ejemplo.invalid/p/2955 @cuenta_ficticia,@usuario_ficticio_155,https://ejemplo.invalid/p/2955
2026-08-26,México,Vitalix está carísimo,@usuario_ficticio_156,https://ejemplo.invalid/p/2956
2026-09-09,Perú,buenísimo el programa para controlar la diabetes,@usuario_ficticio_157,https://ejemplo.invalid/p/2957
2026-08-24,México,mi vieja tiene osteoporosis y le duele todo https://ejemplo.invalid/p/2958,@usuario_ficticio_158,https://ejemplo.invalid/p/2958
2026-08-04,Argentina,"Vasotril me hizo mal, tuve mareos",@usuario_ficticio_159,https://ejemplo.invalid/p/2959
2026-07-10,Brasil,"el Vasotril funciona bien, la presión mejoró @cuenta_ficticia",@usuario_ficticio_160,https://ejemplo.invalid/p/2960
2026-08-02,Colombia,con la diabetes el control de glucosa es un problema https://ejemplo.invalid/p/2961,@usuario_ficticio_161,https://ejemplo.invalid/p/2961
2026-07-20,Argentina,Vitalix está carísimo,@usuario_ficticio_162,https://ejemplo.invalid/p/2962
2026-08-13,Argentina,"el Vasotril funciona bien, la presión mejoró",@usuario_ficticio_163,https://ejemplo.invalid/p/2963
2026-08-21,México,"Vitalix me encanta, excelente para arrancar el día https://ejemplo.invalid/p/2964",@usuario_ficticio_164,https://ejemplo.invalid/p/2964
2026-08-14,Perú,la hipertensión es un problema grave y nadie habla @cuenta_ficticia,@usuario_ficticio_165,https://ejemplo.invalid/p/2965
2026-07-23,Argentina,"Vitalix me encanta, excelente para arrancar el día",@usuario_ficticio_166,https://ejemplo.invalid/p/2966
2026-07-12,México,me diagnosticaron presión alta y no sé qué comer https://ejemplo.invalid/p/2967,@usuario_ficticio_167,https://ejemplo.invalid/p/2967
2026-08-20,México,"Vasotril me hizo mal, tuve mareos",@usuario_ficticio_168,https://ejemplo.invalid/p/2968
2026-08-05,México,caminar todos los días me ayudó con la presión,@usuario_ficticio_169,https://ejemplo.invalid/p/2969
2026-09-02,México,"el Vasotril funciona bien, la presión mejoró https://ejemplo.invalid/p/2970 @cuenta_ficticia",@usuario_ficticio_170,https://ejemplo.invalid/p/2970
2026-08-15,Colombia,la hipertensión es un problema grave y nadie habla,@usuario_ficticio_171,https://ejemplo.invalid/p/2971
2026-07-09,Perú,buenísimo el programa para controlar la diabetes,@usuario_ficticio_172,https://ejemplo.invalid/p/2972
2026-08-23,México,la hipertensión es un problema grave y nadie habla https://ejemplo.invalid/p/2973,@usuario_ficticio_173,https://ejemplo.invalid/p/2973
2026-07-20,Colombia,Vitalix está carísimo,@usuario_ficticio_174,https://ejemplo.invalid/p/2974
2026-09-19,México,mi vieja tiene osteoporosis y le duele todo @cuenta_ficticia,@usuario_ficticio_175,https://ejemplo.invalid/p/2975
2026-08-07,Chile,"Vitalix me encanta, excelente para arrancar el día https://ejemplo.invalid/p/2976",@usuario_ficticio_176,https://ejemplo.invalid/p/2976
2026-07-02,Chile,me diagnosticaron presión alta y no sé qué comer,@usuario_ficticio_177,https://ejemplo.invalid/p/2977
2026-07-07,Argentina,mi vieja tiene osteoporosis y le duele todo,@usuario_ficticio_178,https://ejemplo.invalid/p/2978
2026-09-11,México,Calcimar D recomendado por mi médica https://ejemplo.invalid/p/2979,@usuario_ficticio_179,https://ejemplo.invalid/p/2979
2026-07-05,Uruguay,"Vitalix me encanta, excelente para arrancar el día @cuenta_ficticia",@usuario_ficticio_180,https://ejemplo.invalid/p/2980
2026-07-09,México,Calcimar D recomendado por mi médica,@usuario_ficticio_181,https://ejemplo.invalid/p/2981
2026-07-21,Colombia,buenísimo el programa para controlar la diabetes https://ejemplo.invalid/p/2982,@usuario_ficticio_182,https://ejemplo.invalid/p/2982
2026-09-11,Argentina,mi vieja tiene osteoporosis y le duele todo,@usuario_ficticio_183,https://ejemplo.invalid/p/2983
2026-08-24,México,caminar todos los días me ayudó con la presión,@usuario_ficticio_184,https://ejemplo.invalid/p/2984
2026-07-28,Chile,mi vieja tiene osteoporosis y le duele todo https://ejemplo.invalid/p/2985 @cuenta_ficticia,@usuario_ficticio_185,https://ejemplo.invalid/p/2985
2026-09-05,México,caminar todos los días me ayudó con la presión,@usuario_ficticio_186,https://ejemplo.invalid/p/2986
2026-07-26,México,con la diabetes el control de glucosa es un problema,@usuario_ficticio_187,https://ejemplo.invalid/p/2987
2026-09-17,Argentina,"Vasotril me hizo mal, tuve mareos https://ejemplo.invalid/p/2988",@usuario_ficticio_188,https://ejemplo.invalid/p/2988
2026-07-03,Argentina,con la diabetes el control de glucosa es un problema,@usuario_ficticio_189,https://ejemplo.invalid/p/2989
2026-07-18,Colombia,"Vitalix me encanta, excelente para arrancar el día @cuenta_ficticia",@usuario_ficticio_190,https://ejemplo.invalid/p/2990
2026-07-25,Chile,con la diabetes el control de glucosa es un problema https://ejemplo.invalid/p/2991,@usuario_ficticio_191,https://ejemplo.invalid/p/2991
2026-09-12,Brasil,"el Vasotril funciona bien, la presión mejoró",@usuario_ficticio_192,https://ejemplo.invalid/p/2992
2026-07-19,México,"no hay Glucofin en la farmacia, desabastecimiento otra vez",@usuario_ficticio_193,https://ejemplo.invalid/p/2993
2026-09-22,Chile,"Vitalix me encanta, excelente para arrancar el día https://ejemplo.invalid/p/2994",@usuario_ficticio_194,https://ejemplo.invalid/p/2994
2026-08-07,Uruguay,caminar todos los días me ayudó con la presión @cuenta_ficticia,@usuario_ficticio_195,https://ejemplo.invalid/p/2995
2026-07-19,Colombia,"no hay Glucofin en la farmacia, desabastecimiento otra vez",@usuario_ficticio_196,https://ejemplo.invalid/p/2996
2026-08-22,Colombia,"el Vasotril funciona bien, la presión mejoró https://ejemplo.invalid/p/2997",@usuario_ficticio_197,https://ejemplo.invalid/p/2997
2026-09-19,México,mi vieja tiene osteoporosis y le duele todo,@usuario_ficticio_198,https://ejemplo.invalid/p/2998
2026-08-31,Brasil,con la diabetes el control de glucosa es un problema,@usuario_ficticio_199,https://ejemplo.invalid/p/2999
