IdGestion;DiasAtraso;MontoDeuda;Canal;NotaGestor;Pago30d
1;57.0;32451.1;email;confirma la transferencia realizada y envia el comprobante (caso 0);1
2;392.0;117645.94;whatsapp;atendio un tercero que dice no conocer al titular (caso 1);0
3;498.0;31660.08;telefono;no atiende el telefono, el numero figura fuera de servicio (caso 2);0
4;190.0;46731.76;visita;se niega a pagar y menciona que iniciara un reclamo (caso 3);0
5;488.0;117032.41;telefono;confirma la transferencia realizada y envia el comprobante (caso 4);1
6;337.0;17110.68;visita;atendio un tercero que dice no conocer al titular (caso 5);0
7;252.0;21003.92;whatsapp;confirma la transferencia realizada y envia el comprobante (caso 6);1
8;26.0;73780.68;telefono;sin respuesta a los mensajes, la direccion registrada es incorrecta (caso 7);0
9;50.0;39163.83;whatsapp;sin respuesta a los mensajes, la direccion registrada es incorrecta (caso 8);0
10;12.0;22287.8;telefono;acordamos un plan de pagos, muy buena disposicion en el contacto (caso 9);1
11;285.0;9753.34;visita;atendio un tercero que dice no conocer al titular (caso 10);0
12;513.0;157334.24;whatsapp;no atiende el telefono, el numero figura fuera de servicio (caso 11);0
13;157.0;18855.05;telefono;se niega a pagar y menciona que iniciara un reclamo (caso 12);0
14;445.0;31017.74;email;sin respuesta a los mensajes, la direccion registrada es incorrecta (caso 13);0
15;237.0;16415.08;email;se niega a pagar y menciona que iniciara un reclamo (caso 14);0
16;52.0;62804.15;whatsapp;se niega a pagar y menciona que iniciara un reclamo (caso 15);0
17;861.0;57147.06;whatsapp;atendio un tercero que dice no conocer al titular (caso 16);0
18;54.0;73202.99;telefono;solicita el saldo exacto para cancelar la deuda esta semana (caso 17);1
19;315.0;130169.85;email;atendio un tercero que dice no conocer al titular (caso 18);0
20;50.0;62747.13;whatsapp;cliente conforme, promete pagar la cuota completa este mes (caso 19);1
21;25.0;15814.92;telefono;atendio un tercero que dice no conocer al titular (caso 20);0
22;121.0;204268.96;visita;no atiende el telefono, el numero figura fuera de servicio (caso 21);0
23;312.0;56167.29;email;no atiende el telefono, el numero figura fuera de servicio (caso 22);0
24;662.0;14653.5;whatsapp;cliente conforme, promete pagar la cuota completa este mes (caso 23);1
25;121.0;28095.38;whatsapp;no atiende el telefono, el numero figura fuera de servicio (caso 24);0
26;33.0;22387.87;whatsapp;se niega a pagar y menciona que iniciara un reclamo (caso 25);0
27;138.0;28446.28;email;cliente conforme, promete pagar la cuota completa este mes (caso 26);1
28;410.0;25574.75;telefono;cliente conforme, promete pagar la cuota completa este mes (caso 27);1
29;291.0;104995.91;visita;se niega a pagar y menciona que iniciara un reclamo (caso 28);0
30;583.0;53871.1;email;solicita el saldo exacto para cancelar la deuda esta semana (caso 29);1
31;112.0;88736.61;visita;confirma la transferencia realizada y envia el comprobante (caso 30);1
32;40.0;144255.1;visita;no atiende el telefono, el numero figura fuera de servicio (caso 31);0
33;241.0;92258.72;whatsapp;se niega a pagar y menciona que iniciara un reclamo (caso 32);0
34;753.0;57171.11;visita;sin respuesta a los mensajes, la direccion registrada es incorrecta (caso 33);0
35;170.0;28056.25;visita;solicita el saldo exacto para cancelar la deuda esta semana (caso 34);1
36;471.0;98660.89;telefono;se niega a pagar y menciona que iniciara un reclamo (caso 35);0
37;190.0;5564.43;telefono;atendio un tercero que dice no conocer al titular (caso 36);0
38;384.0;47647.18;whatsapp;atendio un tercero que dice no conocer al titular (caso 37);0
39;4.0;63662.65;whatsapp;atendio un tercero que dice no conocer al titular (caso 38);0
40;647.0;38013.48;telefono;confirma la transferencia realizada y envia el comprobante (caso 39);1
41;191.0;36980.69;email;confirma la transferencia realizada y envia el comprobante (caso 40);1
42;76.0;84784.92;visita;acordamos un plan de pagos, muy buena disposicion en el contacto (caso 41);1
43;331.0;15516.15;whatsapp;acordamos un plan de pagos, muy buena disposicion en el contacto (caso 42);1
44;398.0;25134.13;visita;atendio un tercero que dice no conocer al titular (caso 43);0
45;190.0;26055.0;telefono;no atiende el telefono, el numero figura fuera de servicio (caso 44);0
46;319.0;121325.09;whatsapp;sin respuesta a los mensajes, la direccion registrada es incorrecta (caso 45);0
47;531.0;57618.28;email;no atiende el telefono, el numero figura fuera de servicio (caso 46);0
48;408.0;161680.94;whatsapp;acordamos un plan de pagos, muy buena disposicion en el contacto (caso 47);1
49;31.0;69454.08;whatsapp;atendio un tercero que dice no conocer al titular (caso 48);0
50;264.0;63687.21;email;confirma la transferencia realizada y envia el comprobante (caso 49);1
51;64.0;33295.0;visita;acordamos un plan de pagos, muy buena disposicion en el contacto (caso 50);1
52;328.0;154284.02;visita;no atiende el telefono, el numero figura fuera de servicio (caso 51);0
53;244.0;112982.4;email;atendio un tercero que dice no conocer al titular (caso 52);0
54;123.0;13855.9;email;atendio un tercero que dice no conocer al titular (caso 53);0
55;728.0;39438.78;email;atendio un tercero que dice no conocer al titular (caso 54);0
56;268.0;114082.43;whatsapp;no atiende el telefono, el numero figura fuera de servicio (caso 55);0
57;439.0;71533.45;whatsapp;confirma la transferencia realizada y envia el comprobante (caso 56);1
58;187.0;45282.49;visita;no atiende el telefono, el numero figura fuera de servicio (caso 57);0
59;175.0;33383.23;telefono;cliente conforme, promete pagar la cuota completa este mes (caso 58);1
60;162.0;20316.36;whatsapp;se niega a pagar y menciona que iniciara un reclamo (caso 59);0
61;425.0;48532.06;email;acordamos un plan de pagos, muy buena disposicion en el contacto (caso 60);1
62;40.0;108760.69;visita;acordamos un plan de pagos, muy buena disposicion en el contacto (caso 61);1
63;136.0;82546.91;telefono;solicita el saldo exacto para cancelar la deuda esta semana (caso 62);1
64;509.0;9992.35;visita;confirma la transferencia realizada y envia el comprobante (caso 63);1
65;573.0;63894.26;telefono;sin respuesta a los mensajes, la direccion registrada es incorrecta (caso 64);0
66;197.0;186459.39;whatsapp;confirma la transferencia realizada y envia el comprobante (caso 65);1
67;79.0;56184.91;telefono;se niega a pagar y menciona que iniciara un reclamo (caso 66);0
68;306.0;24756.2;telefono;atendio un tercero que dice no conocer al titular (caso 67);0
69;62.0;63203.48;visita;confirma la transferencia realizada y envia el comprobante (caso 68);1
70;171.0;11565.24;email;atendio un tercero que dice no conocer al titular (caso 69);0
71;535.0;13283.11;visita;acordamos un plan de pagos, muy buena disposicion en el contacto (caso 70);1
72;270.0;47258.49;email;confirma la transferencia realizada y envia el comprobante (caso 71);1
73;422.0;56362.33;telefono;sin respuesta a los mensajes, la direccion registrada es incorrecta (caso 72);0
74;90.0;41524.84;email;atendio un tercero que dice no conocer al titular (caso 73);0
75;615.0;35587.04;whatsapp;confirma la transferencia realizada y envia el comprobante (caso 74);1
76;184.0;90835.92;email;solicita el saldo exacto para cancelar la deuda esta semana (caso 75);1
77;52.0;174240.27;visita;no atiende el telefono, el numero figura fuera de servicio (caso 76);0
78;419.0;175109.76;email;cliente conforme, promete pagar la cuota completa este mes (caso 77);1
79;288.0;53532.11;email;solicita el saldo exacto para cancelar la deuda esta semana (caso 78);1
80;383.0;24014.23;visita;confirma la transferencia realizada y envia el comprobante (caso 79);1
81;381.0;23633.77;visita;atendio un tercero que dice no conocer al titular (caso 80);0
82;392.0;47337.15;whatsapp;confirma la transferencia realizada y envia el comprobante (caso 81);1
83;163.0;40376.89;whatsapp;confirma la transferencia realizada y envia el comprobante (caso 82);1
84;3.0;60630.9;email;atendio un tercero que dice no conocer al titular (caso 83);0
85;62.0;25450.6;visita;sin respuesta a los mensajes, la direccion registrada es incorrecta (caso 84);0
86;165.0;82751.46;telefono;atendio un tercero que dice no conocer al titular (caso 85);0
87;304.0;40983.64;email;se niega a pagar y menciona que iniciara un reclamo (caso 86);0
88;460.0;26693.74;whatsapp;acordamos un plan de pagos, muy buena disposicion en el contacto (caso 87);1
89;525.0;45983.11;email;sin respuesta a los mensajes, la direccion registrada es incorrecta (caso 88);0
90;215.0;81857.9;visita;cliente conforme, promete pagar la cuota completa este mes (caso 89);1
91;120.0;27135.45;email;no atiende el telefono, el numero figura fuera de servicio (caso 90);0
92;185.0;144705.36;whatsapp;no atiende el telefono, el numero figura fuera de servicio (caso 91);0
93;41.0;76148.54;whatsapp;no atiende el telefono, el numero figura fuera de servicio (caso 92);0
94;48.0;117967.0;whatsapp;sin respuesta a los mensajes, la direccion registrada es incorrecta (caso 93);0
95;175.0;39117.56;visita;no atiende el telefono, el numero figura fuera de servicio (caso 94);0
96;193.0;143070.93;email;atendio un tercero que dice no conocer al titular (caso 95);0
97;12.0;32857.7;visita;no atiende el telefono, el numero figura fuera de servicio (caso 96);0
98;664.0;20976.67;visita;atendio un tercero que dice no conocer al titular (caso 97);0
99;105.0;9781.64;visita;cliente conforme, promete pagar la cuota completa este mes (caso 98);1
100;247.0;77657.26;telefono;se niega a pagar y menciona que iniciara un reclamo (caso 99);0
101;369.0;82216.04;telefono;atendio un tercero que dice no conocer al titular (caso 100);0
102;144.0;83250.99;whatsapp;sin respuesta a los mensajes, la direccion registrada es incorrecta (caso 101);0
103;150.0;64228.52;email;no atiende el telefono, el numero figura fuera de servicio (caso 102);0
104;421.0;87274.22;visita;cliente conforme, promete pagar la cuota completa este mes (caso 103);1
105;241.0;46035.9;telefono;atendio un tercero que dice no conocer al titular (caso 104);0
106;300.0;29209.94;whatsapp;acordamos un plan de pagos, muy buena disposicion en el contacto (caso 105);1
107;186.0;58738.2;telefono;no atiende el telefono, el numero figura fuera de servicio (caso 106);0
108;244.0;70822.54;whatsapp;cliente conforme, promete pagar la cuota completa este mes (caso 107);1
109;41.0;55455.47;email;solicita el saldo exacto para cancelar la deuda esta semana (caso 108);1
110;452.0;62084.43;telefono;atendio un tercero que dice no conocer al titular (caso 109);0
111;368.0;50706.65;whatsapp;se niega a pagar y menciona que iniciara un reclamo (caso 110);0
112;267.0;44023.42;whatsapp;no atiende el telefono, el numero figura fuera de servicio (caso 111);0
113;131.0;137242.71;email;acordamos un plan de pagos, muy buena disposicion en el contacto (caso 112);1
114;151.0;34551.13;telefono;no atiende el telefono, el numero figura fuera de servicio (caso 113);0
115;229.0;11697.59;whatsapp;no atiende el telefono, el numero figura fuera de servicio (caso 114);0
116;1201.0;47746.23;visita;solicita el saldo exacto para cancelar la deuda esta semana (caso 115);1
117;192.0;40807.91;whatsapp;atendio un tercero que dice no conocer al titular (caso 116);0
118;210.0;30344.26;whatsapp;cliente conforme, promete pagar la cuota completa este mes (caso 117);1
119;629.0;59866.12;whatsapp;sin respuesta a los mensajes, la direccion registrada es incorrecta (caso 118);0
120;375.0;45640.13;whatsapp;atendio un tercero que dice no conocer al titular (caso 119);0
121;238.0;36367.04;visita;no atiende el telefono, el numero figura fuera de servicio (caso 120);0
122;3.0;43579.13;whatsapp;sin respuesta a los mensajes, la direccion registrada es incorrecta (caso 121);0
123;773.0;12994.64;visita;se niega a pagar y menciona que iniciara un reclamo (caso 122);0
124;81.0;88927.15;telefono;confirma la transferencia realizada y envia el comprobante (caso 123);1
125;205.0;69482.31;telefono;sin respuesta a los mensajes, la direccion registrada es incorrecta (caso 124);0
126;851.0;31161.93;email;no atiende el telefono, el numero figura fuera de servicio (caso 125);0
127;332.0;79150.52;email;sin respuesta a los mensajes, la direccion registrada es incorrecta (caso 126);0
128;253.0;35868.54;visita;sin respuesta a los mensajes, la direccion registrada es incorrecta (caso 127);0
129;282.0;44419.23;email;se niega a pagar y menciona que iniciara un reclamo (caso 128);0
130;258.0;19833.57;email;atendio un tercero que dice no conocer al titular (caso 129);0
131;503.0;156421.52;whatsapp;confirma la transferencia realizada y envia el comprobante (caso 130);1
132;283.0;15143.12;whatsapp;no atiende el telefono, el numero figura fuera de servicio (caso 131);0
133;85.0;17666.74;whatsapp;atendio un tercero que dice no conocer al titular (caso 132);0
134;166.0;28364.41;visita;no atiende el telefono, el numero figura fuera de servicio (caso 133);0
135;248.0;110936.79;whatsapp;no atiende el telefono, el numero figura fuera de servicio (caso 134);0
136;178.0;28930.02;telefono;acordamos un plan de pagos, muy buena disposicion en el contacto (caso 135);1
137;419.0;86964.24;whatsapp;no atiende el telefono, el numero figura fuera de servicio (caso 136);0
138;200.0;82548.48;whatsapp;sin respuesta a los mensajes, la direccion registrada es incorrecta (caso 137);0
139;138.0;117269.42;visita;se niega a pagar y menciona que iniciara un reclamo (caso 138);0
140;129.0;78513.08;whatsapp;confirma la transferencia realizada y envia el comprobante (caso 139);1
141;83.0;52595.35;telefono;sin respuesta a los mensajes, la direccion registrada es incorrecta (caso 140);0
142;120.0;16056.98;visita;atendio un tercero que dice no conocer al titular (caso 141);0
143;343.0;822.29;whatsapp;cliente conforme, promete pagar la cuota completa este mes (caso 142);1
144;1115.0;133977.69;whatsapp;confirma la transferencia realizada y envia el comprobante (caso 143);1
145;168.0;36498.28;whatsapp;atendio un tercero que dice no conocer al titular (caso 144);0
146;146.0;65711.96;visita;acordamos un plan de pagos, muy buena disposicion en el contacto (caso 145);1
147;469.0;150014.58;telefono;cliente conforme, promete pagar la cuota completa este mes (caso 146);1
148;236.0;49831.35;visita;no atiende el telefono, el numero figura fuera de servicio (caso 147);0
149;552.0;147116.42;telefono;sin respuesta a los mensajes, la direccion registrada es incorrecta (caso 148);0
150;59.0;8523.31;whatsapp;cliente conforme, promete pagar la cuota completa este mes (caso 149);1
151;259.0;102089.85;whatsapp;solicita el saldo exacto para cancelar la deuda esta semana (caso 150);1
152;318.0;118983.76;email;sin respuesta a los mensajes, la direccion registrada es incorrecta (caso 151);0
153;408.0;63020.79;email;se niega a pagar y menciona que iniciara un reclamo (caso 152);0
154;338.0;50306.26;whatsapp;no atiende el telefono, el numero figura fuera de servicio (caso 153);0
155;344.0;86292.5;email;confirma la transferencia realizada y envia el comprobante (caso 154);1
156;114.0;29631.53;telefono;sin respuesta a los mensajes, la direccion registrada es incorrecta (caso 155);0
157;263.0;56039.6;telefono;no atiende el telefono, el numero figura fuera de servicio (caso 156);0
158;547.0;79637.13;email;sin respuesta a los mensajes, la direccion registrada es incorrecta (caso 157);0
159;1428.0;44233.83;whatsapp;se niega a pagar y menciona que iniciara un reclamo (caso 158);0
160;546.0;33274.23;telefono;se niega a pagar y menciona que iniciara un reclamo (caso 159);0
161;370.0;117712.2;email;cliente conforme, promete pagar la cuota completa este mes (caso 160);1
162;290.0;72828.13;visita;confirma la transferencia realizada y envia el comprobante (caso 161);1
163;167.0;44466.75;whatsapp;atendio un tercero que dice no conocer al titular (caso 162);0
164;865.0;38520.51;visita;no atiende el telefono, el numero figura fuera de servicio (caso 163);0
165;48.0;22943.12;visita;atendio un tercero que dice no conocer al titular (caso 164);0
166;243.0;8442.72;email;acordamos un plan de pagos, muy buena disposicion en el contacto (caso 165);1
167;205.0;35202.81;telefono;sin respuesta a los mensajes, la direccion registrada es incorrecta (caso 166);0
168;1204.0;115984.38;visita;atendio un tercero que dice no conocer al titular (caso 167);0
169;912.0;111867.59;visita;no atiende el telefono, el numero figura fuera de servicio (caso 168);0
170;478.0;20660.23;telefono;solicita el saldo exacto para cancelar la deuda esta semana (caso 169);1
171;143.0;60885.17;visita;solicita el saldo exacto para cancelar la deuda esta semana (caso 170);1
172;448.0;6187.37;whatsapp;no atiende el telefono, el numero figura fuera de servicio (caso 171);0
173;169.0;110111.17;email;sin respuesta a los mensajes, la direccion registrada es incorrecta (caso 172);0
174;203.0;48448.59;visita;acordamos un plan de pagos, muy buena disposicion en el contacto (caso 173);1
175;559.0;103898.47;whatsapp;no atiende el telefono, el numero figura fuera de servicio (caso 174);0
176;200.0;73898.59;visita;se niega a pagar y menciona que iniciara un reclamo (caso 175);0
177;356.0;11624.51;email;cliente conforme, promete pagar la cuota completa este mes (caso 176);1
178;41.0;16295.76;telefono;solicita el saldo exacto para cancelar la deuda esta semana (caso 177);1
179;548.0;109077.88;whatsapp;se niega a pagar y menciona que iniciara un reclamo (caso 178);0
180;336.0;29859.18;whatsapp;cliente conforme, promete pagar la cuota completa este mes (caso 179);1
181;328.0;64298.95;whatsapp;atendio un tercero que dice no conocer al titular (caso 180);0
182;616.0;26281.75;email;se niega a pagar y menciona que iniciara un reclamo (caso 181);0
183;726.0;97921.04;whatsapp;sin respuesta a los mensajes, la direccion registrada es incorrecta (caso 182);0
184;123.0;39285.86;telefono;no atiende el telefono, el numero figura fuera de servicio (caso 183);0
185;729.0;104580.51;visita;atendio un tercero que dice no conocer al titular (caso 184);0
186;186.0;34265.51;telefono;sin respuesta a los mensajes, la direccion registrada es incorrecta (caso 185);0
187;289.0;113287.38;whatsapp;no atiende el telefono, el numero figura fuera de servicio (caso 186);0
188;296.0;14945.41;email;atendio un tercero que dice no conocer al titular (caso 187);0
189;58.0;63527.02;email;sin respuesta a los mensajes, la direccion registrada es incorrecta (caso 188);0
190;233.0;91903.34;telefono;no atiende el telefono, el numero figura fuera de servicio (caso 189);0
191;13.0;13428.75;whatsapp;cliente conforme, promete pagar la cuota completa este mes (caso 190);1
192;518.0;25803.45;telefono;no atiende el telefono, el numero figura fuera de servicio (caso 191);0
193;205.0;31782.94;telefono;no atiende el telefono, el numero figura fuera de servicio (caso 192);0
194;348.0;128475.38;whatsapp;sin respuesta a los mensajes, la direccion registrada es incorrecta (caso 193);0
195;133.0;72983.39;whatsapp;solicita el saldo exacto para cancelar la deuda esta semana (caso 194);1
196;48.0;43247.17;email;no atiende el telefono, el numero figura fuera de servicio (caso 195);0
197;346.0;72988.06;email;sin respuesta a los mensajes, la direccion registrada es incorrecta (caso 196);0
198;73.0;105135.3;whatsapp;sin respuesta a los mensajes, la direccion registrada es incorrecta (caso 197);0
199;303.0;40271.97;visita;atendio un tercero que dice no conocer al titular (caso 198);0
200;144.0;20122.78;telefono;confirma la transferencia realizada y envia el comprobante (caso 199);1
201;198.0;98320.37;visita;sin respuesta a los mensajes, la direccion registrada es incorrecta (caso 200);0
202;558.0;68808.8;whatsapp;no atiende el telefono, el numero figura fuera de servicio (caso 201);0
203;433.0;21347.81;whatsapp;se niega a pagar y menciona que iniciara un reclamo (caso 202);0
204;538.0;126984.49;visita;atendio un tercero que dice no conocer al titular (caso 203);0
205;35.0;37969.89;whatsapp;confirma la transferencia realizada y envia el comprobante (caso 204);1
206;141.0;34301.16;email;atendio un tercero que dice no conocer al titular (caso 205);0
207;113.0;29326.76;visita;no atiende el telefono, el numero figura fuera de servicio (caso 206);0
208;240.0;38890.6;whatsapp;se niega a pagar y menciona que iniciara un reclamo (caso 207);0
209;74.0;71578.68;whatsapp;confirma la transferencia realizada y envia el comprobante (caso 208);1
210;571.0;68216.87;whatsapp;cliente conforme, promete pagar la cuota completa este mes (caso 209);1
211;262.0;36611.72;visita;sin respuesta a los mensajes, la direccion registrada es incorrecta (caso 210);0
212;28.0;45344.26;whatsapp;sin respuesta a los mensajes, la direccion registrada es incorrecta (caso 211);0
213;334.0;26288.24;whatsapp;cliente conforme, promete pagar la cuota completa este mes (caso 212);1
214;57.0;23735.08;telefono;acordamos un plan de pagos, muy buena disposicion en el contacto (caso 213);1
215;158.0;58088.94;telefono;confirma la transferencia realizada y envia el comprobante (caso 214);1
216;174.0;48853.16;visita;acordamos un plan de pagos, muy buena disposicion en el contacto (caso 215);1
217;173.0;31759.27;whatsapp;confirma la transferencia realizada y envia el comprobante (caso 216);1
218;35.0;48233.94;visita;no atiende el telefono, el numero figura fuera de servicio (caso 217);0
219;243.0;66174.37;visita;no atiende el telefono, el numero figura fuera de servicio (caso 218);0
220;339.0;44429.11;visita;acordamos un plan de pagos, muy buena disposicion en el contacto (caso 219);1
221;324.0;33873.34;email;atendio un tercero que dice no conocer al titular (caso 220);0
222;209.0;36939.15;telefono;no atiende el telefono, el numero figura fuera de servicio (caso 221);0
223;95.0;102530.44;telefono;atendio un tercero que dice no conocer al titular (caso 222);0
224;66.0;14304.85;email;sin respuesta a los mensajes, la direccion registrada es incorrecta (caso 223);0
225;608.0;200683.19;email;sin respuesta a los mensajes, la direccion registrada es incorrecta (caso 224);0
226;106.0;82254.59;telefono;atendio un tercero que dice no conocer al titular (caso 225);0
227;74.0;36628.37;telefono;atendio un tercero que dice no conocer al titular (caso 226);0
228;87.0;47932.66;whatsapp;acordamos un plan de pagos, muy buena disposicion en el contacto (caso 227);1
229;140.0;61762.08;whatsapp;no atiende el telefono, el numero figura fuera de servicio (caso 228);0
230;546.0;23539.06;email;confirma la transferencia realizada y envia el comprobante (caso 229);1
231;256.0;31133.8;telefono;solicita el saldo exacto para cancelar la deuda esta semana (caso 230);1
232;189.0;25961.94;telefono;no atiende el telefono, el numero figura fuera de servicio (caso 231);0
233;313.0;31352.3;email;confirma la transferencia realizada y envia el comprobante (caso 232);1
234;207.0;69315.36;visita;atendio un tercero que dice no conocer al titular (caso 233);0
235;186.0;27703.46;telefono;solicita el saldo exacto para cancelar la deuda esta semana (caso 234);1
236;365.0;29581.8;telefono;acordamos un plan de pagos, muy buena disposicion en el contacto (caso 235);1
237;91.0;18435.1;whatsapp;sin respuesta a los mensajes, la direccion registrada es incorrecta (caso 236);0
238;7.0;61069.17;visita;se niega a pagar y menciona que iniciara un reclamo (caso 237);0
239;68.0;17138.36;visita;sin respuesta a los mensajes, la direccion registrada es incorrecta (caso 238);0
240;199.0;21088.14;telefono;no atiende el telefono, el numero figura fuera de servicio (caso 239);0
241;684.0;217729.9;visita;sin respuesta a los mensajes, la direccion registrada es incorrecta (caso 240);0
242;113.0;34993.72;email;atendio un tercero que dice no conocer al titular (caso 241);0
243;71.0;26365.04;whatsapp;atendio un tercero que dice no conocer al titular (caso 242);0
244;95.0;18979.86;email;se niega a pagar y menciona que iniciara un reclamo (caso 243);0
245;102.0;29326.19;telefono;cliente conforme, promete pagar la cuota completa este mes (caso 244);1
246;287.0;120961.4;email;atendio un tercero que dice no conocer al titular (caso 245);0
247;51.0;117200.36;visita;sin respuesta a los mensajes, la direccion registrada es incorrecta (caso 246);0
248;552.0;13316.95;telefono;atendio un tercero que dice no conocer al titular (caso 247);0
249;93.0;62353.54;email;se niega a pagar y menciona que iniciara un reclamo (caso 248);0
250;129.0;56608.18;visita;atendio un tercero que dice no conocer al titular (caso 249);0
251;418.0;65529.82;telefono;atendio un tercero que dice no conocer al titular (caso 250);0
252;27.0;21544.76;email;no atiende el telefono, el numero figura fuera de servicio (caso 251);0
253;404.0;5655.6;email;confirma la transferencia realizada y envia el comprobante (caso 252);1
254;445.0;123606.41;visita;cliente conforme, promete pagar la cuota completa este mes (caso 253);1
255;399.0;31181.08;email;no atiende el telefono, el numero figura fuera de servicio (caso 254);0
256;226.0;45575.59;visita;atendio un tercero que dice no conocer al titular (caso 255);0
257;163.0;27226.82;email;sin respuesta a los mensajes, la direccion registrada es incorrecta (caso 256);0
258;178.0;32335.12;email;acordamos un plan de pagos, muy buena disposicion en el contacto (caso 257);1
259;278.0;90930.61;whatsapp;confirma la transferencia realizada y envia el comprobante (caso 258);1
260;148.0;32634.58;telefono;sin respuesta a los mensajes, la direccion registrada es incorrecta (caso 259);0
261;141.0;86788.76;email;se niega a pagar y menciona que iniciara un reclamo (caso 260);0
262;312.0;44583.42;visita;sin respuesta a los mensajes, la direccion registrada es incorrecta (caso 261);0
263;432.0;124769.94;telefono;atendio un tercero que dice no conocer al titular (caso 262);0
264;296.0;60838.18;visita;cliente conforme, promete pagar la cuota completa este mes (caso 263);1
265;42.0;139760.41;visita;sin respuesta a los mensajes, la direccion registrada es incorrecta (caso 264);0
266;114.0;47594.57;visita;sin respuesta a los mensajes, la direccion registrada es incorrecta (caso 265);0
267;60.0;87005.31;email;no atiende el telefono, el numero figura fuera de servicio (caso 266);0
268;352.0;8852.16;telefono;solicita el saldo exacto para cancelar la deuda esta semana (caso 267);1
269;62.0;44991.05;email;cliente conforme, promete pagar la cuota completa este mes (caso 268);1
270;372.0;10775.56;whatsapp;sin respuesta a los mensajes, la direccion registrada es incorrecta (caso 269);0
271;163.0;156463.72;telefono;se niega a pagar y menciona que iniciara un reclamo (caso 270);0
272;187.0;34768.92;email;atendio un tercero que dice no conocer al titular (caso 271);0
273;180.0;66278.44;email;solicita el saldo exacto para cancelar la deuda esta semana (caso 272);1
274;482.0;102321.19;visita;atendio un tercero que dice no conocer al titular (caso 273);0
275;237.0;73298.02;telefono;se niega a pagar y menciona que iniciara un reclamo (caso 274);0
276;310.0;18021.61;telefono;atendio un tercero que dice no conocer al titular (caso 275);0
277;523.0;160314.62;whatsapp;no atiende el telefono, el numero figura fuera de servicio (caso 276);0
278;12.0;125438.59;telefono;sin respuesta a los mensajes, la direccion registrada es incorrecta (caso 277);0
279;135.0;93782.58;visita;confirma la transferencia realizada y envia el comprobante (caso 278);1
280;1329.0;64867.63;email;acordamos un plan de pagos, muy buena disposicion en el contacto (caso 279);1
281;6.0;71867.57;email;solicita el saldo exacto para cancelar la deuda esta semana (caso 280);1
282;922.0;17483.18;email;cliente conforme, promete pagar la cuota completa este mes (caso 281);1
283;95.0;22130.0;email;confirma la transferencia realizada y envia el comprobante (caso 282);1
284;610.0;63808.43;visita;no atiende el telefono, el numero figura fuera de servicio (caso 283);0
285;645.0;36184.52;visita;acordamos un plan de pagos, muy buena disposicion en el contacto (caso 284);1
286;56.0;43667.22;email;atendio un tercero que dice no conocer al titular (caso 285);0
287;310.0;71145.12;telefono;solicita el saldo exacto para cancelar la deuda esta semana (caso 286);1
288;44.0;214972.13;visita;acordamos un plan de pagos, muy buena disposicion en el contacto (caso 287);1
289;282.0;40744.0;whatsapp;cliente conforme, promete pagar la cuota completa este mes (caso 288);1
290;369.0;167043.84;whatsapp;se niega a pagar y menciona que iniciara un reclamo (caso 289);0
291;190.0;65568.14;whatsapp;confirma la transferencia realizada y envia el comprobante (caso 290);1
292;506.0;128638.12;telefono;sin respuesta a los mensajes, la direccion registrada es incorrecta (caso 291);0
293;293.0;12089.77;whatsapp;sin respuesta a los mensajes, la direccion registrada es incorrecta (caso 292);0
294;203.0;73147.83;whatsapp;solicita el saldo exacto para cancelar la deuda esta semana (caso 293);1
295;98.0;13579.05;visita;atendio un tercero que dice no conocer al titular (caso 294);0
296;181.0;39949.73;whatsapp;solicita el saldo exacto para cancelar la deuda esta semana (caso 295);1
297;493.0;39549.7;telefono;atendio un tercero que dice no conocer al titular (caso 296);0
298;233.0;10024.07;telefono;confirma la transferencia realizada y envia el comprobante (caso 297);1
299;467.0;60264.72;telefono;no atiende el telefono, el numero figura fuera de servicio (caso 298);0
300;330.0;32613.27;email;se niega a pagar y menciona que iniciara un reclamo (caso 299);0
301;38.0;62806.98;whatsapp;cliente conforme, promete pagar la cuota completa este mes (caso 300);1
302;19.0;67872.97;email;atendio un tercero que dice no conocer al titular (caso 301);0
303;468.0;31838.53;telefono;se niega a pagar y menciona que iniciara un reclamo (caso 302);0
304;335.0;19428.13;visita;sin respuesta a los mensajes, la direccion registrada es incorrecta (caso 303);0
305;6.0;21515.54;email;sin respuesta a los mensajes, la direccion registrada es incorrecta (caso 304);0
306;371.0;22275.36;visita;acordamos un plan de pagos, muy buena disposicion en el contacto (caso 305);1
307;280.0;83907.37;telefono;acordamos un plan de pagos, muy buena disposicion en el contacto (caso 306);1
308;88.0;83385.65;telefono;se niega a pagar y menciona que iniciara un reclamo (caso 307);0
309;53.0;62349.58;visita;no atiende el telefono, el numero figura fuera de servicio (caso 308);0
310;49.0;37259.62;email;cliente conforme, promete pagar la cuota completa este mes (caso 309);1
311;431.0;82556.38;email;no atiende el telefono, el numero figura fuera de servicio (caso 310);0
312;96.0;48429.78;whatsapp;se niega a pagar y menciona que iniciara un reclamo (caso 311);0
313;297.0;18891.71;email;se niega a pagar y menciona que iniciara un reclamo (caso 312);0
314;440.0;44899.63;telefono;confirma la transferencia realizada y envia el comprobante (caso 313);1
315;148.0;246205.37;email;se niega a pagar y menciona que iniciara un reclamo (caso 314);0
316;27.0;14405.89;whatsapp;solicita el saldo exacto para cancelar la deuda esta semana (caso 315);1
317;488.0;18731.76;visita;solicita el saldo exacto para cancelar la deuda esta semana (caso 316);1
318;73.0;64047.73;visita;atendio un tercero que dice no conocer al titular (caso 317);0
319;828.0;41420.05;telefono;cliente conforme, promete pagar la cuota completa este mes (caso 318);1
320;290.0;69391.87;email;confirma la transferencia realizada y envia el comprobante (caso 319);1
321;131.0;24144.68;telefono;sin respuesta a los mensajes, la direccion registrada es incorrecta (caso 320);0
322;173.0;26735.57;whatsapp;no atiende el telefono, el numero figura fuera de servicio (caso 321);0
323;281.0;69134.36;visita;sin respuesta a los mensajes, la direccion registrada es incorrecta (caso 322);0
324;329.0;69240.61;email;confirma la transferencia realizada y envia el comprobante (caso 323);1
325;80.0;73174.51;telefono;solicita el saldo exacto para cancelar la deuda esta semana (caso 324);1
326;19.0;6040.69;email;sin respuesta a los mensajes, la direccion registrada es incorrecta (caso 325);0
327;195.0;27663.28;telefono;atendio un tercero que dice no conocer al titular (caso 326);0
328;346.0;36179.21;visita;sin respuesta a los mensajes, la direccion registrada es incorrecta (caso 327);0
329;280.0;27085.97;email;sin respuesta a los mensajes, la direccion registrada es incorrecta (caso 328);0
330;173.0;82683.44;telefono;cliente conforme, promete pagar la cuota completa este mes (caso 329);1
331;62.0;45971.78;telefono;no atiende el telefono, el numero figura fuera de servicio (caso 330);0
332;308.0;100787.08;visita;no atiende el telefono, el numero figura fuera de servicio (caso 331);0
333;17.0;35469.33;visita;atendio un tercero que dice no conocer al titular (caso 332);0
334;180.0;53218.17;visita;cliente conforme, promete pagar la cuota completa este mes (caso 333);1
335;685.0;86690.21;whatsapp;acordamos un plan de pagos, muy buena disposicion en el contacto (caso 334);1
336;161.0;100539.32;whatsapp;acordamos un plan de pagos, muy buena disposicion en el contacto (caso 335);1
337;132.0;31370.12;visita;se niega a pagar y menciona que iniciara un reclamo (caso 336);0
338;200.0;79479.03;whatsapp;sin respuesta a los mensajes, la direccion registrada es incorrecta (caso 337);0
339;138.0;63009.67;telefono;confirma la transferencia realizada y envia el comprobante (caso 338);1
340;35.0;51532.05;whatsapp;se niega a pagar y menciona que iniciara un reclamo (caso 339);0
341;176.0;139246.63;visita;solicita el saldo exacto para cancelar la deuda esta semana (caso 340);1
342;25.0;86226.34;telefono;no atiende el telefono, el numero figura fuera de servicio (caso 341);0
343;70.0;66403.01;email;cliente conforme, promete pagar la cuota completa este mes (caso 342);1
344;326.0;34332.29;email;sin respuesta a los mensajes, la direccion registrada es incorrecta (caso 343);0
345;155.0;55935.1;email;atendio un tercero que dice no conocer al titular (caso 344);0
346;82.0;99238.89;visita;atendio un tercero que dice no conocer al titular (caso 345);0
347;112.0;23271.91;visita;atendio un tercero que dice no conocer al titular (caso 346);0
348;339.0;163661.62;telefono;confirma la transferencia realizada y envia el comprobante (caso 347);1
349;242.0;42769.88;visita;atendio un tercero que dice no conocer al titular (caso 348);0
350;35.0;88769.16;visita;acordamos un plan de pagos, muy buena disposicion en el contacto (caso 349);1
351;327.0;36940.48;telefono;acordamos un plan de pagos, muy buena disposicion en el contacto (caso 350);1
352;369.0;72861.96;email;atendio un tercero que dice no conocer al titular (caso 351);0
353;594.0;32249.83;visita;no atiende el telefono, el numero figura fuera de servicio (caso 352);0
354;202.0;29473.62;visita;solicita el saldo exacto para cancelar la deuda esta semana (caso 353);1
355;91.0;114883.64;email;atendio un tercero que dice no conocer al titular (caso 354);0
356;322.0;25378.4;email;sin respuesta a los mensajes, la direccion registrada es incorrecta (caso 355);0
357;218.0;191076.0;telefono;se niega a pagar y menciona que iniciara un reclamo (caso 356);0
358;11.0;42996.96;email;solicita el saldo exacto para cancelar la deuda esta semana (caso 357);1
359;411.0;28866.4;email;confirma la transferencia realizada y envia el comprobante (caso 358);1
360;388.0;17300.49;whatsapp;cliente conforme, promete pagar la cuota completa este mes (caso 359);1
361;299.0;9042.31;email;atendio un tercero que dice no conocer al titular (caso 360);0
362;154.0;25655.98;whatsapp;solicita el saldo exacto para cancelar la deuda esta semana (caso 361);1
363;246.0;36104.9;telefono;no atiende el telefono, el numero figura fuera de servicio (caso 362);0
364;403.0;41035.35;visita;cliente conforme, promete pagar la cuota completa este mes (caso 363);1
365;545.0;54843.03;email;atendio un tercero que dice no conocer al titular (caso 364);0
366;1029.0;31607.02;whatsapp;sin respuesta a los mensajes, la direccion registrada es incorrecta (caso 365);0
367;476.0;82273.61;whatsapp;sin respuesta a los mensajes, la direccion registrada es incorrecta (caso 366);0
368;60.0;24202.1;whatsapp;no atiende el telefono, el numero figura fuera de servicio (caso 367);0
369;840.0;63457.28;telefono;solicita el saldo exacto para cancelar la deuda esta semana (caso 368);1
370;351.0;49142.59;whatsapp;cliente conforme, promete pagar la cuota completa este mes (caso 369);1
371;158.0;55601.99;telefono;cliente conforme, promete pagar la cuota completa este mes (caso 370);1
372;571.0;47080.35;whatsapp;no atiende el telefono, el numero figura fuera de servicio (caso 371);0
373;497.0;45781.38;email;acordamos un plan de pagos, muy buena disposicion en el contacto (caso 372);1
374;51.0;46144.72;whatsapp;atendio un tercero que dice no conocer al titular (caso 373);0
375;116.0;30905.4;visita;sin respuesta a los mensajes, la direccion registrada es incorrecta (caso 374);0
376;152.0;66497.46;email;sin respuesta a los mensajes, la direccion registrada es incorrecta (caso 375);0
377;410.0;37076.59;whatsapp;sin respuesta a los mensajes, la direccion registrada es incorrecta (caso 376);0
378;97.0;31682.52;email;cliente conforme, promete pagar la cuota completa este mes (caso 377);1
379;333.0;29899.6;telefono;se niega a pagar y menciona que iniciara un reclamo (caso 378);0
380;443.0;180425.73;email;no atiende el telefono, el numero figura fuera de servicio (caso 379);0
381;133.0;33964.14;telefono;atendio un tercero que dice no conocer al titular (caso 380);0
382;341.0;51283.26;whatsapp;se niega a pagar y menciona que iniciara un reclamo (caso 381);0
383;41.0;111423.45;telefono;cliente conforme, promete pagar la cuota completa este mes (caso 382);1
384;79.0;37015.73;email;sin respuesta a los mensajes, la direccion registrada es incorrecta (caso 383);0
385;152.0;115739.93;telefono;no atiende el telefono, el numero figura fuera de servicio (caso 384);0
386;105.0;159610.65;email;solicita el saldo exacto para cancelar la deuda esta semana (caso 385);1
387;276.0;278117.6;email;se niega a pagar y menciona que iniciara un reclamo (caso 386);0
388;145.0;43652.94;visita;se niega a pagar y menciona que iniciara un reclamo (caso 387);0
389;373.0;42770.51;whatsapp;se niega a pagar y menciona que iniciara un reclamo (caso 388);0
390;168.0;33084.59;visita;acordamos un plan de pagos, muy buena disposicion en el contacto (caso 389);1
391;166.0;84453.33;telefono;solicita el saldo exacto para cancelar la deuda esta semana (caso 390);1
392;156.0;41147.35;email;solicita el saldo exacto para cancelar la deuda esta semana (caso 391);1
393;162.0;61122.55;telefono;solicita el saldo exacto para cancelar la deuda esta semana (caso 392);1
394;1327.0;33971.81;visita;confirma la transferencia realizada y envia el comprobante (caso 393);1
395;377.0;14459.33;whatsapp;cliente conforme, promete pagar la cuota completa este mes (caso 394);1
396;39.0;101130.53;telefono;acordamos un plan de pagos, muy buena disposicion en el contacto (caso 395);1
397;134.0;68934.22;whatsapp;sin respuesta a los mensajes, la direccion registrada es incorrecta (caso 396);0
398;735.0;121792.95;email;atendio un tercero que dice no conocer al titular (caso 397);0
399;64.0;19196.45;whatsapp;no atiende el telefono, el numero figura fuera de servicio (caso 398);0
400;137.0;81470.03;email;cliente conforme, promete pagar la cuota completa este mes (caso 399);1
401;288.0;98610.55;email;confirma la transferencia realizada y envia el comprobante (caso 400);1
402;171.0;68592.6;telefono;se niega a pagar y menciona que iniciara un reclamo (caso 401);0
403;611.0;126855.77;telefono;confirma la transferencia realizada y envia el comprobante (caso 402);1
404;98.0;23965.38;visita;atendio un tercero que dice no conocer al titular (caso 403);0
405;337.0;158611.16;whatsapp;atendio un tercero que dice no conocer al titular (caso 404);0
406;320.0;104746.92;email;no atiende el telefono, el numero figura fuera de servicio (caso 405);0
407;93.0;8239.52;email;solicita el saldo exacto para cancelar la deuda esta semana (caso 406);1
408;533.0;101577.82;whatsapp;solicita el saldo exacto para cancelar la deuda esta semana (caso 407);1
409;361.0;104424.04;email;cliente conforme, promete pagar la cuota completa este mes (caso 408);1
410;115.0;84742.88;telefono;sin respuesta a los mensajes, la direccion registrada es incorrecta (caso 409);0
411;263.0;84044.75;visita;atendio un tercero que dice no conocer al titular (caso 410);0
412;259.0;113537.88;email;confirma la transferencia realizada y envia el comprobante (caso 411);1
413;1080.0;111741.29;whatsapp;acordamos un plan de pagos, muy buena disposicion en el contacto (caso 412);1
414;340.0;111318.1;visita;se niega a pagar y menciona que iniciara un reclamo (caso 413);0
415;245.0;87458.11;visita;atendio un tercero que dice no conocer al titular (caso 414);0
416;255.0;303441.31;whatsapp;atendio un tercero que dice no conocer al titular (caso 415);0
417;539.0;20331.33;email;sin respuesta a los mensajes, la direccion registrada es incorrecta (caso 416);0
418;116.0;94055.25;whatsapp;sin respuesta a los mensajes, la direccion registrada es incorrecta (caso 417);0
419;463.0;74051.12;telefono;atendio un tercero que dice no conocer al titular (caso 418);0
420;379.0;89277.5;visita;cliente conforme, promete pagar la cuota completa este mes (caso 419);1
421;89.0;16807.79;email;sin respuesta a los mensajes, la direccion registrada es incorrecta (caso 420);0
422;180.0;14946.07;whatsapp;se niega a pagar y menciona que iniciara un reclamo (caso 421);0
423;437.0;71269.99;email;atendio un tercero que dice no conocer al titular (caso 422);0
424;194.0;45110.84;visita;atendio un tercero que dice no conocer al titular (caso 423);0
425;1314.0;145441.49;visita;acordamos un plan de pagos, muy buena disposicion en el contacto (caso 424);1
426;107.0;32770.64;visita;atendio un tercero que dice no conocer al titular (caso 425);0
427;412.0;70791.87;telefono;solicita el saldo exacto para cancelar la deuda esta semana (caso 426);1
428;24.0;121374.33;whatsapp;solicita el saldo exacto para cancelar la deuda esta semana (caso 427);1
429;50.0;34276.56;whatsapp;acordamos un plan de pagos, muy buena disposicion en el contacto (caso 428);1
430;211.0;77731.76;telefono;se niega a pagar y menciona que iniciara un reclamo (caso 429);0
431;384.0;88851.26;email;se niega a pagar y menciona que iniciara un reclamo (caso 430);0
432;518.0;33697.09;visita;solicita el saldo exacto para cancelar la deuda esta semana (caso 431);1
433;476.0;59189.19;whatsapp;acordamos un plan de pagos, muy buena disposicion en el contacto (caso 432);1
434;220.0;45473.83;whatsapp;se niega a pagar y menciona que iniciara un reclamo (caso 433);0
435;826.0;7601.79;telefono;no atiende el telefono, el numero figura fuera de servicio (caso 434);0
436;422.0;65954.04;telefono;se niega a pagar y menciona que iniciara un reclamo (caso 435);0
437;133.0;22026.26;email;sin respuesta a los mensajes, la direccion registrada es incorrecta (caso 436);0
438;477.0;115280.02;visita;acordamos un plan de pagos, muy buena disposicion en el contacto (caso 437);1
439;290.0;120072.78;whatsapp;sin respuesta a los mensajes, la direccion registrada es incorrecta (caso 438);0
440;30.0;42422.24;telefono;confirma la transferencia realizada y envia el comprobante (caso 439);1
441;134.0;35863.45;telefono;atendio un tercero que dice no conocer al titular (caso 440);0
442;372.0;33439.26;visita;atendio un tercero que dice no conocer al titular (caso 441);0
443;442.0;46856.37;whatsapp;no atiende el telefono, el numero figura fuera de servicio (caso 442);0
444;20.0;34943.86;email;no atiende el telefono, el numero figura fuera de servicio (caso 443);0
445;205.0;92320.88;visita;no atiende el telefono, el numero figura fuera de servicio (caso 444);0
446;451.0;80852.31;whatsapp;no atiende el telefono, el numero figura fuera de servicio (caso 445);0
447;346.0;78544.81;whatsapp;acordamos un plan de pagos, muy buena disposicion en el contacto (caso 446);1
448;179.0;61426.11;telefono;atendio un tercero que dice no conocer al titular (caso 447);0
449;137.0;94571.68;email;atendio un tercero que dice no conocer al titular (caso 448);0
450;576.0;102621.18;visita;no atiende el telefono, el numero figura fuera de servicio (caso 449);0
451;10.0;123623.71;visita;cliente conforme, promete pagar la cuota completa este mes (caso 450);1
452;14.0;5011.27;whatsapp;se niega a pagar y menciona que iniciara un reclamo (caso 451);0
453;361.0;56785.78;telefono;no atiende el telefono, el numero figura fuera de servicio (caso 452);0
454;227.0;76864.24;telefono;no atiende el telefono, el numero figura fuera de servicio (caso 453);0
455;751.0;39998.56;whatsapp;se niega a pagar y menciona que iniciara un reclamo (caso 454);0
456;78.0;41969.92;telefono;se niega a pagar y menciona que iniciara un reclamo (caso 455);0
457;81.0;30209.4;whatsapp;sin respuesta a los mensajes, la direccion registrada es incorrecta (caso 456);0
458;683.0;63233.83;visita;atendio un tercero que dice no conocer al titular (caso 457);0
459;92.0;23899.49;whatsapp;solicita el saldo exacto para cancelar la deuda esta semana (caso 458);1
460;113.0;48966.26;whatsapp;se niega a pagar y menciona que iniciara un reclamo (caso 459);0
461;95.0;28317.29;visita;cliente conforme, promete pagar la cuota completa este mes (caso 460);1
462;334.0;20132.73;telefono;sin respuesta a los mensajes, la direccion registrada es incorrecta (caso 461);0
463;273.0;6023.36;whatsapp;se niega a pagar y menciona que iniciara un reclamo (caso 462);0
464;53.0;93125.14;email;no atiende el telefono, el numero figura fuera de servicio (caso 463);0
465;252.0;29046.58;whatsapp;solicita el saldo exacto para cancelar la deuda esta semana (caso 464);1
466;113.0;100550.96;visita;acordamos un plan de pagos, muy buena disposicion en el contacto (caso 465);1
467;279.0;84216.41;visita;sin respuesta a los mensajes, la direccion registrada es incorrecta (caso 466);0
468;333.0;147157.79;whatsapp;no atiende el telefono, el numero figura fuera de servicio (caso 467);0
469;499.0;37541.84;telefono;sin respuesta a los mensajes, la direccion registrada es incorrecta (caso 468);0
470;316.0;30145.33;visita;se niega a pagar y menciona que iniciara un reclamo (caso 469);0
471;466.0;36131.18;whatsapp;confirma la transferencia realizada y envia el comprobante (caso 470);1
472;612.0;57869.01;telefono;cliente conforme, promete pagar la cuota completa este mes (caso 471);1
473;384.0;77630.68;visita;confirma la transferencia realizada y envia el comprobante (caso 472);1
474;145.0;65429.64;visita;confirma la transferencia realizada y envia el comprobante (caso 473);1
475;435.0;46493.93;whatsapp;sin respuesta a los mensajes, la direccion registrada es incorrecta (caso 474);0
476;864.0;23598.9;visita;sin respuesta a los mensajes, la direccion registrada es incorrecta (caso 475);0
477;239.0;133227.14;visita;se niega a pagar y menciona que iniciara un reclamo (caso 476);0
478;165.0;51505.86;email;cliente conforme, promete pagar la cuota completa este mes (caso 477);1
479;131.0;9739.5;visita;atendio un tercero que dice no conocer al titular (caso 478);0
480;93.0;44946.93;visita;sin respuesta a los mensajes, la direccion registrada es incorrecta (caso 479);0
481;591.0;35218.16;telefono;se niega a pagar y menciona que iniciara un reclamo (caso 480);0
482;187.0;66481.87;whatsapp;no atiende el telefono, el numero figura fuera de servicio (caso 481);0
483;414.0;17893.68;whatsapp;solicita el saldo exacto para cancelar la deuda esta semana (caso 482);1
484;583.0;101212.67;telefono;confirma la transferencia realizada y envia el comprobante (caso 483);1
485;161.0;102146.52;whatsapp;acordamos un plan de pagos, muy buena disposicion en el contacto (caso 484);1
486;116.0;61187.55;email;confirma la transferencia realizada y envia el comprobante (caso 485);1
487;98.0;65926.31;telefono;atendio un tercero que dice no conocer al titular (caso 486);0
488;373.0;29369.97;whatsapp;no atiende el telefono, el numero figura fuera de servicio (caso 487);0
489;385.0;73180.94;visita;se niega a pagar y menciona que iniciara un reclamo (caso 488);0
490;134.0;116766.42;visita;sin respuesta a los mensajes, la direccion registrada es incorrecta (caso 489);0
491;56.0;26745.15;visita;acordamos un plan de pagos, muy buena disposicion en el contacto (caso 490);1
492;989.0;30376.78;visita;no atiende el telefono, el numero figura fuera de servicio (caso 491);0
493;128.0;203556.57;visita;se niega a pagar y menciona que iniciara un reclamo (caso 492);0
494;385.0;67630.2;email;no atiende el telefono, el numero figura fuera de servicio (caso 493);0
495;352.0;51983.85;whatsapp;sin respuesta a los mensajes, la direccion registrada es incorrecta (caso 494);0
496;341.0;25184.79;whatsapp;confirma la transferencia realizada y envia el comprobante (caso 495);1
497;348.0;76036.2;email;sin respuesta a los mensajes, la direccion registrada es incorrecta (caso 496);0
498;872.0;58827.85;telefono;sin respuesta a los mensajes, la direccion registrada es incorrecta (caso 497);0
499;65.0;85420.89;whatsapp;se niega a pagar y menciona que iniciara un reclamo (caso 498);0
500;650.0;126931.2;email;confirma la transferencia realizada y envia el comprobante (caso 499);1
501;173.0;44120.87;email;no atiende el telefono, el numero figura fuera de servicio (caso 500);0
502;248.0;26314.35;whatsapp;se niega a pagar y menciona que iniciara un reclamo (caso 501);0
503;152.0;44863.84;visita;sin respuesta a los mensajes, la direccion registrada es incorrecta (caso 502);0
504;748.0;73968.13;telefono;no atiende el telefono, el numero figura fuera de servicio (caso 503);0
505;30.0;104247.62;email;sin respuesta a los mensajes, la direccion registrada es incorrecta (caso 504);0
506;322.0;136579.04;email;sin respuesta a los mensajes, la direccion registrada es incorrecta (caso 505);0
507;68.0;76677.66;whatsapp;no atiende el telefono, el numero figura fuera de servicio (caso 506);0
508;316.0;60927.94;whatsapp;no atiende el telefono, el numero figura fuera de servicio (caso 507);0
509;700.0;51743.45;telefono;acordamos un plan de pagos, muy buena disposicion en el contacto (caso 508);1
510;89.0;14000.39;telefono;no atiende el telefono, el numero figura fuera de servicio (caso 509);0
511;816.0;50237.01;whatsapp;no atiende el telefono, el numero figura fuera de servicio (caso 510);0
512;52.0;68013.39;visita;se niega a pagar y menciona que iniciara un reclamo (caso 511);0
513;17.0;19809.42;telefono;acordamos un plan de pagos, muy buena disposicion en el contacto (caso 512);1
514;238.0;41729.91;telefono;solicita el saldo exacto para cancelar la deuda esta semana (caso 513);1
515;599.0;22646.98;telefono;confirma la transferencia realizada y envia el comprobante (caso 514);1
516;642.0;22012.48;whatsapp;sin respuesta a los mensajes, la direccion registrada es incorrecta (caso 515);0
517;73.0;35682.7;telefono;atendio un tercero que dice no conocer al titular (caso 516);0
518;169.0;40144.82;whatsapp;confirma la transferencia realizada y envia el comprobante (caso 517);1
519;197.0;47724.41;email;cliente conforme, promete pagar la cuota completa este mes (caso 518);1
520;287.0;85050.32;telefono;atendio un tercero que dice no conocer al titular (caso 519);0
521;218.0;69533.76;telefono;sin respuesta a los mensajes, la direccion registrada es incorrecta (caso 520);0
522;56.0;261113.22;whatsapp;no atiende el telefono, el numero figura fuera de servicio (caso 521);0
523;690.0;53594.53;email;atendio un tercero que dice no conocer al titular (caso 522);0
524;568.0;106478.34;whatsapp;sin respuesta a los mensajes, la direccion registrada es incorrecta (caso 523);0
525;279.0;8022.43;whatsapp;se niega a pagar y menciona que iniciara un reclamo (caso 524);0
526;76.0;76762.1;visita;no atiende el telefono, el numero figura fuera de servicio (caso 525);0
527;48.0;45541.0;telefono;no atiende el telefono, el numero figura fuera de servicio (caso 526);0
528;733.0;23572.91;email;se niega a pagar y menciona que iniciara un reclamo (caso 527);0
529;51.0;44161.7;email;cliente conforme, promete pagar la cuota completa este mes (caso 528);1
530;404.0;13758.53;telefono;se niega a pagar y menciona que iniciara un reclamo (caso 529);0
531;204.0;73551.04;whatsapp;se niega a pagar y menciona que iniciara un reclamo (caso 530);0
532;702.0;30671.2;telefono;se niega a pagar y menciona que iniciara un reclamo (caso 531);0
533;40.0;127013.14;email;no atiende el telefono, el numero figura fuera de servicio (caso 532);0
534;326.0;9627.06;email;se niega a pagar y menciona que iniciara un reclamo (caso 533);0
535;443.0;41548.67;whatsapp;sin respuesta a los mensajes, la direccion registrada es incorrecta (caso 534);0
536;201.0;84724.48;telefono;sin respuesta a los mensajes, la direccion registrada es incorrecta (caso 535);0
537;580.0;31759.15;telefono;confirma la transferencia realizada y envia el comprobante (caso 536);1
538;362.0;23330.21;whatsapp;sin respuesta a los mensajes, la direccion registrada es incorrecta (caso 537);0
539;507.0;3466.36;email;solicita el saldo exacto para cancelar la deuda esta semana (caso 538);1
540;175.0;94086.21;telefono;se niega a pagar y menciona que iniciara un reclamo (caso 539);0
541;149.0;26060.5;email;solicita el saldo exacto para cancelar la deuda esta semana (caso 540);1
542;564.0;62447.5;telefono;atendio un tercero que dice no conocer al titular (caso 541);0
543;397.0;84293.68;email;no atiende el telefono, el numero figura fuera de servicio (caso 542);0
544;233.0;108551.91;whatsapp;atendio un tercero que dice no conocer al titular (caso 543);0
545;297.0;166443.95;visita;solicita el saldo exacto para cancelar la deuda esta semana (caso 544);1
546;555.0;26941.02;visita;sin respuesta a los mensajes, la direccion registrada es incorrecta (caso 545);0
547;123.0;10474.56;whatsapp;confirma la transferencia realizada y envia el comprobante (caso 546);1
548;41.0;36637.25;telefono;confirma la transferencia realizada y envia el comprobante (caso 547);1
549;101.0;67867.2;whatsapp;se niega a pagar y menciona que iniciara un reclamo (caso 548);0
550;354.0;19211.23;visita;solicita el saldo exacto para cancelar la deuda esta semana (caso 549);1
551;270.0;28308.28;whatsapp;se niega a pagar y menciona que iniciara un reclamo (caso 550);0
552;155.0;124022.2;email;acordamos un plan de pagos, muy buena disposicion en el contacto (caso 551);1
553;453.0;77696.39;visita;cliente conforme, promete pagar la cuota completa este mes (caso 552);1
554;429.0;35038.53;email;se niega a pagar y menciona que iniciara un reclamo (caso 553);0
555;1124.0;102875.41;email;acordamos un plan de pagos, muy buena disposicion en el contacto (caso 554);1
556;109.0;5073.6;telefono;atendio un tercero que dice no conocer al titular (caso 555);0
557;396.0;4923.17;visita;se niega a pagar y menciona que iniciara un reclamo (caso 556);0
558;137.0;42987.78;whatsapp;atendio un tercero que dice no conocer al titular (caso 557);0
559;66.0;111148.76;whatsapp;sin respuesta a los mensajes, la direccion registrada es incorrecta (caso 558);0
560;178.0;10390.52;telefono;atendio un tercero que dice no conocer al titular (caso 559);0
561;350.0;26084.59;email;cliente conforme, promete pagar la cuota completa este mes (caso 560);1
562;70.0;83685.15;email;atendio un tercero que dice no conocer al titular (caso 561);0
563;129.0;45566.23;telefono;solicita el saldo exacto para cancelar la deuda esta semana (caso 562);1
564;704.0;40114.15;whatsapp;atendio un tercero que dice no conocer al titular (caso 563);0
565;417.0;47096.19;telefono;se niega a pagar y menciona que iniciara un reclamo (caso 564);0
566;849.0;68299.31;email;cliente conforme, promete pagar la cuota completa este mes (caso 565);1
567;129.0;37058.22;telefono;atendio un tercero que dice no conocer al titular (caso 566);0
568;383.0;77894.71;email;solicita el saldo exacto para cancelar la deuda esta semana (caso 567);1
569;199.0;79107.19;whatsapp;solicita el saldo exacto para cancelar la deuda esta semana (caso 568);1
570;294.0;47821.22;telefono;sin respuesta a los mensajes, la direccion registrada es incorrecta (caso 569);0
571;451.0;3703.82;whatsapp;se niega a pagar y menciona que iniciara un reclamo (caso 570);0
572;160.0;88439.24;telefono;no atiende el telefono, el numero figura fuera de servicio (caso 571);0
573;281.0;38841.54;telefono;se niega a pagar y menciona que iniciara un reclamo (caso 572);0
574;429.0;56054.07;visita;sin respuesta a los mensajes, la direccion registrada es incorrecta (caso 573);0
575;231.0;99020.5;email;atendio un tercero que dice no conocer al titular (caso 574);0
576;444.0;60476.02;email;cliente conforme, promete pagar la cuota completa este mes (caso 575);1
577;445.0;20673.97;email;sin respuesta a los mensajes, la direccion registrada es incorrecta (caso 576);0
578;682.0;12366.35;whatsapp;se niega a pagar y menciona que iniciara un reclamo (caso 577);0
579;68.0;122661.47;visita;atendio un tercero que dice no conocer al titular (caso 578);0
580;235.0;13440.72;email;cliente conforme, promete pagar la cuota completa este mes (caso 579);1
581;142.0;32863.86;telefono;no atiende el telefono, el numero figura fuera de servicio (caso 580);0
582;47.0;125920.89;whatsapp;atendio un tercero que dice no conocer al titular (caso 581);0
583;57.0;94575.37;email;confirma la transferencia realizada y envia el comprobante (caso 582);1
584;245.0;70766.83;visita;atendio un tercero que dice no conocer al titular (caso 583);0
585;101.0;19812.09;visita;sin respuesta a los mensajes, la direccion registrada es incorrecta (caso 584);0
586;192.0;26826.62;whatsapp;sin respuesta a los mensajes, la direccion registrada es incorrecta (caso 585);0
587;213.0;130538.15;visita;se niega a pagar y menciona que iniciara un reclamo (caso 586);0
588;408.0;83528.6;whatsapp;sin respuesta a los mensajes, la direccion registrada es incorrecta (caso 587);0
589;130.0;65622.41;telefono;solicita el saldo exacto para cancelar la deuda esta semana (caso 588);1
590;655.0;53854.84;visita;sin respuesta a los mensajes, la direccion registrada es incorrecta (caso 589);0
591;751.0;80229.2;whatsapp;sin respuesta a los mensajes, la direccion registrada es incorrecta (caso 590);0
592;387.0;42328.96;telefono;solicita el saldo exacto para cancelar la deuda esta semana (caso 591);1
593;367.0;275183.35;visita;atendio un tercero que dice no conocer al titular (caso 592);0
594;352.0;134057.46;visita;atendio un tercero que dice no conocer al titular (caso 593);0
595;76.0;45676.38;whatsapp;no atiende el telefono, el numero figura fuera de servicio (caso 594);0
596;516.0;63660.3;telefono;se niega a pagar y menciona que iniciara un reclamo (caso 595);0
597;450.0;21551.74;visita;sin respuesta a los mensajes, la direccion registrada es incorrecta (caso 596);0
598;140.0;115825.18;telefono;acordamos un plan de pagos, muy buena disposicion en el contacto (caso 597);1
599;777.0;66712.78;whatsapp;cliente conforme, promete pagar la cuota completa este mes (caso 598);1
600;286.0;24971.84;telefono;se niega a pagar y menciona que iniciara un reclamo (caso 599);0
601;313.0;7615.25;whatsapp;cliente conforme, promete pagar la cuota completa este mes (caso 600);1
602;343.0;64337.43;whatsapp;se niega a pagar y menciona que iniciara un reclamo (caso 601);0
603;1021.0;113524.53;email;solicita el saldo exacto para cancelar la deuda esta semana (caso 602);1
604;377.0;17745.37;email;no atiende el telefono, el numero figura fuera de servicio (caso 603);0
605;456.0;54864.3;visita;confirma la transferencia realizada y envia el comprobante (caso 604);1
606;389.0;24406.13;email;se niega a pagar y menciona que iniciara un reclamo (caso 605);0
607;383.0;56308.09;email;sin respuesta a los mensajes, la direccion registrada es incorrecta (caso 606);0
608;288.0;176350.19;email;se niega a pagar y menciona que iniciara un reclamo (caso 607);0
609;362.0;27129.98;email;se niega a pagar y menciona que iniciara un reclamo (caso 608);0
610;235.0;47846.43;whatsapp;atendio un tercero que dice no conocer al titular (caso 609);0
611;3.0;32745.5;telefono;se niega a pagar y menciona que iniciara un reclamo (caso 610);0
612;434.0;36973.3;visita;se niega a pagar y menciona que iniciara un reclamo (caso 611);0
613;235.0;7310.57;whatsapp;no atiende el telefono, el numero figura fuera de servicio (caso 612);0
614;21.0;68731.62;email;solicita el saldo exacto para cancelar la deuda esta semana (caso 613);1
615;110.0;41940.75;telefono;confirma la transferencia realizada y envia el comprobante (caso 614);1
616;131.0;54119.4;whatsapp;no atiende el telefono, el numero figura fuera de servicio (caso 615);0
617;1065.0;75765.95;email;sin respuesta a los mensajes, la direccion registrada es incorrecta (caso 616);0
618;380.0;112868.65;telefono;sin respuesta a los mensajes, la direccion registrada es incorrecta (caso 617);0
619;255.0;55482.19;telefono;no atiende el telefono, el numero figura fuera de servicio (caso 618);0
620;247.0;97030.52;telefono;confirma la transferencia realizada y envia el comprobante (caso 619);1
621;176.0;38750.28;email;atendio un tercero que dice no conocer al titular (caso 620);0
622;271.0;54382.09;visita;se niega a pagar y menciona que iniciara un reclamo (caso 621);0
623;224.0;56250.61;visita;confirma la transferencia realizada y envia el comprobante (caso 622);1
624;67.0;88901.69;email;no atiende el telefono, el numero figura fuera de servicio (caso 623);0
625;227.0;96305.44;email;atendio un tercero que dice no conocer al titular (caso 624);0
626;102.0;32673.8;visita;solicita el saldo exacto para cancelar la deuda esta semana (caso 625);1
627;439.0;57157.6;whatsapp;atendio un tercero que dice no conocer al titular (caso 626);0
628;16.0;81347.25;whatsapp;no atiende el telefono, el numero figura fuera de servicio (caso 627);0
629;569.0;101496.08;email;sin respuesta a los mensajes, la direccion registrada es incorrecta (caso 628);0
630;129.0;133144.34;whatsapp;sin respuesta a los mensajes, la direccion registrada es incorrecta (caso 629);0
631;497.0;50930.61;whatsapp;no atiende el telefono, el numero figura fuera de servicio (caso 630);0
632;90.0;113347.04;visita;no atiende el telefono, el numero figura fuera de servicio (caso 631);0
633;229.0;48234.97;whatsapp;confirma la transferencia realizada y envia el comprobante (caso 632);1
634;190.0;87228.67;email;acordamos un plan de pagos, muy buena disposicion en el contacto (caso 633);1
635;526.0;174554.92;whatsapp;no atiende el telefono, el numero figura fuera de servicio (caso 634);0
636;64.0;78971.12;visita;acordamos un plan de pagos, muy buena disposicion en el contacto (caso 635);1
637;186.0;7239.9;visita;sin respuesta a los mensajes, la direccion registrada es incorrecta (caso 636);0
638;22.0;92914.4;whatsapp;solicita el saldo exacto para cancelar la deuda esta semana (caso 637);1
639;363.0;147118.66;email;sin respuesta a los mensajes, la direccion registrada es incorrecta (caso 638);0
640;145.0;18601.04;whatsapp;atendio un tercero que dice no conocer al titular (caso 639);0
641;282.0;90350.91;telefono;sin respuesta a los mensajes, la direccion registrada es incorrecta (caso 640);0
642;126.0;13038.57;email;no atiende el telefono, el numero figura fuera de servicio (caso 641);0
643;454.0;101852.33;telefono;confirma la transferencia realizada y envia el comprobante (caso 642);1
644;17.0;162537.54;telefono;sin respuesta a los mensajes, la direccion registrada es incorrecta (caso 643);0
645;132.0;15133.94;whatsapp;sin respuesta a los mensajes, la direccion registrada es incorrecta (caso 644);0
646;289.0;76990.98;whatsapp;no atiende el telefono, el numero figura fuera de servicio (caso 645);0
647;54.0;37989.02;telefono;se niega a pagar y menciona que iniciara un reclamo (caso 646);0
648;51.0;122814.42;telefono;sin respuesta a los mensajes, la direccion registrada es incorrecta (caso 647);0
649;86.0;83070.82;whatsapp;atendio un tercero que dice no conocer al titular (caso 648);0
650;7.0;135101.09;email;confirma la transferencia realizada y envia el comprobante (caso 649);1
651;496.0;73381.81;telefono;se niega a pagar y menciona que iniciara un reclamo (caso 650);0
652;210.0;33434.34;visita;atendio un tercero que dice no conocer al titular (caso 651);0
653;41.0;22155.03;visita;no atiende el telefono, el numero figura fuera de servicio (caso 652);0
654;108.0;25786.21;visita;acordamos un plan de pagos, muy buena disposicion en el contacto (caso 653);1
655;103.0;127627.5;telefono;atendio un tercero que dice no conocer al titular (caso 654);0
656;546.0;61286.81;telefono;cliente conforme, promete pagar la cuota completa este mes (caso 655);1
657;548.0;92450.98;email;atendio un tercero que dice no conocer al titular (caso 656);0
658;35.0;38886.9;email;se niega a pagar y menciona que iniciara un reclamo (caso 657);0
659;246.0;10514.18;telefono;solicita el saldo exacto para cancelar la deuda esta semana (caso 658);1
660;273.0;49724.49;visita;acordamos un plan de pagos, muy buena disposicion en el contacto (caso 659);1
661;71.0;60538.99;email;cliente conforme, promete pagar la cuota completa este mes (caso 660);1
662;98.0;129884.88;visita;cliente conforme, promete pagar la cuota completa este mes (caso 661);1
663;748.0;20882.7;email;confirma la transferencia realizada y envia el comprobante (caso 662);1
664;108.0;51651.14;whatsapp;atendio un tercero que dice no conocer al titular (caso 663);0
665;108.0;33885.8;visita;cliente conforme, promete pagar la cuota completa este mes (caso 664);1
666;171.0;28365.07;visita;se niega a pagar y menciona que iniciara un reclamo (caso 665);0
667;37.0;6999.78;visita;atendio un tercero que dice no conocer al titular (caso 666);0
668;93.0;41217.26;whatsapp;se niega a pagar y menciona que iniciara un reclamo (caso 667);0
669;188.0;18584.44;email;no atiende el telefono, el numero figura fuera de servicio (caso 668);0
670;320.0;12910.88;telefono;no atiende el telefono, el numero figura fuera de servicio (caso 669);0
671;380.0;22962.56;telefono;confirma la transferencia realizada y envia el comprobante (caso 670);1
672;589.0;30985.06;email;no atiende el telefono, el numero figura fuera de servicio (caso 671);0
673;487.0;83085.07;telefono;sin respuesta a los mensajes, la direccion registrada es incorrecta (caso 672);0
674;92.0;73597.89;visita;confirma la transferencia realizada y envia el comprobante (caso 673);1
675;471.0;23676.83;whatsapp;sin respuesta a los mensajes, la direccion registrada es incorrecta (caso 674);0
676;194.0;121698.58;whatsapp;sin respuesta a los mensajes, la direccion registrada es incorrecta (caso 675);0
677;62.0;101798.73;visita;se niega a pagar y menciona que iniciara un reclamo (caso 676);0
678;729.0;16573.72;email;acordamos un plan de pagos, muy buena disposicion en el contacto (caso 677);1
679;132.0;75547.37;visita;solicita el saldo exacto para cancelar la deuda esta semana (caso 678);1
680;38.0;68705.91;email;solicita el saldo exacto para cancelar la deuda esta semana (caso 679);1
681;140.0;88135.44;telefono;atendio un tercero que dice no conocer al titular (caso 680);0
682;276.0;5073.17;telefono;no atiende el telefono, el numero figura fuera de servicio (caso 681);0
683;19.0;59056.68;email;confirma la transferencia realizada y envia el comprobante (caso 682);1
684;724.0;224955.12;email;no atiende el telefono, el numero figura fuera de servicio (caso 683);0
685;218.0;89569.29;visita;acordamos un plan de pagos, muy buena disposicion en el contacto (caso 684);1
686;155.0;111704.18;whatsapp;atendio un tercero que dice no conocer al titular (caso 685);0
687;615.0;19324.13;whatsapp;se niega a pagar y menciona que iniciara un reclamo (caso 686);0
688;407.0;186439.72;email;sin respuesta a los mensajes, la direccion registrada es incorrecta (caso 687);0
689;634.0;49267.87;visita;solicita el saldo exacto para cancelar la deuda esta semana (caso 688);1
690;50.0;49822.42;visita;atendio un tercero que dice no conocer al titular (caso 689);0
691;842.0;11018.16;whatsapp;cliente conforme, promete pagar la cuota completa este mes (caso 690);1
692;744.0;78272.36;email;no atiende el telefono, el numero figura fuera de servicio (caso 691);0
693;37.0;51250.05;whatsapp;sin respuesta a los mensajes, la direccion registrada es incorrecta (caso 692);0
694;146.0;56288.65;visita;no atiende el telefono, el numero figura fuera de servicio (caso 693);0
695;596.0;41444.57;visita;acordamos un plan de pagos, muy buena disposicion en el contacto (caso 694);1
696;412.0;51947.39;whatsapp;atendio un tercero que dice no conocer al titular (caso 695);0
697;532.0;14579.18;visita;no atiende el telefono, el numero figura fuera de servicio (caso 696);0
698;135.0;62171.43;visita;atendio un tercero que dice no conocer al titular (caso 697);0
699;397.0;54196.26;telefono;atendio un tercero que dice no conocer al titular (caso 698);0
700;5.0;48850.58;telefono;se niega a pagar y menciona que iniciara un reclamo (caso 699);0
701;298.0;46954.79;telefono;no atiende el telefono, el numero figura fuera de servicio (caso 700);0
702;112.0;58823.67;visita;confirma la transferencia realizada y envia el comprobante (caso 701);1
703;569.0;171497.81;email;cliente conforme, promete pagar la cuota completa este mes (caso 702);1
704;441.0;134238.55;visita;se niega a pagar y menciona que iniciara un reclamo (caso 703);0
705;446.0;20623.49;telefono;confirma la transferencia realizada y envia el comprobante (caso 704);1
706;86.0;141377.82;email;no atiende el telefono, el numero figura fuera de servicio (caso 705);0
707;277.0;81602.67;telefono;cliente conforme, promete pagar la cuota completa este mes (caso 706);1
708;531.0;59426.36;email;se niega a pagar y menciona que iniciara un reclamo (caso 707);0
709;277.0;83837.6;email;atendio un tercero que dice no conocer al titular (caso 708);0
710;341.0;14728.58;telefono;confirma la transferencia realizada y envia el comprobante (caso 709);1
711;230.0;52524.83;email;sin respuesta a los mensajes, la direccion registrada es incorrecta (caso 710);0
712;92.0;51089.84;visita;atendio un tercero que dice no conocer al titular (caso 711);0
713;439.0;92001.0;telefono;confirma la transferencia realizada y envia el comprobante (caso 712);1
714;3.0;40121.73;whatsapp;acordamos un plan de pagos, muy buena disposicion en el contacto (caso 713);1
715;303.0;38864.08;whatsapp;cliente conforme, promete pagar la cuota completa este mes (caso 714);1
716;68.0;54859.75;visita;no atiende el telefono, el numero figura fuera de servicio (caso 715);0
717;130.0;31674.2;email;sin respuesta a los mensajes, la direccion registrada es incorrecta (caso 716);0
718;353.0;14207.57;telefono;confirma la transferencia realizada y envia el comprobante (caso 717);1
719;380.0;106945.9;email;solicita el saldo exacto para cancelar la deuda esta semana (caso 718);1
720;485.0;19650.61;telefono;sin respuesta a los mensajes, la direccion registrada es incorrecta (caso 719);0
721;251.0;82780.36;visita;no atiende el telefono, el numero figura fuera de servicio (caso 720);0
722;490.0;145381.6;telefono;confirma la transferencia realizada y envia el comprobante (caso 721);1
723;46.0;20580.88;telefono;sin respuesta a los mensajes, la direccion registrada es incorrecta (caso 722);0
724;98.0;27584.86;email;sin respuesta a los mensajes, la direccion registrada es incorrecta (caso 723);0
725;547.0;58712.67;whatsapp;solicita el saldo exacto para cancelar la deuda esta semana (caso 724);1
726;150.0;111799.75;email;solicita el saldo exacto para cancelar la deuda esta semana (caso 725);1
727;192.0;108384.71;whatsapp;confirma la transferencia realizada y envia el comprobante (caso 726);1
728;72.0;137066.61;whatsapp;sin respuesta a los mensajes, la direccion registrada es incorrecta (caso 727);0
729;222.0;25245.29;email;cliente conforme, promete pagar la cuota completa este mes (caso 728);1
730;355.0;31093.31;telefono;solicita el saldo exacto para cancelar la deuda esta semana (caso 729);1
731;123.0;3715.85;visita;atendio un tercero que dice no conocer al titular (caso 730);0
732;572.0;43718.87;visita;no atiende el telefono, el numero figura fuera de servicio (caso 731);0
733;240.0;109969.02;email;no atiende el telefono, el numero figura fuera de servicio (caso 732);0
734;865.0;30321.75;telefono;confirma la transferencia realizada y envia el comprobante (caso 733);1
735;428.0;72376.75;telefono;confirma la transferencia realizada y envia el comprobante (caso 734);1
736;265.0;19634.27;email;sin respuesta a los mensajes, la direccion registrada es incorrecta (caso 735);0
737;354.0;44456.23;telefono;no atiende el telefono, el numero figura fuera de servicio (caso 736);0
738;513.0;126329.62;visita;cliente conforme, promete pagar la cuota completa este mes (caso 737);1
739;230.0;5576.68;visita;no atiende el telefono, el numero figura fuera de servicio (caso 738);0
740;304.0;20107.09;telefono;solicita el saldo exacto para cancelar la deuda esta semana (caso 739);1
741;327.0;93468.05;telefono;acordamos un plan de pagos, muy buena disposicion en el contacto (caso 740);1
742;233.0;108014.96;visita;se niega a pagar y menciona que iniciara un reclamo (caso 741);0
743;620.0;145141.63;telefono;acordamos un plan de pagos, muy buena disposicion en el contacto (caso 742);1
744;202.0;152295.16;visita;atendio un tercero que dice no conocer al titular (caso 743);0
745;425.0;70527.47;visita;atendio un tercero que dice no conocer al titular (caso 744);0
746;85.0;13654.1;email;se niega a pagar y menciona que iniciara un reclamo (caso 745);0
747;89.0;134222.52;email;se niega a pagar y menciona que iniciara un reclamo (caso 746);0
748;254.0;20593.34;telefono;se niega a pagar y menciona que iniciara un reclamo (caso 747);0
749;471.0;119304.15;telefono;se niega a pagar y menciona que iniciara un reclamo (caso 748);0
750;173.0;94213.96;whatsapp;se niega a pagar y menciona que iniciara un reclamo (caso 749);0
751;591.0;15573.03;whatsapp;acordamos un plan de pagos, muy buena disposicion en el contacto (caso 750);1
752;102.0;64354.94;visita;sin respuesta a los mensajes, la direccion registrada es incorrecta (caso 751);0
753;614.0;14818.22;email;se niega a pagar y menciona que iniciara un reclamo (caso 752);0
754;945.0;56056.89;visita;solicita el saldo exacto para cancelar la deuda esta semana (caso 753);1
755;615.0;20008.88;email;atendio un tercero que dice no conocer al titular (caso 754);0
756;125.0;39176.44;visita;se niega a pagar y menciona que iniciara un reclamo (caso 755);0
757;29.0;38447.24;telefono;atendio un tercero que dice no conocer al titular (caso 756);0
758;123.0;62006.57;visita;solicita el saldo exacto para cancelar la deuda esta semana (caso 757);1
759;172.0;51659.92;whatsapp;confirma la transferencia realizada y envia el comprobante (caso 758);1
760;156.0;60696.24;email;acordamos un plan de pagos, muy buena disposicion en el contacto (caso 759);1
761;128.0;25545.61;telefono;cliente conforme, promete pagar la cuota completa este mes (caso 760);1
762;3.0;23586.31;visita;sin respuesta a los mensajes, la direccion registrada es incorrecta (caso 761);0
763;288.0;56077.03;whatsapp;confirma la transferencia realizada y envia el comprobante (caso 762);1
764;391.0;43775.67;email;atendio un tercero que dice no conocer al titular (caso 763);0
765;349.0;86263.45;visita;no atiende el telefono, el numero figura fuera de servicio (caso 764);0
766;258.0;46068.39;telefono;sin respuesta a los mensajes, la direccion registrada es incorrecta (caso 765);0
767;179.0;101522.62;whatsapp;acordamos un plan de pagos, muy buena disposicion en el contacto (caso 766);1
768;42.0;96558.5;email;se niega a pagar y menciona que iniciara un reclamo (caso 767);0
769;291.0;98793.87;email;sin respuesta a los mensajes, la direccion registrada es incorrecta (caso 768);0
770;251.0;41039.07;visita;cliente conforme, promete pagar la cuota completa este mes (caso 769);1
771;547.0;79249.76;visita;se niega a pagar y menciona que iniciara un reclamo (caso 770);0
772;461.0;43500.56;telefono;sin respuesta a los mensajes, la direccion registrada es incorrecta (caso 771);0
773;184.0;30057.24;visita;sin respuesta a los mensajes, la direccion registrada es incorrecta (caso 772);0
774;369.0;18610.05;whatsapp;no atiende el telefono, el numero figura fuera de servicio (caso 773);0
775;123.0;19173.39;visita;se niega a pagar y menciona que iniciara un reclamo (caso 774);0
776;101.0;22373.17;telefono;se niega a pagar y menciona que iniciara un reclamo (caso 775);0
777;105.0;10424.61;telefono;atendio un tercero que dice no conocer al titular (caso 776);0
778;469.0;26702.48;telefono;sin respuesta a los mensajes, la direccion registrada es incorrecta (caso 777);0
779;145.0;74967.17;whatsapp;sin respuesta a los mensajes, la direccion registrada es incorrecta (caso 778);0
780;830.0;32024.96;visita;cliente conforme, promete pagar la cuota completa este mes (caso 779);1
781;246.0;152771.23;telefono;confirma la transferencia realizada y envia el comprobante (caso 780);1
782;434.0;71698.06;visita;confirma la transferencia realizada y envia el comprobante (caso 781);1
783;34.0;77444.41;telefono;no atiende el telefono, el numero figura fuera de servicio (caso 782);0
784;131.0;202379.43;telefono;confirma la transferencia realizada y envia el comprobante (caso 783);1
785;553.0;67088.32;whatsapp;no atiende el telefono, el numero figura fuera de servicio (caso 784);0
786;184.0;78918.96;visita;solicita el saldo exacto para cancelar la deuda esta semana (caso 785);1
787;109.0;59678.15;visita;confirma la transferencia realizada y envia el comprobante (caso 786);1
788;279.0;145140.67;visita;cliente conforme, promete pagar la cuota completa este mes (caso 787);1
789;166.0;63224.02;whatsapp;cliente conforme, promete pagar la cuota completa este mes (caso 788);1
790;458.0;67145.96;telefono;confirma la transferencia realizada y envia el comprobante (caso 789);1
791;57.0;50155.04;telefono;atendio un tercero que dice no conocer al titular (caso 790);0
792;71.0;51536.6;email;sin respuesta a los mensajes, la direccion registrada es incorrecta (caso 791);0
793;378.0;12468.51;email;sin respuesta a los mensajes, la direccion registrada es incorrecta (caso 792);0
794;151.0;55153.95;email;solicita el saldo exacto para cancelar la deuda esta semana (caso 793);1
795;636.0;19093.55;email;acordamos un plan de pagos, muy buena disposicion en el contacto (caso 794);1
796;251.0;106505.44;email;atendio un tercero que dice no conocer al titular (caso 795);0
797;103.0;60330.45;visita;sin respuesta a los mensajes, la direccion registrada es incorrecta (caso 796);0
798;343.0;28989.72;email;solicita el saldo exacto para cancelar la deuda esta semana (caso 797);1
799;517.0;96647.76;email;no atiende el telefono, el numero figura fuera de servicio (caso 798);0
800;315.0;47994.76;telefono;acordamos un plan de pagos, muy buena disposicion en el contacto (caso 799);1
801;102.0;47364.28;whatsapp;cliente conforme, promete pagar la cuota completa este mes (caso 800);1
802;364.0;28081.17;email;acordamos un plan de pagos, muy buena disposicion en el contacto (caso 801);1
803;231.0;68962.46;whatsapp;se niega a pagar y menciona que iniciara un reclamo (caso 802);0
804;123.0;46127.47;whatsapp;atendio un tercero que dice no conocer al titular (caso 803);0
805;227.0;134078.61;whatsapp;cliente conforme, promete pagar la cuota completa este mes (caso 804);1
806;481.0;30090.91;visita;no atiende el telefono, el numero figura fuera de servicio (caso 805);0
807;155.0;36234.51;email;cliente conforme, promete pagar la cuota completa este mes (caso 806);1
808;490.0;29410.72;telefono;solicita el saldo exacto para cancelar la deuda esta semana (caso 807);1
809;204.0;76282.11;visita;sin respuesta a los mensajes, la direccion registrada es incorrecta (caso 808);0
810;137.0;120248.75;telefono;cliente conforme, promete pagar la cuota completa este mes (caso 809);1
811;174.0;45843.04;telefono;sin respuesta a los mensajes, la direccion registrada es incorrecta (caso 810);0
812;409.0;44289.51;visita;cliente conforme, promete pagar la cuota completa este mes (caso 811);1
813;272.0;67738.09;email;se niega a pagar y menciona que iniciara un reclamo (caso 812);0
814;423.0;23060.96;whatsapp;se niega a pagar y menciona que iniciara un reclamo (caso 813);0
815;273.0;5267.12;telefono;solicita el saldo exacto para cancelar la deuda esta semana (caso 814);1
816;451.0;64219.75;visita;sin respuesta a los mensajes, la direccion registrada es incorrecta (caso 815);0
817;159.0;18321.68;telefono;sin respuesta a los mensajes, la direccion registrada es incorrecta (caso 816);0
818;114.0;64751.55;visita;atendio un tercero que dice no conocer al titular (caso 817);0
819;344.0;18576.21;telefono;acordamos un plan de pagos, muy buena disposicion en el contacto (caso 818);1
820;40.0;38510.0;whatsapp;acordamos un plan de pagos, muy buena disposicion en el contacto (caso 819);1
821;1108.0;10778.65;visita;confirma la transferencia realizada y envia el comprobante (caso 820);1
822;156.0;99645.9;visita;se niega a pagar y menciona que iniciara un reclamo (caso 821);0
823;220.0;17784.94;whatsapp;cliente conforme, promete pagar la cuota completa este mes (caso 822);1
824;192.0;73459.5;visita;no atiende el telefono, el numero figura fuera de servicio (caso 823);0
825;29.0;24641.44;whatsapp;se niega a pagar y menciona que iniciara un reclamo (caso 824);0
826;25.0;23828.16;email;se niega a pagar y menciona que iniciara un reclamo (caso 825);0
827;315.0;35715.53;visita;no atiende el telefono, el numero figura fuera de servicio (caso 826);0
828;522.0;7991.56;telefono;se niega a pagar y menciona que iniciara un reclamo (caso 827);0
829;121.0;41258.14;whatsapp;solicita el saldo exacto para cancelar la deuda esta semana (caso 828);1
830;759.0;99530.54;whatsapp;se niega a pagar y menciona que iniciara un reclamo (caso 829);0
831;136.0;122153.59;email;atendio un tercero que dice no conocer al titular (caso 830);0
832;398.0;13892.31;email;atendio un tercero que dice no conocer al titular (caso 831);0
833;20.0;74873.25;visita;confirma la transferencia realizada y envia el comprobante (caso 832);1
834;205.0;27106.53;whatsapp;atendio un tercero que dice no conocer al titular (caso 833);0
835;173.0;181712.88;whatsapp;acordamos un plan de pagos, muy buena disposicion en el contacto (caso 834);1
836;660.0;12417.99;whatsapp;no atiende el telefono, el numero figura fuera de servicio (caso 835);0
837;199.0;14085.21;visita;acordamos un plan de pagos, muy buena disposicion en el contacto (caso 836);1
838;170.0;28654.73;whatsapp;no atiende el telefono, el numero figura fuera de servicio (caso 837);0
839;316.0;46591.0;email;solicita el saldo exacto para cancelar la deuda esta semana (caso 838);1
840;155.0;9995.38;whatsapp;no atiende el telefono, el numero figura fuera de servicio (caso 839);0
841;90.0;59277.76;telefono;no atiende el telefono, el numero figura fuera de servicio (caso 840);0
842;341.0;105679.04;whatsapp;atendio un tercero que dice no conocer al titular (caso 841);0
843;77.0;41394.11;telefono;se niega a pagar y menciona que iniciara un reclamo (caso 842);0
844;333.0;15151.13;telefono;solicita el saldo exacto para cancelar la deuda esta semana (caso 843);1
845;130.0;74879.77;email;acordamos un plan de pagos, muy buena disposicion en el contacto (caso 844);1
846;12.0;56160.93;telefono;no atiende el telefono, el numero figura fuera de servicio (caso 845);0
847;420.0;49275.79;whatsapp;atendio un tercero que dice no conocer al titular (caso 846);0
848;603.0;102534.19;telefono;acordamos un plan de pagos, muy buena disposicion en el contacto (caso 847);1
849;226.0;155691.71;email;acordamos un plan de pagos, muy buena disposicion en el contacto (caso 848);1
850;309.0;23185.11;whatsapp;sin respuesta a los mensajes, la direccion registrada es incorrecta (caso 849);0
851;366.0;56095.13;whatsapp;se niega a pagar y menciona que iniciara un reclamo (caso 850);0
852;331.0;63807.21;email;no atiende el telefono, el numero figura fuera de servicio (caso 851);0
853;773.0;16280.85;email;se niega a pagar y menciona que iniciara un reclamo (caso 852);0
854;417.0;24960.61;email;sin respuesta a los mensajes, la direccion registrada es incorrecta (caso 853);0
855;42.0;29669.51;telefono;cliente conforme, promete pagar la cuota completa este mes (caso 854);1
856;508.0;52793.43;email;se niega a pagar y menciona que iniciara un reclamo (caso 855);0
857;646.0;8342.09;whatsapp;se niega a pagar y menciona que iniciara un reclamo (caso 856);0
858;620.0;69309.41;telefono;atendio un tercero que dice no conocer al titular (caso 857);0
859;130.0;50708.21;visita;se niega a pagar y menciona que iniciara un reclamo (caso 858);0
860;81.0;53399.97;whatsapp;solicita el saldo exacto para cancelar la deuda esta semana (caso 859);1
861;140.0;58161.1;visita;sin respuesta a los mensajes, la direccion registrada es incorrecta (caso 860);0
862;253.0;42716.07;email;no atiende el telefono, el numero figura fuera de servicio (caso 861);0
863;20.0;1294.46;visita;se niega a pagar y menciona que iniciara un reclamo (caso 862);0
864;979.0;19597.34;whatsapp;sin respuesta a los mensajes, la direccion registrada es incorrecta (caso 863);0
865;121.0;27310.65;whatsapp;confirma la transferencia realizada y envia el comprobante (caso 864);1
866;762.0;56711.29;visita;se niega a pagar y menciona que iniciara un reclamo (caso 865);0
867;344.0;28000.01;telefono;se niega a pagar y menciona que iniciara un reclamo (caso 866);0
868;34.0;66399.52;telefono;sin respuesta a los mensajes, la direccion registrada es incorrecta (caso 867);0
869;103.0;56882.54;email;sin respuesta a los mensajes, la direccion registrada es incorrecta (caso 868);0
870;480.0;111077.54;telefono;solicita el saldo exacto para cancelar la deuda esta semana (caso 869);1
871;798.0;75898.99;email;confirma la transferencia realizada y envia el comprobante (caso 870);1
872;83.0;37890.26;email;cliente conforme, promete pagar la cuota completa este mes (caso 871);1
873;153.0;75903.08;whatsapp;sin respuesta a los mensajes, la direccion registrada es incorrecta (caso 872);0
874;181.0;9724.49;whatsapp;sin respuesta a los mensajes, la direccion registrada es incorrecta (caso 873);0
875;73.0;126443.26;email;confirma la transferencia realizada y envia el comprobante (caso 874);1
876;122.0;68190.66;whatsapp;confirma la transferencia realizada y envia el comprobante (caso 875);1
877;75.0;30509.83;whatsapp;no atiende el telefono, el numero figura fuera de servicio (caso 876);0
878;47.0;29692.48;whatsapp;se niega a pagar y menciona que iniciara un reclamo (caso 877);0
879;390.0;29570.37;email;se niega a pagar y menciona que iniciara un reclamo (caso 878);0
880;342.0;120331.09;email;sin respuesta a los mensajes, la direccion registrada es incorrecta (caso 879);0
881;763.0;40519.3;whatsapp;atendio un tercero que dice no conocer al titular (caso 880);0
882;387.0;29421.06;whatsapp;sin respuesta a los mensajes, la direccion registrada es incorrecta (caso 881);0
883;281.0;60055.29;email;atendio un tercero que dice no conocer al titular (caso 882);0
884;161.0;44133.82;telefono;atendio un tercero que dice no conocer al titular (caso 883);0
885;301.0;30220.99;email;acordamos un plan de pagos, muy buena disposicion en el contacto (caso 884);1
886;39.0;136326.31;visita;cliente conforme, promete pagar la cuota completa este mes (caso 885);1
887;92.0;36803.35;visita;cliente conforme, promete pagar la cuota completa este mes (caso 886);1
888;199.0;93042.25;whatsapp;confirma la transferencia realizada y envia el comprobante (caso 887);1
889;91.0;15575.39;whatsapp;atendio un tercero que dice no conocer al titular (caso 888);0
890;1071.0;84678.1;whatsapp;confirma la transferencia realizada y envia el comprobante (caso 889);1
891;63.0;12147.04;visita;se niega a pagar y menciona que iniciara un reclamo (caso 890);0
892;142.0;56685.29;whatsapp;cliente conforme, promete pagar la cuota completa este mes (caso 891);1
893;95.0;52359.1;visita;se niega a pagar y menciona que iniciara un reclamo (caso 892);0
894;616.0;14165.53;visita;se niega a pagar y menciona que iniciara un reclamo (caso 893);0
895;199.0;54189.54;visita;sin respuesta a los mensajes, la direccion registrada es incorrecta (caso 894);0
896;296.0;13351.14;whatsapp;acordamos un plan de pagos, muy buena disposicion en el contacto (caso 895);1
897;69.0;96541.96;telefono;cliente conforme, promete pagar la cuota completa este mes (caso 896);1
898;549.0;86344.68;visita;confirma la transferencia realizada y envia el comprobante (caso 897);1
899;73.0;77016.38;visita;acordamos un plan de pagos, muy buena disposicion en el contacto (caso 898);1
900;467.0;100283.48;telefono;sin respuesta a los mensajes, la direccion registrada es incorrecta (caso 899);0
901;154.0;71492.36;visita;se niega a pagar y menciona que iniciara un reclamo (caso 900);0
902;1358.0;73971.61;telefono;se niega a pagar y menciona que iniciara un reclamo (caso 901);0
903;217.0;68825.21;visita;se niega a pagar y menciona que iniciara un reclamo (caso 902);0
904;427.0;70828.43;telefono;acordamos un plan de pagos, muy buena disposicion en el contacto (caso 903);1
905;182.0;13626.07;email;se niega a pagar y menciona que iniciara un reclamo (caso 904);0
906;522.0;64466.54;visita;atendio un tercero que dice no conocer al titular (caso 905);0
907;632.0;12283.36;visita;se niega a pagar y menciona que iniciara un reclamo (caso 906);0
908;67.0;58153.28;whatsapp;se niega a pagar y menciona que iniciara un reclamo (caso 907);0
909;798.0;64714.14;whatsapp;sin respuesta a los mensajes, la direccion registrada es incorrecta (caso 908);0
910;132.0;86187.27;email;atendio un tercero que dice no conocer al titular (caso 909);0
911;541.0;112056.8;telefono;confirma la transferencia realizada y envia el comprobante (caso 910);1
912;548.0;24176.51;telefono;atendio un tercero que dice no conocer al titular (caso 911);0
913;257.0;36860.16;telefono;atendio un tercero que dice no conocer al titular (caso 912);0
914;250.0;65338.08;visita;se niega a pagar y menciona que iniciara un reclamo (caso 913);0
915;253.0;24228.75;whatsapp;acordamos un plan de pagos, muy buena disposicion en el contacto (caso 914);1
916;184.0;92013.89;telefono;atendio un tercero que dice no conocer al titular (caso 915);0
917;145.0;56102.08;email;sin respuesta a los mensajes, la direccion registrada es incorrecta (caso 916);0
918;145.0;41537.4;visita;sin respuesta a los mensajes, la direccion registrada es incorrecta (caso 917);0
919;176.0;73368.67;visita;se niega a pagar y menciona que iniciara un reclamo (caso 918);0
920;508.0;43915.66;email;atendio un tercero que dice no conocer al titular (caso 919);0
921;254.0;52824.26;email;confirma la transferencia realizada y envia el comprobante (caso 920);1
922;309.0;18222.35;visita;no atiende el telefono, el numero figura fuera de servicio (caso 921);0
923;305.0;66960.24;visita;se niega a pagar y menciona que iniciara un reclamo (caso 922);0
924;192.0;114577.68;email;no atiende el telefono, el numero figura fuera de servicio (caso 923);0
925;418.0;27621.5;email;cliente conforme, promete pagar la cuota completa este mes (caso 924);1
926;272.0;85929.05;email;se niega a pagar y menciona que iniciara un reclamo (caso 925);0
927;23.0;22821.89;email;acordamos un plan de pagos, muy buena disposicion en el contacto (caso 926);1
928;300.0;48642.57;email;confirma la transferencia realizada y envia el comprobante (caso 927);1
929;178.0;43568.17;whatsapp;confirma la transferencia realizada y envia el comprobante (caso 928);1
930;232.0;188883.04;whatsapp;sin respuesta a los mensajes, la direccion registrada es incorrecta (caso 929);0
931;217.0;44644.06;visita;no atiende el telefono, el numero figura fuera de servicio (caso 930);0
932;88.0;91302.08;telefono;atendio un tercero que dice no conocer al titular (caso 931);0
933;96.0;50137.12;email;solicita el saldo exacto para cancelar la deuda esta semana (caso 932);1
934;100.0;48642.44;whatsapp;se niega a pagar y menciona que iniciara un reclamo (caso 933);0
935;575.0;31097.74;email;se niega a pagar y menciona que iniciara un reclamo (caso 934);0
936;667.0;121464.46;whatsapp;atendio un tercero que dice no conocer al titular (caso 935);0
937;344.0;30525.92;email;solicita el saldo exacto para cancelar la deuda esta semana (caso 936);1
938;429.0;59426.2;telefono;atendio un tercero que dice no conocer al titular (caso 937);0
939;416.0;28892.34;whatsapp;solicita el saldo exacto para cancelar la deuda esta semana (caso 938);1
940;68.0;42168.29;telefono;se niega a pagar y menciona que iniciara un reclamo (caso 939);0
941;526.0;164087.6;telefono;no atiende el telefono, el numero figura fuera de servicio (caso 940);0
942;26.0;117994.26;visita;sin respuesta a los mensajes, la direccion registrada es incorrecta (caso 941);0
943;614.0;72767.65;visita;acordamos un plan de pagos, muy buena disposicion en el contacto (caso 942);1
944;500.0;37586.46;telefono;se niega a pagar y menciona que iniciara un reclamo (caso 943);0
945;206.0;226848.95;email;confirma la transferencia realizada y envia el comprobante (caso 944);1
946;375.0;97074.22;telefono;sin respuesta a los mensajes, la direccion registrada es incorrecta (caso 945);0
947;438.0;39069.25;telefono;se niega a pagar y menciona que iniciara un reclamo (caso 946);0
948;510.0;88284.24;whatsapp;atendio un tercero que dice no conocer al titular (caso 947);0
949;69.0;70247.89;email;atendio un tercero que dice no conocer al titular (caso 948);0
950;116.0;50815.44;visita;sin respuesta a los mensajes, la direccion registrada es incorrecta (caso 949);0
951;86.0;22273.1;whatsapp;sin respuesta a los mensajes, la direccion registrada es incorrecta (caso 950);0
952;157.0;17829.41;telefono;sin respuesta a los mensajes, la direccion registrada es incorrecta (caso 951);0
953;217.0;137306.61;telefono;atendio un tercero que dice no conocer al titular (caso 952);0
954;47.0;194111.89;whatsapp;se niega a pagar y menciona que iniciara un reclamo (caso 953);0
955;187.0;5809.59;visita;sin respuesta a los mensajes, la direccion registrada es incorrecta (caso 954);0
956;184.0;25448.63;telefono;sin respuesta a los mensajes, la direccion registrada es incorrecta (caso 955);0
957;227.0;12782.71;whatsapp;cliente conforme, promete pagar la cuota completa este mes (caso 956);1
958;217.0;93753.74;visita;se niega a pagar y menciona que iniciara un reclamo (caso 957);0
959;205.0;54570.37;telefono;atendio un tercero que dice no conocer al titular (caso 958);0
960;164.0;124386.8;email;se niega a pagar y menciona que iniciara un reclamo (caso 959);0
961;533.0;29422.17;email;atendio un tercero que dice no conocer al titular (caso 960);0
962;1.0;33008.81;whatsapp;solicita el saldo exacto para cancelar la deuda esta semana (caso 961);1
963;71.0;32151.62;whatsapp;no atiende el telefono, el numero figura fuera de servicio (caso 962);0
964;248.0;103367.86;visita;se niega a pagar y menciona que iniciara un reclamo (caso 963);0
965;796.0;9870.74;visita;sin respuesta a los mensajes, la direccion registrada es incorrecta (caso 964);0
966;82.0;101634.08;email;atendio un tercero que dice no conocer al titular (caso 965);0
967;259.0;231785.62;email;atendio un tercero que dice no conocer al titular (caso 966);0
968;248.0;67027.64;visita;no atiende el telefono, el numero figura fuera de servicio (caso 967);0
969;701.0;5089.33;telefono;solicita el saldo exacto para cancelar la deuda esta semana (caso 968);1
970;318.0;12012.79;whatsapp;sin respuesta a los mensajes, la direccion registrada es incorrecta (caso 969);0
971;327.0;28387.68;email;confirma la transferencia realizada y envia el comprobante (caso 970);1
972;85.0;59180.18;visita;se niega a pagar y menciona que iniciara un reclamo (caso 971);0
973;221.0;45809.0;visita;no atiende el telefono, el numero figura fuera de servicio (caso 972);0
974;228.0;51073.96;email;atendio un tercero que dice no conocer al titular (caso 973);0
975;153.0;88576.7;visita;atendio un tercero que dice no conocer al titular (caso 974);0
976;41.0;24477.95;visita;no atiende el telefono, el numero figura fuera de servicio (caso 975);0
977;856.0;27091.91;email;se niega a pagar y menciona que iniciara un reclamo (caso 976);0
978;129.0;57274.63;email;cliente conforme, promete pagar la cuota completa este mes (caso 977);1
979;407.0;85760.65;email;atendio un tercero que dice no conocer al titular (caso 978);0
980;36.0;25463.8;whatsapp;atendio un tercero que dice no conocer al titular (caso 979);0
981;5.0;23534.95;email;atendio un tercero que dice no conocer al titular (caso 980);0
982;190.0;39551.19;whatsapp;cliente conforme, promete pagar la cuota completa este mes (caso 981);1
983;82.0;110869.74;email;sin respuesta a los mensajes, la direccion registrada es incorrecta (caso 982);0
984;288.0;68834.85;whatsapp;atendio un tercero que dice no conocer al titular (caso 983);0
985;388.0;92449.41;email;acordamos un plan de pagos, muy buena disposicion en el contacto (caso 984);1
986;173.0;95271.26;email;cliente conforme, promete pagar la cuota completa este mes (caso 985);1
987;249.0;46319.21;telefono;solicita el saldo exacto para cancelar la deuda esta semana (caso 986);1
988;596.0;40640.32;visita;confirma la transferencia realizada y envia el comprobante (caso 987);1
989;455.0;32948.85;visita;acordamos un plan de pagos, muy buena disposicion en el contacto (caso 988);1
990;148.0;14750.24;email;se niega a pagar y menciona que iniciara un reclamo (caso 989);0
991;126.0;161550.3;email;solicita el saldo exacto para cancelar la deuda esta semana (caso 990);1
992;268.0;4276.36;telefono;no atiende el telefono, el numero figura fuera de servicio (caso 991);0
993;220.0;21143.26;visita;sin respuesta a los mensajes, la direccion registrada es incorrecta (caso 992);0
994;57.0;47085.57;whatsapp;acordamos un plan de pagos, muy buena disposicion en el contacto (caso 993);1
995;144.0;57665.52;email;no atiende el telefono, el numero figura fuera de servicio (caso 994);0
996;285.0;54445.12;whatsapp;no atiende el telefono, el numero figura fuera de servicio (caso 995);0
997;415.0;71953.43;email;no atiende el telefono, el numero figura fuera de servicio (caso 996);0
998;927.0;8253.25;visita;se niega a pagar y menciona que iniciara un reclamo (caso 997);0
999;210.0;94383.83;email;confirma la transferencia realizada y envia el comprobante (caso 998);1
1000;438.0;18647.69;telefono;cliente conforme, promete pagar la cuota completa este mes (caso 999);1
1001;504.0;115632.22;email;acordamos un plan de pagos, muy buena disposicion en el contacto (caso 1000);1
1002;223.0;66024.16;telefono;acordamos un plan de pagos, muy buena disposicion en el contacto (caso 1001);1
1003;95.0;61927.17;telefono;cliente conforme, promete pagar la cuota completa este mes (caso 1002);1
1004;136.0;156217.98;email;sin respuesta a los mensajes, la direccion registrada es incorrecta (caso 1003);0
1005;176.0;84510.05;whatsapp;sin respuesta a los mensajes, la direccion registrada es incorrecta (caso 1004);0
1006;35.0;27041.8;whatsapp;confirma la transferencia realizada y envia el comprobante (caso 1005);1
1007;45.0;7108.1;email;acordamos un plan de pagos, muy buena disposicion en el contacto (caso 1006);1
1008;268.0;157123.78;visita;atendio un tercero que dice no conocer al titular (caso 1007);0
1009;26.0;45664.99;email;se niega a pagar y menciona que iniciara un reclamo (caso 1008);0
1010;532.0;64249.07;visita;no atiende el telefono, el numero figura fuera de servicio (caso 1009);0
1011;292.0;40853.01;whatsapp;cliente conforme, promete pagar la cuota completa este mes (caso 1010);1
1012;296.0;61910.5;email;se niega a pagar y menciona que iniciara un reclamo (caso 1011);0
1013;460.0;12894.67;email;sin respuesta a los mensajes, la direccion registrada es incorrecta (caso 1012);0
1014;96.0;95627.99;visita;no atiende el telefono, el numero figura fuera de servicio (caso 1013);0
1015;203.0;148772.61;visita;no atiende el telefono, el numero figura fuera de servicio (caso 1014);0
1016;139.0;15112.81;whatsapp;sin respuesta a los mensajes, la direccion registrada es incorrecta (caso 1015);0
1017;224.0;63406.88;telefono;solicita el saldo exacto para cancelar la deuda esta semana (caso 1016);1
1018;276.0;165351.29;whatsapp;solicita el saldo exacto para cancelar la deuda esta semana (caso 1017);1
1019;18.0;89356.91;email;no atiende el telefono, el numero figura fuera de servicio (caso 1018);0
1020;233.0;23480.0;email;sin respuesta a los mensajes, la direccion registrada es incorrecta (caso 1019);0
1021;510.0;51273.97;visita;solicita el saldo exacto para cancelar la deuda esta semana (caso 1020);1
1022;191.0;40655.33;email;se niega a pagar y menciona que iniciara un reclamo (caso 1021);0
1023;200.0;69319.52;visita;no atiende el telefono, el numero figura fuera de servicio (caso 1022);0
1024;41.0;41808.63;email;confirma la transferencia realizada y envia el comprobante (caso 1023);1
1025;100.0;201431.88;visita;atendio un tercero que dice no conocer al titular (caso 1024);0
1026;532.0;246554.17;whatsapp;sin respuesta a los mensajes, la direccion registrada es incorrecta (caso 1025);0
1027;212.0;62500.8;email;acordamos un plan de pagos, muy buena disposicion en el contacto (caso 1026);1
1028;212.0;13294.96;visita;sin respuesta a los mensajes, la direccion registrada es incorrecta (caso 1027);0
1029;76.0;49853.5;whatsapp;solicita el saldo exacto para cancelar la deuda esta semana (caso 1028);1
1030;580.0;37889.33;visita;no atiende el telefono, el numero figura fuera de servicio (caso 1029);0
1031;88.0;18316.94;visita;atendio un tercero que dice no conocer al titular (caso 1030);0
1032;106.0;40899.79;whatsapp;atendio un tercero que dice no conocer al titular (caso 1031);0
1033;102.0;35051.29;email;no atiende el telefono, el numero figura fuera de servicio (caso 1032);0
1034;233.0;17466.16;email;confirma la transferencia realizada y envia el comprobante (caso 1033);1
1035;1237.0;90852.15;email;sin respuesta a los mensajes, la direccion registrada es incorrecta (caso 1034);0
1036;365.0;24419.98;email;no atiende el telefono, el numero figura fuera de servicio (caso 1035);0
1037;94.0;241169.08;visita;atendio un tercero que dice no conocer al titular (caso 1036);0
1038;273.0;37528.41;visita;se niega a pagar y menciona que iniciara un reclamo (caso 1037);0
1039;126.0;56303.51;telefono;confirma la transferencia realizada y envia el comprobante (caso 1038);1
1040;93.0;162963.41;telefono;confirma la transferencia realizada y envia el comprobante (caso 1039);1
1041;719.0;37959.46;email;se niega a pagar y menciona que iniciara un reclamo (caso 1040);0
1042;564.0;7738.41;visita;se niega a pagar y menciona que iniciara un reclamo (caso 1041);0
1043;115.0;25790.46;telefono;sin respuesta a los mensajes, la direccion registrada es incorrecta (caso 1042);0
1044;40.0;37393.98;whatsapp;se niega a pagar y menciona que iniciara un reclamo (caso 1043);0
1045;803.0;54287.41;email;no atiende el telefono, el numero figura fuera de servicio (caso 1044);0
1046;834.0;83396.76;visita;no atiende el telefono, el numero figura fuera de servicio (caso 1045);0
1047;205.0;22177.26;whatsapp;solicita el saldo exacto para cancelar la deuda esta semana (caso 1046);1
1048;73.0;15479.9;visita;atendio un tercero que dice no conocer al titular (caso 1047);0
1049;507.0;58465.6;visita;no atiende el telefono, el numero figura fuera de servicio (caso 1048);0
1050;306.0;76691.74;email;no atiende el telefono, el numero figura fuera de servicio (caso 1049);0
1051;390.0;22636.99;telefono;no atiende el telefono, el numero figura fuera de servicio (caso 1050);0
1052;73.0;25872.69;visita;acordamos un plan de pagos, muy buena disposicion en el contacto (caso 1051);1
1053;747.0;20803.51;email;sin respuesta a los mensajes, la direccion registrada es incorrecta (caso 1052);0
1054;467.0;53397.78;whatsapp;atendio un tercero que dice no conocer al titular (caso 1053);0
1055;82.0;32356.46;visita;no atiende el telefono, el numero figura fuera de servicio (caso 1054);0
1056;390.0;29148.62;email;se niega a pagar y menciona que iniciara un reclamo (caso 1055);0
1057;1540.0;28268.74;telefono;se niega a pagar y menciona que iniciara un reclamo (caso 1056);0
1058;668.0;24466.8;visita;sin respuesta a los mensajes, la direccion registrada es incorrecta (caso 1057);0
1059;134.0;65948.26;whatsapp;acordamos un plan de pagos, muy buena disposicion en el contacto (caso 1058);1
1060;245.0;115656.54;email;sin respuesta a los mensajes, la direccion registrada es incorrecta (caso 1059);0
1061;8.0;36576.04;email;sin respuesta a los mensajes, la direccion registrada es incorrecta (caso 1060);0
1062;401.0;14149.52;visita;acordamos un plan de pagos, muy buena disposicion en el contacto (caso 1061);1
1063;30.0;33710.44;email;acordamos un plan de pagos, muy buena disposicion en el contacto (caso 1062);1
1064;152.0;88218.99;visita;atendio un tercero que dice no conocer al titular (caso 1063);0
1065;48.0;32604.24;visita;atendio un tercero que dice no conocer al titular (caso 1064);0
1066;305.0;53593.34;visita;se niega a pagar y menciona que iniciara un reclamo (caso 1065);0
1067;476.0;32863.65;email;sin respuesta a los mensajes, la direccion registrada es incorrecta (caso 1066);0
1068;217.0;63223.39;telefono;atendio un tercero que dice no conocer al titular (caso 1067);0
1069;66.0;77957.73;visita;atendio un tercero que dice no conocer al titular (caso 1068);0
1070;160.0;38857.9;visita;atendio un tercero que dice no conocer al titular (caso 1069);0
1071;242.0;51844.83;email;confirma la transferencia realizada y envia el comprobante (caso 1070);1
1072;244.0;38260.77;email;sin respuesta a los mensajes, la direccion registrada es incorrecta (caso 1071);0
1073;161.0;91765.6;visita;atendio un tercero que dice no conocer al titular (caso 1072);0
1074;654.0;25769.38;whatsapp;atendio un tercero que dice no conocer al titular (caso 1073);0
1075;468.0;35309.95;visita;atendio un tercero que dice no conocer al titular (caso 1074);0
1076;78.0;48206.55;whatsapp;solicita el saldo exacto para cancelar la deuda esta semana (caso 1075);1
1077;33.0;99018.5;telefono;sin respuesta a los mensajes, la direccion registrada es incorrecta (caso 1076);0
1078;158.0;47841.16;telefono;no atiende el telefono, el numero figura fuera de servicio (caso 1077);0
1079;613.0;100330.3;visita;se niega a pagar y menciona que iniciara un reclamo (caso 1078);0
1080;312.0;77597.76;whatsapp;no atiende el telefono, el numero figura fuera de servicio (caso 1079);0
1081;501.0;42147.34;email;confirma la transferencia realizada y envia el comprobante (caso 1080);1
1082;129.0;109617.18;telefono;no atiende el telefono, el numero figura fuera de servicio (caso 1081);0
1083;312.0;14805.17;email;acordamos un plan de pagos, muy buena disposicion en el contacto (caso 1082);1
1084;242.0;85498.76;visita;no atiende el telefono, el numero figura fuera de servicio (caso 1083);0
1085;126.0;115785.05;visita;no atiende el telefono, el numero figura fuera de servicio (caso 1084);0
1086;45.0;138709.58;email;confirma la transferencia realizada y envia el comprobante (caso 1085);1
1087;151.0;82005.53;visita;atendio un tercero que dice no conocer al titular (caso 1086);0
1088;120.0;44646.82;whatsapp;solicita el saldo exacto para cancelar la deuda esta semana (caso 1087);1
1089;159.0;16223.37;email;atendio un tercero que dice no conocer al titular (caso 1088);0
1090;181.0;16630.41;whatsapp;solicita el saldo exacto para cancelar la deuda esta semana (caso 1089);1
1091;584.0;74815.66;whatsapp;solicita el saldo exacto para cancelar la deuda esta semana (caso 1090);1
1092;837.0;56762.22;telefono;sin respuesta a los mensajes, la direccion registrada es incorrecta (caso 1091);0
1093;109.0;3904.3;telefono;se niega a pagar y menciona que iniciara un reclamo (caso 1092);0
1094;616.0;138960.36;whatsapp;se niega a pagar y menciona que iniciara un reclamo (caso 1093);0
1095;485.0;82663.73;visita;cliente conforme, promete pagar la cuota completa este mes (caso 1094);1
1096;278.0;23017.91;telefono;atendio un tercero que dice no conocer al titular (caso 1095);0
1097;127.0;38035.9;whatsapp;no atiende el telefono, el numero figura fuera de servicio (caso 1096);0
1098;151.0;122005.79;visita;se niega a pagar y menciona que iniciara un reclamo (caso 1097);0
1099;32.0;66044.67;telefono;confirma la transferencia realizada y envia el comprobante (caso 1098);1
1100;335.0;39161.96;whatsapp;solicita el saldo exacto para cancelar la deuda esta semana (caso 1099);1
1101;266.0;21041.67;telefono;se niega a pagar y menciona que iniciara un reclamo (caso 1100);0
1102;204.0;26476.36;whatsapp;atendio un tercero que dice no conocer al titular (caso 1101);0
1103;277.0;18890.64;visita;se niega a pagar y menciona que iniciara un reclamo (caso 1102);0
1104;93.0;68021.51;visita;atendio un tercero que dice no conocer al titular (caso 1103);0
1105;428.0;52387.82;email;solicita el saldo exacto para cancelar la deuda esta semana (caso 1104);1
1106;87.0;167452.91;visita;se niega a pagar y menciona que iniciara un reclamo (caso 1105);0
1107;120.0;28708.53;telefono;no atiende el telefono, el numero figura fuera de servicio (caso 1106);0
1108;3.0;52331.31;telefono;no atiende el telefono, el numero figura fuera de servicio (caso 1107);0
1109;165.0;58101.92;visita;se niega a pagar y menciona que iniciara un reclamo (caso 1108);0
1110;710.0;71157.0;email;no atiende el telefono, el numero figura fuera de servicio (caso 1109);0
1111;197.0;57937.31;telefono;solicita el saldo exacto para cancelar la deuda esta semana (caso 1110);1
1112;1605.0;10547.95;visita;no atiende el telefono, el numero figura fuera de servicio (caso 1111);0
1113;28.0;139914.71;telefono;sin respuesta a los mensajes, la direccion registrada es incorrecta (caso 1112);0
1114;114.0;109046.24;whatsapp;sin respuesta a los mensajes, la direccion registrada es incorrecta (caso 1113);0
1115;635.0;20096.23;telefono;acordamos un plan de pagos, muy buena disposicion en el contacto (caso 1114);1
1116;68.0;65778.51;telefono;sin respuesta a los mensajes, la direccion registrada es incorrecta (caso 1115);0
1117;125.0;37992.35;whatsapp;cliente conforme, promete pagar la cuota completa este mes (caso 1116);1
1118;289.0;126794.34;telefono;confirma la transferencia realizada y envia el comprobante (caso 1117);1
1119;131.0;51703.1;telefono;cliente conforme, promete pagar la cuota completa este mes (caso 1118);1
1120;194.0;49289.63;email;acordamos un plan de pagos, muy buena disposicion en el contacto (caso 1119);1
1121;103.0;7630.16;telefono;acordamos un plan de pagos, muy buena disposicion en el contacto (caso 1120);1
1122;842.0;9605.69;email;confirma la transferencia realizada y envia el comprobante (caso 1121);1
1123;223.0;76901.79;telefono;confirma la transferencia realizada y envia el comprobante (caso 1122);1
1124;526.0;24599.5;visita;atendio un tercero que dice no conocer al titular (caso 1123);0
1125;523.0;31730.18;whatsapp;se niega a pagar y menciona que iniciara un reclamo (caso 1124);0
1126;495.0;46193.49;email;atendio un tercero que dice no conocer al titular (caso 1125);0
1127;340.0;182144.4;visita;confirma la transferencia realizada y envia el comprobante (caso 1126);1
1128;219.0;89876.94;telefono;atendio un tercero que dice no conocer al titular (caso 1127);0
1129;26.0;26881.96;email;atendio un tercero que dice no conocer al titular (caso 1128);0
1130;307.0;21781.73;telefono;confirma la transferencia realizada y envia el comprobante (caso 1129);1
1131;147.0;45419.95;telefono;atendio un tercero que dice no conocer al titular (caso 1130);0
1132;193.0;24924.33;telefono;sin respuesta a los mensajes, la direccion registrada es incorrecta (caso 1131);0
1133;680.0;111313.3;visita;acordamos un plan de pagos, muy buena disposicion en el contacto (caso 1132);1
1134;243.0;69072.37;whatsapp;solicita el saldo exacto para cancelar la deuda esta semana (caso 1133);1
1135;926.0;20086.52;telefono;se niega a pagar y menciona que iniciara un reclamo (caso 1134);0
1136;189.0;48280.95;email;solicita el saldo exacto para cancelar la deuda esta semana (caso 1135);1
1137;384.0;78962.88;email;se niega a pagar y menciona que iniciara un reclamo (caso 1136);0
1138;211.0;30942.92;visita;se niega a pagar y menciona que iniciara un reclamo (caso 1137);0
1139;62.0;56619.26;visita;acordamos un plan de pagos, muy buena disposicion en el contacto (caso 1138);1
1140;212.0;137246.17;whatsapp;atendio un tercero que dice no conocer al titular (caso 1139);0
1141;59.0;17646.04;whatsapp;se niega a pagar y menciona que iniciara un reclamo (caso 1140);0
1142;162.0;22509.0;email;no atiende el telefono, el numero figura fuera de servicio (caso 1141);0
1143;113.0;84947.19;telefono;sin respuesta a los mensajes, la direccion registrada es incorrecta (caso 1142);0
1144;1398.0;40672.16;whatsapp;sin respuesta a los mensajes, la direccion registrada es incorrecta (caso 1143);0
1145;59.0;127649.74;whatsapp;no atiende el telefono, el numero figura fuera de servicio (caso 1144);0
1146;88.0;97483.08;whatsapp;se niega a pagar y menciona que iniciara un reclamo (caso 1145);0
1147;156.0;25775.07;whatsapp;no atiende el telefono, el numero figura fuera de servicio (caso 1146);0
1148;304.0;9418.2;telefono;no atiende el telefono, el numero figura fuera de servicio (caso 1147);0
1149;55.0;112637.55;visita;atendio un tercero que dice no conocer al titular (caso 1148);0
1150;525.0;19101.27;visita;sin respuesta a los mensajes, la direccion registrada es incorrecta (caso 1149);0
1151;586.0;14563.36;whatsapp;solicita el saldo exacto para cancelar la deuda esta semana (caso 1150);1
1152;298.0;35013.21;email;atendio un tercero que dice no conocer al titular (caso 1151);0
1153;231.0;180128.29;telefono;no atiende el telefono, el numero figura fuera de servicio (caso 1152);0
1154;317.0;60527.88;telefono;confirma la transferencia realizada y envia el comprobante (caso 1153);1
1155;183.0;55466.82;telefono;se niega a pagar y menciona que iniciara un reclamo (caso 1154);0
1156;135.0;32894.47;telefono;confirma la transferencia realizada y envia el comprobante (caso 1155);1
1157;214.0;56581.48;telefono;confirma la transferencia realizada y envia el comprobante (caso 1156);1
1158;298.0;83558.47;whatsapp;no atiende el telefono, el numero figura fuera de servicio (caso 1157);0
1159;277.0;63855.89;visita;confirma la transferencia realizada y envia el comprobante (caso 1158);1
1160;119.0;91470.9;whatsapp;se niega a pagar y menciona que iniciara un reclamo (caso 1159);0
1161;254.0;18135.69;telefono;cliente conforme, promete pagar la cuota completa este mes (caso 1160);1
1162;349.0;23029.96;telefono;sin respuesta a los mensajes, la direccion registrada es incorrecta (caso 1161);0
1163;163.0;115077.52;whatsapp;confirma la transferencia realizada y envia el comprobante (caso 1162);1
1164;213.0;39387.19;telefono;solicita el saldo exacto para cancelar la deuda esta semana (caso 1163);1
1165;438.0;107721.1;whatsapp;no atiende el telefono, el numero figura fuera de servicio (caso 1164);0
1166;343.0;51110.14;visita;atendio un tercero que dice no conocer al titular (caso 1165);0
1167;24.0;9327.45;email;sin respuesta a los mensajes, la direccion registrada es incorrecta (caso 1166);0
1168;616.0;19544.77;whatsapp;acordamos un plan de pagos, muy buena disposicion en el contacto (caso 1167);1
1169;68.0;75845.1;telefono;se niega a pagar y menciona que iniciara un reclamo (caso 1168);0
1170;359.0;101693.99;telefono;no atiende el telefono, el numero figura fuera de servicio (caso 1169);0
1171;47.0;125691.78;whatsapp;confirma la transferencia realizada y envia el comprobante (caso 1170);1
1172;189.0;28244.93;email;cliente conforme, promete pagar la cuota completa este mes (caso 1171);1
1173;222.0;95647.72;email;solicita el saldo exacto para cancelar la deuda esta semana (caso 1172);1
1174;211.0;36811.03;visita;atendio un tercero que dice no conocer al titular (caso 1173);0
1175;199.0;27488.87;telefono;se niega a pagar y menciona que iniciara un reclamo (caso 1174);0
1176;437.0;41524.55;whatsapp;se niega a pagar y menciona que iniciara un reclamo (caso 1175);0
1177;524.0;92250.55;email;sin respuesta a los mensajes, la direccion registrada es incorrecta (caso 1176);0
1178;31.0;73415.84;email;atendio un tercero que dice no conocer al titular (caso 1177);0
1179;122.0;64132.44;telefono;sin respuesta a los mensajes, la direccion registrada es incorrecta (caso 1178);0
1180;462.0;45048.46;email;sin respuesta a los mensajes, la direccion registrada es incorrecta (caso 1179);0
1181;417.0;38635.93;email;se niega a pagar y menciona que iniciara un reclamo (caso 1180);0
1182;51.0;71929.79;visita;sin respuesta a los mensajes, la direccion registrada es incorrecta (caso 1181);0
1183;277.0;21539.46;whatsapp;no atiende el telefono, el numero figura fuera de servicio (caso 1182);0
1184;377.0;97242.63;visita;se niega a pagar y menciona que iniciara un reclamo (caso 1183);0
1185;143.0;16794.62;email;atendio un tercero que dice no conocer al titular (caso 1184);0
1186;385.0;68522.69;visita;acordamos un plan de pagos, muy buena disposicion en el contacto (caso 1185);1
1187;654.0;13519.59;whatsapp;solicita el saldo exacto para cancelar la deuda esta semana (caso 1186);1
1188;74.0;74795.79;email;atendio un tercero que dice no conocer al titular (caso 1187);0
1189;137.0;36864.66;telefono;cliente conforme, promete pagar la cuota completa este mes (caso 1188);1
1190;102.0;37137.52;whatsapp;atendio un tercero que dice no conocer al titular (caso 1189);0
1191;297.0;29717.72;whatsapp;sin respuesta a los mensajes, la direccion registrada es incorrecta (caso 1190);0
1192;132.0;155442.76;email;no atiende el telefono, el numero figura fuera de servicio (caso 1191);0
1193;230.0;20067.64;whatsapp;solicita el saldo exacto para cancelar la deuda esta semana (caso 1192);1
1194;141.0;100143.3;telefono;cliente conforme, promete pagar la cuota completa este mes (caso 1193);1
1195;128.0;38520.01;email;cliente conforme, promete pagar la cuota completa este mes (caso 1194);1
1196;122.0;66182.4;visita;se niega a pagar y menciona que iniciara un reclamo (caso 1195);0
1197;173.0;99002.58;telefono;se niega a pagar y menciona que iniciara un reclamo (caso 1196);0
1198;101.0;60110.77;visita;se niega a pagar y menciona que iniciara un reclamo (caso 1197);0
1199;444.0;30316.3;visita;se niega a pagar y menciona que iniciara un reclamo (caso 1198);0
1200;198.0;48694.58;email;solicita el saldo exacto para cancelar la deuda esta semana (caso 1199);1
1201;364.0;162320.07;telefono;no atiende el telefono, el numero figura fuera de servicio (caso 1200);0
1202;84.0;58185.65;visita;atendio un tercero que dice no conocer al titular (caso 1201);0
1203;459.0;31947.9;whatsapp;acordamos un plan de pagos, muy buena disposicion en el contacto (caso 1202);1
1204;44.0;27642.11;visita;sin respuesta a los mensajes, la direccion registrada es incorrecta (caso 1203);0
1205;288.0;81463.93;whatsapp;sin respuesta a los mensajes, la direccion registrada es incorrecta (caso 1204);0
1206;452.0;114208.62;email;sin respuesta a los mensajes, la direccion registrada es incorrecta (caso 1205);0
1207;80.0;116509.76;telefono;cliente conforme, promete pagar la cuota completa este mes (caso 1206);1
1208;311.0;62186.89;visita;atendio un tercero que dice no conocer al titular (caso 1207);0
1209;226.0;26809.64;whatsapp;confirma la transferencia realizada y envia el comprobante (caso 1208);1
1210;215.0;184950.95;telefono;atendio un tercero que dice no conocer al titular (caso 1209);0
1211;79.0;45148.04;email;sin respuesta a los mensajes, la direccion registrada es incorrecta (caso 1210);0
1212;369.0;93120.53;email;sin respuesta a los mensajes, la direccion registrada es incorrecta (caso 1211);0
1213;462.0;38228.91;whatsapp;atendio un tercero que dice no conocer al titular (caso 1212);0
1214;586.0;21258.47;telefono;sin respuesta a los mensajes, la direccion registrada es incorrecta (caso 1213);0
1215;18.0;55451.53;visita;atendio un tercero que dice no conocer al titular (caso 1214);0
1216;353.0;24419.46;telefono;solicita el saldo exacto para cancelar la deuda esta semana (caso 1215);1
1217;2.0;84401.12;telefono;atendio un tercero que dice no conocer al titular (caso 1216);0
1218;217.0;45707.0;telefono;no atiende el telefono, el numero figura fuera de servicio (caso 1217);0
1219;82.0;38306.09;visita;atendio un tercero que dice no conocer al titular (caso 1218);0
1220;470.0;9209.89;telefono;no atiende el telefono, el numero figura fuera de servicio (caso 1219);0
1221;152.0;51953.5;whatsapp;cliente conforme, promete pagar la cuota completa este mes (caso 1220);1
1222;388.0;46658.43;telefono;no atiende el telefono, el numero figura fuera de servicio (caso 1221);0
1223;332.0;41597.0;email;se niega a pagar y menciona que iniciara un reclamo (caso 1222);0
1224;454.0;38316.35;email;no atiende el telefono, el numero figura fuera de servicio (caso 1223);0
1225;46.0;67791.6;whatsapp;sin respuesta a los mensajes, la direccion registrada es incorrecta (caso 1224);0
1226;1031.0;77152.89;whatsapp;se niega a pagar y menciona que iniciara un reclamo (caso 1225);0
1227;92.0;39796.55;telefono;solicita el saldo exacto para cancelar la deuda esta semana (caso 1226);1
1228;361.0;12593.57;whatsapp;no atiende el telefono, el numero figura fuera de servicio (caso 1227);0
1229;10.0;65608.24;visita;acordamos un plan de pagos, muy buena disposicion en el contacto (caso 1228);1
1230;200.0;28382.76;email;se niega a pagar y menciona que iniciara un reclamo (caso 1229);0
1231;332.0;29477.35;email;atendio un tercero que dice no conocer al titular (caso 1230);0
1232;157.0;21131.84;email;sin respuesta a los mensajes, la direccion registrada es incorrecta (caso 1231);0
1233;24.0;16902.77;email;solicita el saldo exacto para cancelar la deuda esta semana (caso 1232);1
1234;46.0;32918.98;email;acordamos un plan de pagos, muy buena disposicion en el contacto (caso 1233);1
1235;852.0;58430.66;visita;sin respuesta a los mensajes, la direccion registrada es incorrecta (caso 1234);0
1236;68.0;77842.86;whatsapp;solicita el saldo exacto para cancelar la deuda esta semana (caso 1235);1
1237;992.0;111513.02;whatsapp;acordamos un plan de pagos, muy buena disposicion en el contacto (caso 1236);1
1238;169.0;49491.9;telefono;solicita el saldo exacto para cancelar la deuda esta semana (caso 1237);1
1239;22.0;45223.43;telefono;acordamos un plan de pagos, muy buena disposicion en el contacto (caso 1238);1
1240;475.0;29139.85;visita;acordamos un plan de pagos, muy buena disposicion en el contacto (caso 1239);1
1241;211.0;39955.22;email;no atiende el telefono, el numero figura fuera de servicio (caso 1240);0
1242;403.0;42616.35;email;atendio un tercero que dice no conocer al titular (caso 1241);0
1243;256.0;165188.1;telefono;atendio un tercero que dice no conocer al titular (caso 1242);0
1244;222.0;25591.4;visita;no atiende el telefono, el numero figura fuera de servicio (caso 1243);0
1245;178.0;16841.73;telefono;acordamos un plan de pagos, muy buena disposicion en el contacto (caso 1244);1
1246;217.0;98764.4;telefono;acordamos un plan de pagos, muy buena disposicion en el contacto (caso 1245);1
1247;92.0;56660.88;email;confirma la transferencia realizada y envia el comprobante (caso 1246);1
1248;145.0;64755.75;email;acordamos un plan de pagos, muy buena disposicion en el contacto (caso 1247);1
1249;510.0;142471.85;email;no atiende el telefono, el numero figura fuera de servicio (caso 1248);0
1250;131.0;26546.13;telefono;se niega a pagar y menciona que iniciara un reclamo (caso 1249);0
1251;284.0;45889.24;email;se niega a pagar y menciona que iniciara un reclamo (caso 1250);0
1252;229.0;63897.56;whatsapp;atendio un tercero que dice no conocer al titular (caso 1251);0
1253;253.0;128561.13;email;atendio un tercero que dice no conocer al titular (caso 1252);0
1254;254.0;22952.72;whatsapp;no atiende el telefono, el numero figura fuera de servicio (caso 1253);0
1255;120.0;39795.1;telefono;acordamos un plan de pagos, muy buena disposicion en el contacto (caso 1254);1
1256;368.0;66846.91;email;atendio un tercero que dice no conocer al titular (caso 1255);0
1257;326.0;45845.18;email;solicita el saldo exacto para cancelar la deuda esta semana (caso 1256);1
1258;67.0;18591.64;visita;no atiende el telefono, el numero figura fuera de servicio (caso 1257);0
1259;74.0;29512.57;visita;atendio un tercero que dice no conocer al titular (caso 1258);0
1260;501.0;38535.59;telefono;sin respuesta a los mensajes, la direccion registrada es incorrecta (caso 1259);0
1261;461.0;37132.62;whatsapp;sin respuesta a los mensajes, la direccion registrada es incorrecta (caso 1260);0
1262;363.0;90582.15;telefono;atendio un tercero que dice no conocer al titular (caso 1261);0
1263;794.0;66504.91;email;acordamos un plan de pagos, muy buena disposicion en el contacto (caso 1262);1
1264;237.0;76993.71;email;atendio un tercero que dice no conocer al titular (caso 1263);0
1265;31.0;37284.31;visita;no atiende el telefono, el numero figura fuera de servicio (caso 1264);0
1266;197.0;20582.58;email;no atiende el telefono, el numero figura fuera de servicio (caso 1265);0
1267;944.0;44932.44;telefono;se niega a pagar y menciona que iniciara un reclamo (caso 1266);0
1268;381.0;67348.37;email;cliente conforme, promete pagar la cuota completa este mes (caso 1267);1
1269;764.0;80732.5;telefono;confirma la transferencia realizada y envia el comprobante (caso 1268);1
1270;17.0;27813.29;telefono;atendio un tercero que dice no conocer al titular (caso 1269);0
1271;587.0;50955.86;whatsapp;sin respuesta a los mensajes, la direccion registrada es incorrecta (caso 1270);0
1272;227.0;125450.46;visita;solicita el saldo exacto para cancelar la deuda esta semana (caso 1271);1
1273;366.0;11443.05;whatsapp;acordamos un plan de pagos, muy buena disposicion en el contacto (caso 1272);1
1274;832.0;95197.2;visita;sin respuesta a los mensajes, la direccion registrada es incorrecta (caso 1273);0
1275;19.0;123292.64;whatsapp;atendio un tercero que dice no conocer al titular (caso 1274);0
1276;123.0;23682.49;visita;no atiende el telefono, el numero figura fuera de servicio (caso 1275);0
1277;620.0;21682.8;telefono;atendio un tercero que dice no conocer al titular (caso 1276);0
1278;540.0;62130.5;whatsapp;cliente conforme, promete pagar la cuota completa este mes (caso 1277);1
1279;708.0;44242.58;whatsapp;se niega a pagar y menciona que iniciara un reclamo (caso 1278);0
1280;490.0;76522.83;telefono;acordamos un plan de pagos, muy buena disposicion en el contacto (caso 1279);1
1281;286.0;84642.01;visita;solicita el saldo exacto para cancelar la deuda esta semana (caso 1280);1
1282;346.0;34510.55;telefono;se niega a pagar y menciona que iniciara un reclamo (caso 1281);0
1283;168.0;77206.84;visita;se niega a pagar y menciona que iniciara un reclamo (caso 1282);0
1284;428.0;13504.97;whatsapp;solicita el saldo exacto para cancelar la deuda esta semana (caso 1283);1
1285;106.0;32150.28;whatsapp;se niega a pagar y menciona que iniciara un reclamo (caso 1284);0
1286;564.0;36977.54;email;se niega a pagar y menciona que iniciara un reclamo (caso 1285);0
1287;140.0;80460.04;telefono;se niega a pagar y menciona que iniciara un reclamo (caso 1286);0
1288;504.0;42814.22;email;no atiende el telefono, el numero figura fuera de servicio (caso 1287);0
1289;580.0;166508.18;email;cliente conforme, promete pagar la cuota completa este mes (caso 1288);1
1290;117.0;76395.22;email;se niega a pagar y menciona que iniciara un reclamo (caso 1289);0
1291;218.0;33898.38;whatsapp;cliente conforme, promete pagar la cuota completa este mes (caso 1290);1
1292;93.0;51186.17;whatsapp;se niega a pagar y menciona que iniciara un reclamo (caso 1291);0
1293;500.0;10293.23;email;confirma la transferencia realizada y envia el comprobante (caso 1292);1
1294;723.0;8388.33;telefono;no atiende el telefono, el numero figura fuera de servicio (caso 1293);0
1295;641.0;85869.83;email;solicita el saldo exacto para cancelar la deuda esta semana (caso 1294);1
1296;37.0;24086.55;telefono;acordamos un plan de pagos, muy buena disposicion en el contacto (caso 1295);1
1297;782.0;47021.66;whatsapp;sin respuesta a los mensajes, la direccion registrada es incorrecta (caso 1296);0
1298;387.0;25881.27;telefono;atendio un tercero que dice no conocer al titular (caso 1297);0
1299;1495.0;41268.39;visita;acordamos un plan de pagos, muy buena disposicion en el contacto (caso 1298);1
1300;292.0;132428.99;email;cliente conforme, promete pagar la cuota completa este mes (caso 1299);1
1301;119.0;19510.58;email;se niega a pagar y menciona que iniciara un reclamo (caso 1300);0
1302;810.0;24487.0;email;no atiende el telefono, el numero figura fuera de servicio (caso 1301);0
1303;329.0;55185.39;whatsapp;solicita el saldo exacto para cancelar la deuda esta semana (caso 1302);1
1304;26.0;113770.27;whatsapp;se niega a pagar y menciona que iniciara un reclamo (caso 1303);0
1305;436.0;42240.74;email;solicita el saldo exacto para cancelar la deuda esta semana (caso 1304);1
1306;244.0;78131.56;whatsapp;no atiende el telefono, el numero figura fuera de servicio (caso 1305);0
1307;394.0;11402.3;visita;no atiende el telefono, el numero figura fuera de servicio (caso 1306);0
1308;469.0;4479.41;email;atendio un tercero que dice no conocer al titular (caso 1307);0
1309;416.0;65934.35;telefono;se niega a pagar y menciona que iniciara un reclamo (caso 1308);0
1310;1032.0;53372.28;email;se niega a pagar y menciona que iniciara un reclamo (caso 1309);0
1311;179.0;35248.64;email;sin respuesta a los mensajes, la direccion registrada es incorrecta (caso 1310);0
1312;177.0;36205.87;email;se niega a pagar y menciona que iniciara un reclamo (caso 1311);0
1313;541.0;99326.98;whatsapp;cliente conforme, promete pagar la cuota completa este mes (caso 1312);1
1314;81.0;55809.86;whatsapp;acordamos un plan de pagos, muy buena disposicion en el contacto (caso 1313);1
1315;152.0;107950.44;email;atendio un tercero que dice no conocer al titular (caso 1314);0
1316;541.0;48261.44;email;no atiende el telefono, el numero figura fuera de servicio (caso 1315);0
1317;15.0;24991.7;email;no atiende el telefono, el numero figura fuera de servicio (caso 1316);0
1318;329.0;6628.63;email;sin respuesta a los mensajes, la direccion registrada es incorrecta (caso 1317);0
1319;256.0;21106.07;email;confirma la transferencia realizada y envia el comprobante (caso 1318);1
1320;255.0;8670.5;whatsapp;no atiende el telefono, el numero figura fuera de servicio (caso 1319);0
1321;612.0;167676.75;email;solicita el saldo exacto para cancelar la deuda esta semana (caso 1320);1
1322;59.0;31676.92;email;se niega a pagar y menciona que iniciara un reclamo (caso 1321);0
1323;378.0;59711.67;visita;no atiende el telefono, el numero figura fuera de servicio (caso 1322);0
1324;198.0;41621.68;telefono;atendio un tercero que dice no conocer al titular (caso 1323);0
1325;80.0;89998.31;whatsapp;no atiende el telefono, el numero figura fuera de servicio (caso 1324);0
1326;229.0;47160.45;whatsapp;no atiende el telefono, el numero figura fuera de servicio (caso 1325);0
1327;342.0;152755.4;whatsapp;confirma la transferencia realizada y envia el comprobante (caso 1326);1
1328;357.0;24222.32;email;atendio un tercero que dice no conocer al titular (caso 1327);0
1329;927.0;7738.89;whatsapp;atendio un tercero que dice no conocer al titular (caso 1328);0
1330;222.0;26407.4;whatsapp;cliente conforme, promete pagar la cuota completa este mes (caso 1329);1
1331;195.0;24650.38;whatsapp;sin respuesta a los mensajes, la direccion registrada es incorrecta (caso 1330);0
1332;26.0;33139.41;email;sin respuesta a los mensajes, la direccion registrada es incorrecta (caso 1331);0
1333;240.0;60149.64;telefono;se niega a pagar y menciona que iniciara un reclamo (caso 1332);0
1334;548.0;150181.39;visita;no atiende el telefono, el numero figura fuera de servicio (caso 1333);0
1335;177.0;52325.15;email;no atiende el telefono, el numero figura fuera de servicio (caso 1334);0
1336;86.0;53384.21;whatsapp;atendio un tercero que dice no conocer al titular (caso 1335);0
1337;30.0;12846.65;whatsapp;sin respuesta a los mensajes, la direccion registrada es incorrecta (caso 1336);0
1338;299.0;68510.56;email;sin respuesta a los mensajes, la direccion registrada es incorrecta (caso 1337);0
1339;147.0;37142.53;telefono;se niega a pagar y menciona que iniciara un reclamo (caso 1338);0
1340;227.0;12031.76;whatsapp;solicita el saldo exacto para cancelar la deuda esta semana (caso 1339);1
1341;104.0;78242.38;whatsapp;atendio un tercero que dice no conocer al titular (caso 1340);0
1342;893.0;67298.63;email;cliente conforme, promete pagar la cuota completa este mes (caso 1341);1
1343;123.0;57738.93;whatsapp;no atiende el telefono, el numero figura fuera de servicio (caso 1342);0
1344;95.0;70250.03;telefono;atendio un tercero que dice no conocer al titular (caso 1343);0
1345;152.0;9064.19;whatsapp;atendio un tercero que dice no conocer al titular (caso 1344);0
1346;102.0;41425.72;telefono;no atiende el telefono, el numero figura fuera de servicio (caso 1345);0
1347;427.0;31813.55;email;sin respuesta a los mensajes, la direccion registrada es incorrecta (caso 1346);0
1348;284.0;70772.86;email;atendio un tercero que dice no conocer al titular (caso 1347);0
1349;89.0;24160.6;telefono;cliente conforme, promete pagar la cuota completa este mes (caso 1348);1
1350;476.0;35370.68;telefono;se niega a pagar y menciona que iniciara un reclamo (caso 1349);0
1351;214.0;41819.09;email;no atiende el telefono, el numero figura fuera de servicio (caso 1350);0
1352;258.0;80381.65;visita;no atiende el telefono, el numero figura fuera de servicio (caso 1351);0
1353;779.0;102269.67;telefono;confirma la transferencia realizada y envia el comprobante (caso 1352);1
1354;122.0;36037.55;visita;atendio un tercero que dice no conocer al titular (caso 1353);0
1355;354.0;39987.21;email;no atiende el telefono, el numero figura fuera de servicio (caso 1354);0
1356;210.0;66471.85;email;confirma la transferencia realizada y envia el comprobante (caso 1355);1
1357;157.0;28958.1;whatsapp;confirma la transferencia realizada y envia el comprobante (caso 1356);1
1358;431.0;95563.05;visita;solicita el saldo exacto para cancelar la deuda esta semana (caso 1357);1
1359;150.0;36483.94;visita;se niega a pagar y menciona que iniciara un reclamo (caso 1358);0
1360;265.0;15692.25;visita;se niega a pagar y menciona que iniciara un reclamo (caso 1359);0
1361;237.0;142018.55;whatsapp;solicita el saldo exacto para cancelar la deuda esta semana (caso 1360);1
1362;254.0;23773.83;telefono;se niega a pagar y menciona que iniciara un reclamo (caso 1361);0
1363;64.0;34206.23;email;cliente conforme, promete pagar la cuota completa este mes (caso 1362);1
1364;262.0;19423.4;telefono;se niega a pagar y menciona que iniciara un reclamo (caso 1363);0
1365;116.0;21554.96;visita;confirma la transferencia realizada y envia el comprobante (caso 1364);1
1366;185.0;36130.01;email;se niega a pagar y menciona que iniciara un reclamo (caso 1365);0
1367;125.0;45123.7;telefono;sin respuesta a los mensajes, la direccion registrada es incorrecta (caso 1366);0
1368;165.0;116748.2;telefono;no atiende el telefono, el numero figura fuera de servicio (caso 1367);0
1369;129.0;25355.01;telefono;se niega a pagar y menciona que iniciara un reclamo (caso 1368);0
1370;323.0;42326.59;email;cliente conforme, promete pagar la cuota completa este mes (caso 1369);1
1371;36.0;119542.33;whatsapp;solicita el saldo exacto para cancelar la deuda esta semana (caso 1370);1
1372;728.0;53717.96;visita;atendio un tercero que dice no conocer al titular (caso 1371);0
1373;111.0;122456.45;whatsapp;confirma la transferencia realizada y envia el comprobante (caso 1372);1
1374;106.0;42921.76;telefono;confirma la transferencia realizada y envia el comprobante (caso 1373);1
1375;190.0;39141.04;telefono;confirma la transferencia realizada y envia el comprobante (caso 1374);1
1376;41.0;11633.15;email;cliente conforme, promete pagar la cuota completa este mes (caso 1375);1
1377;387.0;71306.42;telefono;acordamos un plan de pagos, muy buena disposicion en el contacto (caso 1376);1
1378;78.0;55156.63;whatsapp;se niega a pagar y menciona que iniciara un reclamo (caso 1377);0
1379;107.0;15049.92;telefono;confirma la transferencia realizada y envia el comprobante (caso 1378);1
1380;154.0;152580.85;email;se niega a pagar y menciona que iniciara un reclamo (caso 1379);0
1381;21.0;107139.7;telefono;no atiende el telefono, el numero figura fuera de servicio (caso 1380);0
1382;602.0;17947.05;whatsapp;no atiende el telefono, el numero figura fuera de servicio (caso 1381);0
1383;823.0;116937.66;telefono;no atiende el telefono, el numero figura fuera de servicio (caso 1382);0
1384;97.0;69491.7;whatsapp;acordamos un plan de pagos, muy buena disposicion en el contacto (caso 1383);1
1385;232.0;37757.94;telefono;confirma la transferencia realizada y envia el comprobante (caso 1384);1
1386;450.0;60333.69;visita;se niega a pagar y menciona que iniciara un reclamo (caso 1385);0
1387;167.0;163170.13;telefono;se niega a pagar y menciona que iniciara un reclamo (caso 1386);0
1388;356.0;13438.28;visita;acordamos un plan de pagos, muy buena disposicion en el contacto (caso 1387);1
1389;542.0;91088.36;visita;acordamos un plan de pagos, muy buena disposicion en el contacto (caso 1388);1
1390;533.0;31501.19;visita;atendio un tercero que dice no conocer al titular (caso 1389);0
1391;354.0;15703.98;whatsapp;atendio un tercero que dice no conocer al titular (caso 1390);0
1392;148.0;201573.4;telefono;no atiende el telefono, el numero figura fuera de servicio (caso 1391);0
1393;812.0;123421.2;telefono;atendio un tercero que dice no conocer al titular (caso 1392);0
1394;269.0;28625.05;telefono;solicita el saldo exacto para cancelar la deuda esta semana (caso 1393);1
1395;78.0;34327.69;visita;se niega a pagar y menciona que iniciara un reclamo (caso 1394);0
1396;66.0;82260.21;visita;atendio un tercero que dice no conocer al titular (caso 1395);0
1397;275.0;64112.43;visita;no atiende el telefono, el numero figura fuera de servicio (caso 1396);0
1398;678.0;23871.83;email;atendio un tercero que dice no conocer al titular (caso 1397);0
1399;342.0;34300.05;email;cliente conforme, promete pagar la cuota completa este mes (caso 1398);1
1400;111.0;44478.75;telefono;sin respuesta a los mensajes, la direccion registrada es incorrecta (caso 1399);0
1401;524.0;28905.51;whatsapp;no atiende el telefono, el numero figura fuera de servicio (caso 1400);0
1402;184.0;17398.22;whatsapp;cliente conforme, promete pagar la cuota completa este mes (caso 1401);1
1403;485.0;106813.27;whatsapp;atendio un tercero que dice no conocer al titular (caso 1402);0
1404;466.0;99123.52;visita;no atiende el telefono, el numero figura fuera de servicio (caso 1403);0
1405;30.0;24576.7;email;no atiende el telefono, el numero figura fuera de servicio (caso 1404);0
1406;72.0;132529.64;whatsapp;atendio un tercero que dice no conocer al titular (caso 1405);0
1407;347.0;80686.58;email;confirma la transferencia realizada y envia el comprobante (caso 1406);1
1408;448.0;40849.4;visita;no atiende el telefono, el numero figura fuera de servicio (caso 1407);0
1409;199.0;100375.56;whatsapp;cliente conforme, promete pagar la cuota completa este mes (caso 1408);1
1410;72.0;58774.18;email;sin respuesta a los mensajes, la direccion registrada es incorrecta (caso 1409);0
1411;109.0;92613.37;whatsapp;sin respuesta a los mensajes, la direccion registrada es incorrecta (caso 1410);0
1412;436.0;37246.82;whatsapp;acordamos un plan de pagos, muy buena disposicion en el contacto (caso 1411);1
1413;136.0;31414.97;email;se niega a pagar y menciona que iniciara un reclamo (caso 1412);0
1414;52.0;63839.34;whatsapp;sin respuesta a los mensajes, la direccion registrada es incorrecta (caso 1413);0
1415;135.0;85337.8;telefono;atendio un tercero que dice no conocer al titular (caso 1414);0
1416;282.0;25701.79;email;sin respuesta a los mensajes, la direccion registrada es incorrecta (caso 1415);0
1417;129.0;112973.67;telefono;sin respuesta a los mensajes, la direccion registrada es incorrecta (caso 1416);0
1418;187.0;88939.95;whatsapp;cliente conforme, promete pagar la cuota completa este mes (caso 1417);1
1419;283.0;19636.73;email;sin respuesta a los mensajes, la direccion registrada es incorrecta (caso 1418);0
1420;290.0;106763.81;whatsapp;confirma la transferencia realizada y envia el comprobante (caso 1419);1
1421;41.0;40970.14;email;se niega a pagar y menciona que iniciara un reclamo (caso 1420);0
1422;332.0;77976.89;telefono;no atiende el telefono, el numero figura fuera de servicio (caso 1421);0
1423;1131.0;63441.79;whatsapp;confirma la transferencia realizada y envia el comprobante (caso 1422);1
1424;293.0;17230.01;whatsapp;atendio un tercero que dice no conocer al titular (caso 1423);0
1425;572.0;198642.16;visita;solicita el saldo exacto para cancelar la deuda esta semana (caso 1424);1
1426;148.0;87543.9;visita;atendio un tercero que dice no conocer al titular (caso 1425);0
1427;302.0;27885.77;email;atendio un tercero que dice no conocer al titular (caso 1426);0
1428;143.0;62847.14;visita;acordamos un plan de pagos, muy buena disposicion en el contacto (caso 1427);1
1429;84.0;297121.28;email;atendio un tercero que dice no conocer al titular (caso 1428);0
1430;943.0;11739.64;visita;sin respuesta a los mensajes, la direccion registrada es incorrecta (caso 1429);0
1431;173.0;87434.06;visita;confirma la transferencia realizada y envia el comprobante (caso 1430);1
1432;437.0;29352.62;visita;se niega a pagar y menciona que iniciara un reclamo (caso 1431);0
1433;459.0;82909.56;email;confirma la transferencia realizada y envia el comprobante (caso 1432);1
1434;107.0;43608.34;telefono;sin respuesta a los mensajes, la direccion registrada es incorrecta (caso 1433);0
1435;562.0;134995.97;visita;atendio un tercero que dice no conocer al titular (caso 1434);0
1436;222.0;42180.4;telefono;no atiende el telefono, el numero figura fuera de servicio (caso 1435);0
1437;3.0;36999.3;visita;atendio un tercero que dice no conocer al titular (caso 1436);0
1438;663.0;28943.61;email;acordamos un plan de pagos, muy buena disposicion en el contacto (caso 1437);1
1439;245.0;24470.52;visita;solicita el saldo exacto para cancelar la deuda esta semana (caso 1438);1
1440;836.0;67852.74;email;sin respuesta a los mensajes, la direccion registrada es incorrecta (caso 1439);0
1441;311.0;47177.67;visita;solicita el saldo exacto para cancelar la deuda esta semana (caso 1440);1
1442;542.0;7481.88;visita;sin respuesta a los mensajes, la direccion registrada es incorrecta (caso 1441);0
1443;36.0;81047.29;visita;se niega a pagar y menciona que iniciara un reclamo (caso 1442);0
1444;454.0;44748.77;email;no atiende el telefono, el numero figura fuera de servicio (caso 1443);0
1445;161.0;41652.66;whatsapp;cliente conforme, promete pagar la cuota completa este mes (caso 1444);1
1446;1199.0;84518.62;whatsapp;solicita el saldo exacto para cancelar la deuda esta semana (caso 1445);1
1447;210.0;129267.94;email;no atiende el telefono, el numero figura fuera de servicio (caso 1446);0
1448;196.0;14803.14;email;acordamos un plan de pagos, muy buena disposicion en el contacto (caso 1447);1
1449;98.0;132946.87;email;confirma la transferencia realizada y envia el comprobante (caso 1448);1
1450;48.0;24257.28;telefono;cliente conforme, promete pagar la cuota completa este mes (caso 1449);1
1451;194.0;2505.77;email;confirma la transferencia realizada y envia el comprobante (caso 1450);1
1452;200.0;220262.45;visita;sin respuesta a los mensajes, la direccion registrada es incorrecta (caso 1451);0
1453;99.0;111223.56;visita;atendio un tercero que dice no conocer al titular (caso 1452);0
1454;345.0;69764.47;visita;confirma la transferencia realizada y envia el comprobante (caso 1453);1
1455;132.0;27756.25;whatsapp;confirma la transferencia realizada y envia el comprobante (caso 1454);1
1456;698.0;37592.04;whatsapp;sin respuesta a los mensajes, la direccion registrada es incorrecta (caso 1455);0
1457;349.0;73827.14;visita;solicita el saldo exacto para cancelar la deuda esta semana (caso 1456);1
1458;543.0;92356.62;whatsapp;se niega a pagar y menciona que iniciara un reclamo (caso 1457);0
1459;133.0;19544.11;telefono;atendio un tercero que dice no conocer al titular (caso 1458);0
1460;1187.0;102163.37;telefono;atendio un tercero que dice no conocer al titular (caso 1459);0
1461;260.0;41305.57;email;se niega a pagar y menciona que iniciara un reclamo (caso 1460);0
1462;111.0;156026.49;email;sin respuesta a los mensajes, la direccion registrada es incorrecta (caso 1461);0
1463;468.0;75735.02;email;no atiende el telefono, el numero figura fuera de servicio (caso 1462);0
1464;157.0;34106.42;whatsapp;no atiende el telefono, el numero figura fuera de servicio (caso 1463);0
1465;263.0;54154.79;telefono;no atiende el telefono, el numero figura fuera de servicio (caso 1464);0
1466;515.0;185434.87;visita;sin respuesta a los mensajes, la direccion registrada es incorrecta (caso 1465);0
1467;216.0;52595.5;email;se niega a pagar y menciona que iniciara un reclamo (caso 1466);0
1468;447.0;57277.25;email;sin respuesta a los mensajes, la direccion registrada es incorrecta (caso 1467);0
1469;232.0;35469.36;visita;no atiende el telefono, el numero figura fuera de servicio (caso 1468);0
1470;578.0;14047.09;whatsapp;acordamos un plan de pagos, muy buena disposicion en el contacto (caso 1469);1
1471;66.0;63804.79;visita;sin respuesta a los mensajes, la direccion registrada es incorrecta (caso 1470);0
1472;587.0;28698.2;telefono;sin respuesta a los mensajes, la direccion registrada es incorrecta (caso 1471);0
1473;94.0;51332.11;visita;atendio un tercero que dice no conocer al titular (caso 1472);0
1474;35.0;35588.67;email;sin respuesta a los mensajes, la direccion registrada es incorrecta (caso 1473);0
1475;164.0;25458.28;telefono;no atiende el telefono, el numero figura fuera de servicio (caso 1474);0
1476;217.0;11491.14;email;atendio un tercero que dice no conocer al titular (caso 1475);0
1477;408.0;49898.07;visita;solicita el saldo exacto para cancelar la deuda esta semana (caso 1476);1
1478;140.0;64373.18;telefono;solicita el saldo exacto para cancelar la deuda esta semana (caso 1477);1
1479;329.0;22539.14;email;sin respuesta a los mensajes, la direccion registrada es incorrecta (caso 1478);0
1480;384.0;73630.79;whatsapp;solicita el saldo exacto para cancelar la deuda esta semana (caso 1479);1
1481;1112.0;206575.75;telefono;acordamos un plan de pagos, muy buena disposicion en el contacto (caso 1480);1
1482;1083.0;71993.49;telefono;atendio un tercero que dice no conocer al titular (caso 1481);0
1483;180.0;140111.25;email;no atiende el telefono, el numero figura fuera de servicio (caso 1482);0
1484;474.0;66389.6;telefono;atendio un tercero que dice no conocer al titular (caso 1483);0
1485;672.0;26986.79;visita;atendio un tercero que dice no conocer al titular (caso 1484);0
1486;279.0;66538.63;telefono;atendio un tercero que dice no conocer al titular (caso 1485);0
1487;126.0;40433.68;email;sin respuesta a los mensajes, la direccion registrada es incorrecta (caso 1486);0
1488;182.0;21452.13;email;no atiende el telefono, el numero figura fuera de servicio (caso 1487);0
1489;22.0;90661.45;email;solicita el saldo exacto para cancelar la deuda esta semana (caso 1488);1
1490;326.0;130017.7;telefono;se niega a pagar y menciona que iniciara un reclamo (caso 1489);0
1491;226.0;63826.69;whatsapp;atendio un tercero que dice no conocer al titular (caso 1490);0
1492;1112.0;135527.47;telefono;solicita el saldo exacto para cancelar la deuda esta semana (caso 1491);1
1493;270.0;23065.81;whatsapp;confirma la transferencia realizada y envia el comprobante (caso 1492);1
1494;304.0;88291.06;visita;sin respuesta a los mensajes, la direccion registrada es incorrecta (caso 1493);0
1495;81.0;36867.69;visita;no atiende el telefono, el numero figura fuera de servicio (caso 1494);0
1496;248.0;231631.31;telefono;se niega a pagar y menciona que iniciara un reclamo (caso 1495);0
1497;345.0;43069.23;whatsapp;confirma la transferencia realizada y envia el comprobante (caso 1496);1
1498;523.0;24804.07;telefono;no atiende el telefono, el numero figura fuera de servicio (caso 1497);0
1499;178.0;91729.2;visita;solicita el saldo exacto para cancelar la deuda esta semana (caso 1498);1
1500;114.0;29230.96;visita;sin respuesta a los mensajes, la direccion registrada es incorrecta (caso 1499);0
1501;307.0;36427.86;telefono;solicita el saldo exacto para cancelar la deuda esta semana (caso 1500);1
1502;154.0;11283.52;telefono;atendio un tercero que dice no conocer al titular (caso 1501);0
1503;578.0;44910.01;visita;sin respuesta a los mensajes, la direccion registrada es incorrecta (caso 1502);0
1504;137.0;15199.08;email;no atiende el telefono, el numero figura fuera de servicio (caso 1503);0
1505;137.0;27311.17;telefono;cliente conforme, promete pagar la cuota completa este mes (caso 1504);1
1506;112.0;99638.42;visita;acordamos un plan de pagos, muy buena disposicion en el contacto (caso 1505);1
1507;97.0;22304.64;email;se niega a pagar y menciona que iniciara un reclamo (caso 1506);0
1508;357.0;60279.83;visita;atendio un tercero que dice no conocer al titular (caso 1507);0
1509;243.0;86673.47;telefono;sin respuesta a los mensajes, la direccion registrada es incorrecta (caso 1508);0
1510;1017.0;42138.12;telefono;acordamos un plan de pagos, muy buena disposicion en el contacto (caso 1509);1
1511;285.0;25302.1;visita;atendio un tercero que dice no conocer al titular (caso 1510);0
1512;514.0;101600.85;whatsapp;sin respuesta a los mensajes, la direccion registrada es incorrecta (caso 1511);0
1513;289.0;26796.72;whatsapp;no atiende el telefono, el numero figura fuera de servicio (caso 1512);0
1514;455.0;54524.22;email;se niega a pagar y menciona que iniciara un reclamo (caso 1513);0
1515;382.0;7535.45;visita;se niega a pagar y menciona que iniciara un reclamo (caso 1514);0
1516;282.0;30303.64;email;cliente conforme, promete pagar la cuota completa este mes (caso 1515);1
1517;197.0;25350.15;email;cliente conforme, promete pagar la cuota completa este mes (caso 1516);1
1518;84.0;68622.55;telefono;sin respuesta a los mensajes, la direccion registrada es incorrecta (caso 1517);0
1519;150.0;55249.12;email;confirma la transferencia realizada y envia el comprobante (caso 1518);1
1520;60.0;59748.79;telefono;acordamos un plan de pagos, muy buena disposicion en el contacto (caso 1519);1
1521;243.0;5752.4;telefono;acordamos un plan de pagos, muy buena disposicion en el contacto (caso 1520);1
1522;80.0;61581.17;email;no atiende el telefono, el numero figura fuera de servicio (caso 1521);0
1523;194.0;42388.51;email;confirma la transferencia realizada y envia el comprobante (caso 1522);1
1524;671.0;16751.4;whatsapp;cliente conforme, promete pagar la cuota completa este mes (caso 1523);1
1525;70.0;72889.55;whatsapp;acordamos un plan de pagos, muy buena disposicion en el contacto (caso 1524);1
1526;159.0;34552.64;whatsapp;se niega a pagar y menciona que iniciara un reclamo (caso 1525);0
1527;125.0;46367.94;email;solicita el saldo exacto para cancelar la deuda esta semana (caso 1526);1
1528;923.0;28119.03;email;se niega a pagar y menciona que iniciara un reclamo (caso 1527);0
1529;323.0;13483.64;whatsapp;atendio un tercero que dice no conocer al titular (caso 1528);0
1530;332.0;54503.32;telefono;sin respuesta a los mensajes, la direccion registrada es incorrecta (caso 1529);0
1531;52.0;36654.67;telefono;cliente conforme, promete pagar la cuota completa este mes (caso 1530);1
1532;455.0;26968.22;telefono;sin respuesta a los mensajes, la direccion registrada es incorrecta (caso 1531);0
1533;170.0;102042.32;visita;solicita el saldo exacto para cancelar la deuda esta semana (caso 1532);1
1534;1060.0;42503.81;telefono;se niega a pagar y menciona que iniciara un reclamo (caso 1533);0
1535;478.0;64584.39;telefono;cliente conforme, promete pagar la cuota completa este mes (caso 1534);1
1536;42.0;14799.22;visita;sin respuesta a los mensajes, la direccion registrada es incorrecta (caso 1535);0
1537;304.0;37560.0;whatsapp;atendio un tercero que dice no conocer al titular (caso 1536);0
1538;102.0;47465.01;visita;cliente conforme, promete pagar la cuota completa este mes (caso 1537);1
1539;473.0;79464.05;telefono;no atiende el telefono, el numero figura fuera de servicio (caso 1538);0
1540;189.0;62504.23;whatsapp;sin respuesta a los mensajes, la direccion registrada es incorrecta (caso 1539);0
1541;281.0;54444.53;visita;no atiende el telefono, el numero figura fuera de servicio (caso 1540);0
1542;260.0;71607.02;telefono;cliente conforme, promete pagar la cuota completa este mes (caso 1541);1
1543;209.0;20400.33;email;sin respuesta a los mensajes, la direccion registrada es incorrecta (caso 1542);0
1544;4.0;57026.82;email;atendio un tercero que dice no conocer al titular (caso 1543);0
1545;182.0;49749.13;visita;solicita el saldo exacto para cancelar la deuda esta semana (caso 1544);1
1546;745.0;151286.12;telefono;atendio un tercero que dice no conocer al titular (caso 1545);0
1547;679.0;19657.46;visita;atendio un tercero que dice no conocer al titular (caso 1546);0
1548;18.0;98842.67;telefono;atendio un tercero que dice no conocer al titular (caso 1547);0
1549;452.0;54359.7;telefono;solicita el saldo exacto para cancelar la deuda esta semana (caso 1548);1
1550;241.0;170110.99;telefono;se niega a pagar y menciona que iniciara un reclamo (caso 1549);0
1551;564.0;60998.29;telefono;sin respuesta a los mensajes, la direccion registrada es incorrecta (caso 1550);0
1552;500.0;23137.99;email;solicita el saldo exacto para cancelar la deuda esta semana (caso 1551);1
1553;229.0;129632.89;whatsapp;sin respuesta a los mensajes, la direccion registrada es incorrecta (caso 1552);0
1554;421.0;156124.01;telefono;no atiende el telefono, el numero figura fuera de servicio (caso 1553);0
1555;147.0;243.07;telefono;sin respuesta a los mensajes, la direccion registrada es incorrecta (caso 1554);0
1556;143.0;79060.73;whatsapp;no atiende el telefono, el numero figura fuera de servicio (caso 1555);0
1557;300.0;41900.45;email;solicita el saldo exacto para cancelar la deuda esta semana (caso 1556);1
1558;356.0;60993.01;email;solicita el saldo exacto para cancelar la deuda esta semana (caso 1557);1
1559;263.0;146840.3;whatsapp;cliente conforme, promete pagar la cuota completa este mes (caso 1558);1
1560;97.0;30445.67;email;cliente conforme, promete pagar la cuota completa este mes (caso 1559);1
1561;957.0;49184.21;telefono;atendio un tercero que dice no conocer al titular (caso 1560);0
1562;273.0;12443.04;whatsapp;acordamos un plan de pagos, muy buena disposicion en el contacto (caso 1561);1
1563;339.0;111315.09;telefono;atendio un tercero que dice no conocer al titular (caso 1562);0
1564;279.0;71537.73;whatsapp;acordamos un plan de pagos, muy buena disposicion en el contacto (caso 1563);1
1565;85.0;127994.64;email;sin respuesta a los mensajes, la direccion registrada es incorrecta (caso 1564);0
1566;27.0;171854.84;visita;confirma la transferencia realizada y envia el comprobante (caso 1565);1
1567;186.0;77883.31;visita;confirma la transferencia realizada y envia el comprobante (caso 1566);1
1568;302.0;64692.69;email;sin respuesta a los mensajes, la direccion registrada es incorrecta (caso 1567);0
1569;54.0;42210.55;visita;atendio un tercero que dice no conocer al titular (caso 1568);0
1570;109.0;89221.14;email;no atiende el telefono, el numero figura fuera de servicio (caso 1569);0
1571;394.0;67071.93;email;confirma la transferencia realizada y envia el comprobante (caso 1570);1
1572;106.0;52296.18;telefono;sin respuesta a los mensajes, la direccion registrada es incorrecta (caso 1571);0
1573;123.0;177480.89;whatsapp;no atiende el telefono, el numero figura fuera de servicio (caso 1572);0
1574;133.0;50449.11;visita;solicita el saldo exacto para cancelar la deuda esta semana (caso 1573);1
1575;310.0;28667.29;visita;confirma la transferencia realizada y envia el comprobante (caso 1574);1
1576;38.0;27810.76;visita;atendio un tercero que dice no conocer al titular (caso 1575);0
1577;46.0;25834.96;whatsapp;sin respuesta a los mensajes, la direccion registrada es incorrecta (caso 1576);0
1578;157.0;52450.24;whatsapp;acordamos un plan de pagos, muy buena disposicion en el contacto (caso 1577);1
1579;123.0;76832.47;telefono;cliente conforme, promete pagar la cuota completa este mes (caso 1578);1
1580;227.0;113753.91;whatsapp;atendio un tercero que dice no conocer al titular (caso 1579);0
1581;234.0;38594.3;visita;cliente conforme, promete pagar la cuota completa este mes (caso 1580);1
1582;347.0;86173.84;telefono;atendio un tercero que dice no conocer al titular (caso 1581);0
1583;223.0;11674.75;telefono;se niega a pagar y menciona que iniciara un reclamo (caso 1582);0
1584;754.0;20956.76;whatsapp;cliente conforme, promete pagar la cuota completa este mes (caso 1583);1
1585;558.0;63423.58;email;sin respuesta a los mensajes, la direccion registrada es incorrecta (caso 1584);0
1586;498.0;67057.78;whatsapp;no atiende el telefono, el numero figura fuera de servicio (caso 1585);0
1587;159.0;59421.7;visita;acordamos un plan de pagos, muy buena disposicion en el contacto (caso 1586);1
1588;268.0;92324.03;telefono;se niega a pagar y menciona que iniciara un reclamo (caso 1587);0
1589;252.0;9918.2;email;se niega a pagar y menciona que iniciara un reclamo (caso 1588);0
1590;86.0;23588.28;email;sin respuesta a los mensajes, la direccion registrada es incorrecta (caso 1589);0
1591;132.0;32074.63;telefono;atendio un tercero que dice no conocer al titular (caso 1590);0
1592;683.0;108480.45;whatsapp;no atiende el telefono, el numero figura fuera de servicio (caso 1591);0
1593;278.0;45270.25;email;sin respuesta a los mensajes, la direccion registrada es incorrecta (caso 1592);0
1594;631.0;83221.99;whatsapp;cliente conforme, promete pagar la cuota completa este mes (caso 1593);1
1595;345.0;18997.32;whatsapp;cliente conforme, promete pagar la cuota completa este mes (caso 1594);1
1596;360.0;77014.94;email;cliente conforme, promete pagar la cuota completa este mes (caso 1595);1
1597;120.0;34081.25;visita;atendio un tercero que dice no conocer al titular (caso 1596);0
1598;459.0;15307.9;whatsapp;atendio un tercero que dice no conocer al titular (caso 1597);0
1599;203.0;44460.71;whatsapp;cliente conforme, promete pagar la cuota completa este mes (caso 1598);1
1600;852.0;34513.83;email;no atiende el telefono, el numero figura fuera de servicio (caso 1599);0
1601;579.0;44043.57;visita;se niega a pagar y menciona que iniciara un reclamo (caso 1600);0
1602;241.0;68476.41;visita;cliente conforme, promete pagar la cuota completa este mes (caso 1601);1
1603;100.0;30227.56;whatsapp;solicita el saldo exacto para cancelar la deuda esta semana (caso 1602);1
1604;524.0;49095.76;email;acordamos un plan de pagos, muy buena disposicion en el contacto (caso 1603);1
1605;279.0;61881.46;email;sin respuesta a los mensajes, la direccion registrada es incorrecta (caso 1604);0
1606;244.0;71682.57;telefono;sin respuesta a los mensajes, la direccion registrada es incorrecta (caso 1605);0
1607;95.0;40902.03;email;acordamos un plan de pagos, muy buena disposicion en el contacto (caso 1606);1
1608;234.0;34381.43;email;sin respuesta a los mensajes, la direccion registrada es incorrecta (caso 1607);0
1609;657.0;146425.65;visita;confirma la transferencia realizada y envia el comprobante (caso 1608);1
1610;391.0;105252.52;telefono;atendio un tercero que dice no conocer al titular (caso 1609);0
1611;197.0;43944.48;whatsapp;sin respuesta a los mensajes, la direccion registrada es incorrecta (caso 1610);0
1612;188.0;112631.36;email;cliente conforme, promete pagar la cuota completa este mes (caso 1611);1
1613;480.0;113231.43;telefono;no atiende el telefono, el numero figura fuera de servicio (caso 1612);0
1614;812.0;114583.9;whatsapp;atendio un tercero que dice no conocer al titular (caso 1613);0
1615;358.0;109784.66;whatsapp;no atiende el telefono, el numero figura fuera de servicio (caso 1614);0
1616;164.0;9699.02;telefono;no atiende el telefono, el numero figura fuera de servicio (caso 1615);0
1617;552.0;64393.2;whatsapp;confirma la transferencia realizada y envia el comprobante (caso 1616);1
1618;101.0;44056.27;whatsapp;no atiende el telefono, el numero figura fuera de servicio (caso 1617);0
1619;318.0;108765.56;visita;atendio un tercero que dice no conocer al titular (caso 1618);0
1620;162.0;91190.49;telefono;solicita el saldo exacto para cancelar la deuda esta semana (caso 1619);1
1621;289.0;197067.55;whatsapp;confirma la transferencia realizada y envia el comprobante (caso 1620);1
1622;27.0;44132.22;visita;atendio un tercero que dice no conocer al titular (caso 1621);0
1623;135.0;62973.65;whatsapp;se niega a pagar y menciona que iniciara un reclamo (caso 1622);0
1624;161.0;71288.75;whatsapp;se niega a pagar y menciona que iniciara un reclamo (caso 1623);0
1625;115.0;25426.62;visita;se niega a pagar y menciona que iniciara un reclamo (caso 1624);0
1626;19.0;76844.82;visita;se niega a pagar y menciona que iniciara un reclamo (caso 1625);0
1627;839.0;48663.52;email;se niega a pagar y menciona que iniciara un reclamo (caso 1626);0
1628;68.0;30918.64;whatsapp;acordamos un plan de pagos, muy buena disposicion en el contacto (caso 1627);1
1629;5.0;31748.3;email;no atiende el telefono, el numero figura fuera de servicio (caso 1628);0
1630;350.0;45084.2;email;se niega a pagar y menciona que iniciara un reclamo (caso 1629);0
1631;593.0;5089.16;visita;no atiende el telefono, el numero figura fuera de servicio (caso 1630);0
1632;102.0;76110.58;telefono;sin respuesta a los mensajes, la direccion registrada es incorrecta (caso 1631);0
1633;564.0;60535.64;whatsapp;acordamos un plan de pagos, muy buena disposicion en el contacto (caso 1632);1
1634;25.0;70507.74;email;solicita el saldo exacto para cancelar la deuda esta semana (caso 1633);1
1635;204.0;31810.93;telefono;no atiende el telefono, el numero figura fuera de servicio (caso 1634);0
1636;47.0;30297.73;telefono;acordamos un plan de pagos, muy buena disposicion en el contacto (caso 1635);1
1637;287.0;90619.96;whatsapp;sin respuesta a los mensajes, la direccion registrada es incorrecta (caso 1636);0
1638;709.0;195084.28;email;atendio un tercero que dice no conocer al titular (caso 1637);0
1639;273.0;18021.07;whatsapp;se niega a pagar y menciona que iniciara un reclamo (caso 1638);0
1640;101.0;49915.95;whatsapp;solicita el saldo exacto para cancelar la deuda esta semana (caso 1639);1
1641;190.0;107292.39;telefono;solicita el saldo exacto para cancelar la deuda esta semana (caso 1640);1
1642;638.0;13656.99;whatsapp;sin respuesta a los mensajes, la direccion registrada es incorrecta (caso 1641);0
1643;546.0;48243.8;email;sin respuesta a los mensajes, la direccion registrada es incorrecta (caso 1642);0
1644;368.0;32895.57;visita;solicita el saldo exacto para cancelar la deuda esta semana (caso 1643);1
1645;57.0;76878.12;telefono;atendio un tercero que dice no conocer al titular (caso 1644);0
1646;303.0;10425.49;visita;no atiende el telefono, el numero figura fuera de servicio (caso 1645);0
1647;302.0;64207.89;whatsapp;se niega a pagar y menciona que iniciara un reclamo (caso 1646);0
1648;627.0;35903.89;email;no atiende el telefono, el numero figura fuera de servicio (caso 1647);0
1649;269.0;93538.4;whatsapp;cliente conforme, promete pagar la cuota completa este mes (caso 1648);1
1650;281.0;101787.93;telefono;atendio un tercero que dice no conocer al titular (caso 1649);0
1651;458.0;62352.62;email;acordamos un plan de pagos, muy buena disposicion en el contacto (caso 1650);1
1652;245.0;14302.36;whatsapp;no atiende el telefono, el numero figura fuera de servicio (caso 1651);0
1653;432.0;117274.19;visita;solicita el saldo exacto para cancelar la deuda esta semana (caso 1652);1
1654;737.0;43607.18;visita;atendio un tercero que dice no conocer al titular (caso 1653);0
1655;454.0;17146.54;email;atendio un tercero que dice no conocer al titular (caso 1654);0
1656;192.0;51120.23;whatsapp;cliente conforme, promete pagar la cuota completa este mes (caso 1655);1
1657;609.0;58334.53;telefono;solicita el saldo exacto para cancelar la deuda esta semana (caso 1656);1
1658;321.0;5853.04;email;no atiende el telefono, el numero figura fuera de servicio (caso 1657);0
1659;77.0;103785.48;whatsapp;confirma la transferencia realizada y envia el comprobante (caso 1658);1
1660;231.0;62550.83;email;sin respuesta a los mensajes, la direccion registrada es incorrecta (caso 1659);0
1661;62.0;48181.14;visita;sin respuesta a los mensajes, la direccion registrada es incorrecta (caso 1660);0
1662;77.0;87107.66;visita;no atiende el telefono, el numero figura fuera de servicio (caso 1661);0
1663;122.0;52537.68;telefono;se niega a pagar y menciona que iniciara un reclamo (caso 1662);0
1664;67.0;86513.54;whatsapp;confirma la transferencia realizada y envia el comprobante (caso 1663);1
1665;242.0;122057.77;visita;se niega a pagar y menciona que iniciara un reclamo (caso 1664);0
1666;73.0;31964.87;telefono;solicita el saldo exacto para cancelar la deuda esta semana (caso 1665);1
1667;58.0;26313.36;whatsapp;sin respuesta a los mensajes, la direccion registrada es incorrecta (caso 1666);0
1668;92.0;18441.67;visita;atendio un tercero que dice no conocer al titular (caso 1667);0
1669;18.0;4867.26;telefono;sin respuesta a los mensajes, la direccion registrada es incorrecta (caso 1668);0
1670;638.0;34057.31;telefono;se niega a pagar y menciona que iniciara un reclamo (caso 1669);0
1671;63.0;38339.85;visita;acordamos un plan de pagos, muy buena disposicion en el contacto (caso 1670);1
1672;412.0;74453.48;whatsapp;no atiende el telefono, el numero figura fuera de servicio (caso 1671);0
1673;39.0;34730.76;telefono;solicita el saldo exacto para cancelar la deuda esta semana (caso 1672);1
1674;314.0;32635.33;telefono;acordamos un plan de pagos, muy buena disposicion en el contacto (caso 1673);1
1675;228.0;67843.98;email;confirma la transferencia realizada y envia el comprobante (caso 1674);1
1676;151.0;85216.09;visita;atendio un tercero que dice no conocer al titular (caso 1675);0
1677;182.0;49267.87;visita;se niega a pagar y menciona que iniciara un reclamo (caso 1676);0
1678;227.0;33618.9;email;atendio un tercero que dice no conocer al titular (caso 1677);0
1679;165.0;95800.0;email;solicita el saldo exacto para cancelar la deuda esta semana (caso 1678);1
1680;119.0;35113.27;telefono;acordamos un plan de pagos, muy buena disposicion en el contacto (caso 1679);1
1681;282.0;190235.27;whatsapp;no atiende el telefono, el numero figura fuera de servicio (caso 1680);0
1682;20.0;45291.77;visita;sin respuesta a los mensajes, la direccion registrada es incorrecta (caso 1681);0
1683;21.0;18822.31;whatsapp;sin respuesta a los mensajes, la direccion registrada es incorrecta (caso 1682);0
1684;409.0;33999.97;telefono;no atiende el telefono, el numero figura fuera de servicio (caso 1683);0
1685;390.0;106591.49;visita;no atiende el telefono, el numero figura fuera de servicio (caso 1684);0
1686;29.0;131923.78;visita;sin respuesta a los mensajes, la direccion registrada es incorrecta (caso 1685);0
1687;258.0;49567.99;whatsapp;sin respuesta a los mensajes, la direccion registrada es incorrecta (caso 1686);0
1688;136.0;104960.51;visita;atendio un tercero que dice no conocer al titular (caso 1687);0
1689;202.0;107360.63;visita;confirma la transferencia realizada y envia el comprobante (caso 1688);1
1690;559.0;57834.85;whatsapp;cliente conforme, promete pagar la cuota completa este mes (caso 1689);1
1691;617.0;43500.4;visita;se niega a pagar y menciona que iniciara un reclamo (caso 1690);0
1692;164.0;41284.11;email;atendio un tercero que dice no conocer al titular (caso 1691);0
1693;387.0;44952.31;email;confirma la transferencia realizada y envia el comprobante (caso 1692);1
1694;228.0;7642.41;visita;atendio un tercero que dice no conocer al titular (caso 1693);0
1695;62.0;24639.5;telefono;se niega a pagar y menciona que iniciara un reclamo (caso 1694);0
1696;581.0;70874.04;telefono;acordamos un plan de pagos, muy buena disposicion en el contacto (caso 1695);1
1697;47.0;52220.04;visita;confirma la transferencia realizada y envia el comprobante (caso 1696);1
1698;660.0;67733.27;telefono;atendio un tercero que dice no conocer al titular (caso 1697);0
1699;92.0;80009.48;visita;acordamos un plan de pagos, muy buena disposicion en el contacto (caso 1698);1
1700;401.0;215824.94;telefono;confirma la transferencia realizada y envia el comprobante (caso 1699);1
1701;39.0;123288.99;telefono;se niega a pagar y menciona que iniciara un reclamo (caso 1700);0
1702;50.0;42619.22;visita;atendio un tercero que dice no conocer al titular (caso 1701);0
1703;90.0;99971.26;telefono;no atiende el telefono, el numero figura fuera de servicio (caso 1702);0
1704;31.0;40165.29;visita;atendio un tercero que dice no conocer al titular (caso 1703);0
1705;557.0;83234.1;whatsapp;acordamos un plan de pagos, muy buena disposicion en el contacto (caso 1704);1
1706;282.0;28121.93;whatsapp;se niega a pagar y menciona que iniciara un reclamo (caso 1705);0
1707;185.0;61975.25;telefono;no atiende el telefono, el numero figura fuera de servicio (caso 1706);0
1708;130.0;15719.57;visita;solicita el saldo exacto para cancelar la deuda esta semana (caso 1707);1
1709;431.0;109757.8;telefono;se niega a pagar y menciona que iniciara un reclamo (caso 1708);0
1710;276.0;69492.95;whatsapp;atendio un tercero que dice no conocer al titular (caso 1709);0
1711;424.0;242379.2;email;no atiende el telefono, el numero figura fuera de servicio (caso 1710);0
1712;204.0;113474.36;telefono;sin respuesta a los mensajes, la direccion registrada es incorrecta (caso 1711);0
1713;445.0;39632.37;telefono;se niega a pagar y menciona que iniciara un reclamo (caso 1712);0
1714;76.0;61866.48;visita;acordamos un plan de pagos, muy buena disposicion en el contacto (caso 1713);1
1715;155.0;47853.01;visita;atendio un tercero que dice no conocer al titular (caso 1714);0
1716;244.0;52181.49;telefono;se niega a pagar y menciona que iniciara un reclamo (caso 1715);0
1717;301.0;15285.85;whatsapp;atendio un tercero que dice no conocer al titular (caso 1716);0
1718;143.0;220979.25;visita;se niega a pagar y menciona que iniciara un reclamo (caso 1717);0
1719;483.0;221226.48;email;atendio un tercero que dice no conocer al titular (caso 1718);0
1720;32.0;68593.46;telefono;atendio un tercero que dice no conocer al titular (caso 1719);0
1721;171.0;17896.5;telefono;confirma la transferencia realizada y envia el comprobante (caso 1720);1
1722;116.0;72377.75;telefono;se niega a pagar y menciona que iniciara un reclamo (caso 1721);0
1723;1484.0;95700.37;visita;no atiende el telefono, el numero figura fuera de servicio (caso 1722);0
1724;156.0;14365.76;whatsapp;no atiende el telefono, el numero figura fuera de servicio (caso 1723);0
1725;122.0;33064.29;telefono;no atiende el telefono, el numero figura fuera de servicio (caso 1724);0
1726;119.0;32859.33;visita;cliente conforme, promete pagar la cuota completa este mes (caso 1725);1
1727;110.0;6319.08;telefono;confirma la transferencia realizada y envia el comprobante (caso 1726);1
1728;121.0;28510.37;visita;sin respuesta a los mensajes, la direccion registrada es incorrecta (caso 1727);0
1729;57.0;36379.55;telefono;atendio un tercero que dice no conocer al titular (caso 1728);0
1730;103.0;34191.44;visita;solicita el saldo exacto para cancelar la deuda esta semana (caso 1729);1
1731;61.0;54332.83;telefono;atendio un tercero que dice no conocer al titular (caso 1730);0
1732;61.0;86699.85;email;acordamos un plan de pagos, muy buena disposicion en el contacto (caso 1731);1
1733;29.0;129552.0;visita;no atiende el telefono, el numero figura fuera de servicio (caso 1732);0
1734;331.0;83506.58;whatsapp;no atiende el telefono, el numero figura fuera de servicio (caso 1733);0
1735;225.0;25319.8;visita;solicita el saldo exacto para cancelar la deuda esta semana (caso 1734);1
1736;226.0;47401.27;whatsapp;no atiende el telefono, el numero figura fuera de servicio (caso 1735);0
1737;698.0;83709.89;visita;atendio un tercero que dice no conocer al titular (caso 1736);0
1738;65.0;46732.23;visita;sin respuesta a los mensajes, la direccion registrada es incorrecta (caso 1737);0
1739;50.0;33024.23;telefono;acordamos un plan de pagos, muy buena disposicion en el contacto (caso 1738);1
1740;27.0;39437.75;whatsapp;solicita el saldo exacto para cancelar la deuda esta semana (caso 1739);1
1741;396.0;121934.29;email;no atiende el telefono, el numero figura fuera de servicio (caso 1740);0
1742;767.0;41810.51;visita;acordamos un plan de pagos, muy buena disposicion en el contacto (caso 1741);1
1743;454.0;23271.64;visita;atendio un tercero que dice no conocer al titular (caso 1742);0
1744;233.0;49083.76;telefono;acordamos un plan de pagos, muy buena disposicion en el contacto (caso 1743);1
1745;81.0;75570.94;whatsapp;se niega a pagar y menciona que iniciara un reclamo (caso 1744);0
1746;253.0;60160.45;visita;sin respuesta a los mensajes, la direccion registrada es incorrecta (caso 1745);0
1747;542.0;28558.35;telefono;acordamos un plan de pagos, muy buena disposicion en el contacto (caso 1746);1
1748;423.0;110462.37;whatsapp;cliente conforme, promete pagar la cuota completa este mes (caso 1747);1
1749;77.0;43018.8;email;solicita el saldo exacto para cancelar la deuda esta semana (caso 1748);1
1750;578.0;134384.17;telefono;no atiende el telefono, el numero figura fuera de servicio (caso 1749);0
1751;432.0;92521.02;visita;sin respuesta a los mensajes, la direccion registrada es incorrecta (caso 1750);0
1752;88.0;76500.88;email;cliente conforme, promete pagar la cuota completa este mes (caso 1751);1
1753;84.0;202839.01;visita;sin respuesta a los mensajes, la direccion registrada es incorrecta (caso 1752);0
1754;45.0;64683.93;email;atendio un tercero que dice no conocer al titular (caso 1753);0
1755;596.0;36134.92;visita;se niega a pagar y menciona que iniciara un reclamo (caso 1754);0
1756;113.0;5764.97;telefono;se niega a pagar y menciona que iniciara un reclamo (caso 1755);0
1757;512.0;41762.1;whatsapp;solicita el saldo exacto para cancelar la deuda esta semana (caso 1756);1
1758;117.0;19120.01;telefono;se niega a pagar y menciona que iniciara un reclamo (caso 1757);0
1759;322.0;133193.14;email;no atiende el telefono, el numero figura fuera de servicio (caso 1758);0
1760;722.0;77017.38;visita;cliente conforme, promete pagar la cuota completa este mes (caso 1759);1
1761;314.0;35069.84;whatsapp;acordamos un plan de pagos, muy buena disposicion en el contacto (caso 1760);1
1762;19.0;76578.47;whatsapp;no atiende el telefono, el numero figura fuera de servicio (caso 1761);0
1763;13.0;91784.6;telefono;acordamos un plan de pagos, muy buena disposicion en el contacto (caso 1762);1
1764;255.0;105286.97;email;solicita el saldo exacto para cancelar la deuda esta semana (caso 1763);1
1765;93.0;20614.99;telefono;acordamos un plan de pagos, muy buena disposicion en el contacto (caso 1764);1
1766;389.0;56885.61;whatsapp;atendio un tercero que dice no conocer al titular (caso 1765);0
1767;74.0;55290.11;whatsapp;se niega a pagar y menciona que iniciara un reclamo (caso 1766);0
1768;1215.0;118885.22;email;se niega a pagar y menciona que iniciara un reclamo (caso 1767);0
1769;365.0;38203.31;whatsapp;acordamos un plan de pagos, muy buena disposicion en el contacto (caso 1768);1
1770;245.0;9441.85;whatsapp;sin respuesta a los mensajes, la direccion registrada es incorrecta (caso 1769);0
1771;121.0;60107.78;telefono;no atiende el telefono, el numero figura fuera de servicio (caso 1770);0
1772;48.0;115961.4;whatsapp;acordamos un plan de pagos, muy buena disposicion en el contacto (caso 1771);1
1773;488.0;74542.83;visita;se niega a pagar y menciona que iniciara un reclamo (caso 1772);0
1774;278.0;60007.06;telefono;atendio un tercero que dice no conocer al titular (caso 1773);0
1775;426.0;43253.26;whatsapp;confirma la transferencia realizada y envia el comprobante (caso 1774);1
1776;181.0;27245.92;email;atendio un tercero que dice no conocer al titular (caso 1775);0
1777;462.0;76029.95;telefono;solicita el saldo exacto para cancelar la deuda esta semana (caso 1776);1
1778;30.0;76501.0;visita;se niega a pagar y menciona que iniciara un reclamo (caso 1777);0
1779;147.0;114903.39;visita;acordamos un plan de pagos, muy buena disposicion en el contacto (caso 1778);1
1780;461.0;8590.27;email;cliente conforme, promete pagar la cuota completa este mes (caso 1779);1
1781;40.0;74473.52;visita;no atiende el telefono, el numero figura fuera de servicio (caso 1780);0
1782;288.0;156107.68;visita;se niega a pagar y menciona que iniciara un reclamo (caso 1781);0
1783;88.0;84112.58;visita;sin respuesta a los mensajes, la direccion registrada es incorrecta (caso 1782);0
1784;821.0;34256.05;email;sin respuesta a los mensajes, la direccion registrada es incorrecta (caso 1783);0
1785;40.0;22163.9;telefono;atendio un tercero que dice no conocer al titular (caso 1784);0
1786;35.0;14514.44;visita;no atiende el telefono, el numero figura fuera de servicio (caso 1785);0
1787;692.0;26712.3;whatsapp;atendio un tercero que dice no conocer al titular (caso 1786);0
1788;154.0;113965.69;email;no atiende el telefono, el numero figura fuera de servicio (caso 1787);0
1789;751.0;62310.6;whatsapp;sin respuesta a los mensajes, la direccion registrada es incorrecta (caso 1788);0
1790;215.0;59953.69;email;confirma la transferencia realizada y envia el comprobante (caso 1789);1
1791;369.0;37753.86;whatsapp;no atiende el telefono, el numero figura fuera de servicio (caso 1790);0
1792;507.0;197642.32;telefono;solicita el saldo exacto para cancelar la deuda esta semana (caso 1791);1
1793;114.0;3620.52;visita;se niega a pagar y menciona que iniciara un reclamo (caso 1792);0
1794;1037.0;37929.29;visita;confirma la transferencia realizada y envia el comprobante (caso 1793);1
1795;214.0;26366.73;telefono;se niega a pagar y menciona que iniciara un reclamo (caso 1794);0
1796;167.0;80688.2;telefono;cliente conforme, promete pagar la cuota completa este mes (caso 1795);1
1797;129.0;129613.59;email;se niega a pagar y menciona que iniciara un reclamo (caso 1796);0
1798;190.0;26486.74;visita;acordamos un plan de pagos, muy buena disposicion en el contacto (caso 1797);1
1799;513.0;36291.27;email;no atiende el telefono, el numero figura fuera de servicio (caso 1798);0
1800;248.0;27394.88;whatsapp;acordamos un plan de pagos, muy buena disposicion en el contacto (caso 1799);1
1801;81.0;66383.46;telefono;no atiende el telefono, el numero figura fuera de servicio (caso 1800);0
1802;298.0;17912.46;whatsapp;no atiende el telefono, el numero figura fuera de servicio (caso 1801);0
1803;85.0;130077.93;email;cliente conforme, promete pagar la cuota completa este mes (caso 1802);1
1804;274.0;31825.67;whatsapp;sin respuesta a los mensajes, la direccion registrada es incorrecta (caso 1803);0
1805;12.0;97890.83;telefono;atendio un tercero que dice no conocer al titular (caso 1804);0
1806;118.0;123929.47;visita;no atiende el telefono, el numero figura fuera de servicio (caso 1805);0
1807;197.0;37534.21;visita;no atiende el telefono, el numero figura fuera de servicio (caso 1806);0
1808;322.0;78047.65;whatsapp;acordamos un plan de pagos, muy buena disposicion en el contacto (caso 1807);1
1809;287.0;135520.73;visita;acordamos un plan de pagos, muy buena disposicion en el contacto (caso 1808);1
1810;434.0;86329.17;visita;se niega a pagar y menciona que iniciara un reclamo (caso 1809);0
1811;214.0;12328.55;email;no atiende el telefono, el numero figura fuera de servicio (caso 1810);0
1812;419.0;6834.79;whatsapp;confirma la transferencia realizada y envia el comprobante (caso 1811);1
1813;98.0;52750.98;whatsapp;no atiende el telefono, el numero figura fuera de servicio (caso 1812);0
1814;165.0;60971.57;email;no atiende el telefono, el numero figura fuera de servicio (caso 1813);0
1815;331.0;105544.81;telefono;acordamos un plan de pagos, muy buena disposicion en el contacto (caso 1814);1
1816;141.0;119478.18;email;solicita el saldo exacto para cancelar la deuda esta semana (caso 1815);1
1817;44.0;98162.1;email;confirma la transferencia realizada y envia el comprobante (caso 1816);1
1818;34.0;22504.47;visita;confirma la transferencia realizada y envia el comprobante (caso 1817);1
1819;189.0;92966.83;whatsapp;solicita el saldo exacto para cancelar la deuda esta semana (caso 1818);1
1820;478.0;109994.63;visita;no atiende el telefono, el numero figura fuera de servicio (caso 1819);0
1821;195.0;17184.38;whatsapp;se niega a pagar y menciona que iniciara un reclamo (caso 1820);0
1822;79.0;72608.42;whatsapp;sin respuesta a los mensajes, la direccion registrada es incorrecta (caso 1821);0
1823;258.0;57916.11;whatsapp;sin respuesta a los mensajes, la direccion registrada es incorrecta (caso 1822);0
1824;6.0;165948.81;email;solicita el saldo exacto para cancelar la deuda esta semana (caso 1823);1
1825;400.0;46286.17;whatsapp;confirma la transferencia realizada y envia el comprobante (caso 1824);1
1826;343.0;101538.12;visita;acordamos un plan de pagos, muy buena disposicion en el contacto (caso 1825);1
1827;319.0;26565.6;telefono;sin respuesta a los mensajes, la direccion registrada es incorrecta (caso 1826);0
1828;207.0;25264.98;whatsapp;atendio un tercero que dice no conocer al titular (caso 1827);0
1829;771.0;43170.78;telefono;acordamos un plan de pagos, muy buena disposicion en el contacto (caso 1828);1
1830;279.0;23192.95;email;acordamos un plan de pagos, muy buena disposicion en el contacto (caso 1829);1
1831;208.0;27635.43;email;confirma la transferencia realizada y envia el comprobante (caso 1830);1
1832;380.0;55133.23;visita;se niega a pagar y menciona que iniciara un reclamo (caso 1831);0
1833;262.0;36271.46;whatsapp;no atiende el telefono, el numero figura fuera de servicio (caso 1832);0
1834;78.0;63713.47;email;se niega a pagar y menciona que iniciara un reclamo (caso 1833);0
1835;1012.0;38842.43;whatsapp;acordamos un plan de pagos, muy buena disposicion en el contacto (caso 1834);1
1836;147.0;79715.66;visita;no atiende el telefono, el numero figura fuera de servicio (caso 1835);0
1837;764.0;33897.71;visita;atendio un tercero que dice no conocer al titular (caso 1836);0
1838;164.0;63558.89;whatsapp;no atiende el telefono, el numero figura fuera de servicio (caso 1837);0
1839;638.0;80489.12;whatsapp;se niega a pagar y menciona que iniciara un reclamo (caso 1838);0
1840;124.0;28894.93;whatsapp;atendio un tercero que dice no conocer al titular (caso 1839);0
1841;621.0;104593.17;visita;no atiende el telefono, el numero figura fuera de servicio (caso 1840);0
1842;80.0;34167.94;visita;atendio un tercero que dice no conocer al titular (caso 1841);0
1843;81.0;27133.99;telefono;acordamos un plan de pagos, muy buena disposicion en el contacto (caso 1842);1
1844;516.0;69663.95;whatsapp;atendio un tercero que dice no conocer al titular (caso 1843);0
1845;104.0;80902.24;telefono;acordamos un plan de pagos, muy buena disposicion en el contacto (caso 1844);1
1846;342.0;37713.28;visita;no atiende el telefono, el numero figura fuera de servicio (caso 1845);0
1847;164.0;41883.57;visita;acordamos un plan de pagos, muy buena disposicion en el contacto (caso 1846);1
1848;154.0;3312.41;whatsapp;no atiende el telefono, el numero figura fuera de servicio (caso 1847);0
1849;92.0;82755.98;telefono;atendio un tercero que dice no conocer al titular (caso 1848);0
1850;45.0;32283.99;telefono;sin respuesta a los mensajes, la direccion registrada es incorrecta (caso 1849);0
1851;250.0;113832.85;email;no atiende el telefono, el numero figura fuera de servicio (caso 1850);0
1852;508.0;4517.04;whatsapp;solicita el saldo exacto para cancelar la deuda esta semana (caso 1851);1
1853;110.0;24932.5;visita;confirma la transferencia realizada y envia el comprobante (caso 1852);1
1854;540.0;71617.23;whatsapp;confirma la transferencia realizada y envia el comprobante (caso 1853);1
1855;253.0;73383.45;whatsapp;confirma la transferencia realizada y envia el comprobante (caso 1854);1
1856;80.0;105883.13;telefono;atendio un tercero que dice no conocer al titular (caso 1855);0
1857;333.0;67070.06;visita;confirma la transferencia realizada y envia el comprobante (caso 1856);1
1858;210.0;93879.9;visita;cliente conforme, promete pagar la cuota completa este mes (caso 1857);1
1859;63.0;129838.04;visita;se niega a pagar y menciona que iniciara un reclamo (caso 1858);0
1860;298.0;43826.59;whatsapp;sin respuesta a los mensajes, la direccion registrada es incorrecta (caso 1859);0
1861;209.0;48969.43;visita;se niega a pagar y menciona que iniciara un reclamo (caso 1860);0
1862;481.0;93214.94;whatsapp;no atiende el telefono, el numero figura fuera de servicio (caso 1861);0
1863;41.0;160028.51;whatsapp;se niega a pagar y menciona que iniciara un reclamo (caso 1862);0
1864;140.0;33452.7;telefono;sin respuesta a los mensajes, la direccion registrada es incorrecta (caso 1863);0
1865;286.0;66326.78;whatsapp;solicita el saldo exacto para cancelar la deuda esta semana (caso 1864);1
1866;68.0;17736.48;telefono;confirma la transferencia realizada y envia el comprobante (caso 1865);1
1867;118.0;3458.87;email;cliente conforme, promete pagar la cuota completa este mes (caso 1866);1
1868;258.0;26560.5;whatsapp;acordamos un plan de pagos, muy buena disposicion en el contacto (caso 1867);1
1869;346.0;58202.59;telefono;atendio un tercero que dice no conocer al titular (caso 1868);0
1870;281.0;23859.48;whatsapp;no atiende el telefono, el numero figura fuera de servicio (caso 1869);0
1871;116.0;74119.89;email;solicita el saldo exacto para cancelar la deuda esta semana (caso 1870);1
1872;726.0;43289.86;whatsapp;solicita el saldo exacto para cancelar la deuda esta semana (caso 1871);1
1873;157.0;27556.8;email;no atiende el telefono, el numero figura fuera de servicio (caso 1872);0
1874;375.0;111212.64;whatsapp;atendio un tercero que dice no conocer al titular (caso 1873);0
1875;377.0;70790.3;whatsapp;se niega a pagar y menciona que iniciara un reclamo (caso 1874);0
1876;96.0;57455.0;telefono;confirma la transferencia realizada y envia el comprobante (caso 1875);1
1877;183.0;185440.81;email;no atiende el telefono, el numero figura fuera de servicio (caso 1876);0
1878;154.0;23856.39;telefono;no atiende el telefono, el numero figura fuera de servicio (caso 1877);0
1879;53.0;99445.56;email;sin respuesta a los mensajes, la direccion registrada es incorrecta (caso 1878);0
1880;450.0;114998.15;whatsapp;atendio un tercero que dice no conocer al titular (caso 1879);0
1881;147.0;43882.31;visita;cliente conforme, promete pagar la cuota completa este mes (caso 1880);1
1882;65.0;183307.59;telefono;acordamos un plan de pagos, muy buena disposicion en el contacto (caso 1881);1
1883;471.0;17426.09;email;atendio un tercero que dice no conocer al titular (caso 1882);0
1884;18.0;33954.86;telefono;se niega a pagar y menciona que iniciara un reclamo (caso 1883);0
1885;1151.0;119807.03;visita;sin respuesta a los mensajes, la direccion registrada es incorrecta (caso 1884);0
1886;462.0;93815.75;visita;acordamos un plan de pagos, muy buena disposicion en el contacto (caso 1885);1
1887;179.0;89205.9;telefono;cliente conforme, promete pagar la cuota completa este mes (caso 1886);1
1888;404.0;83738.78;visita;solicita el saldo exacto para cancelar la deuda esta semana (caso 1887);1
1889;455.0;59090.7;whatsapp;se niega a pagar y menciona que iniciara un reclamo (caso 1888);0
1890;203.0;237054.52;whatsapp;atendio un tercero que dice no conocer al titular (caso 1889);0
1891;847.0;63297.63;whatsapp;se niega a pagar y menciona que iniciara un reclamo (caso 1890);0
1892;1098.0;28886.55;email;atendio un tercero que dice no conocer al titular (caso 1891);0
1893;221.0;21946.24;telefono;acordamos un plan de pagos, muy buena disposicion en el contacto (caso 1892);1
1894;79.0;57363.13;whatsapp;confirma la transferencia realizada y envia el comprobante (caso 1893);1
1895;141.0;15003.61;email;se niega a pagar y menciona que iniciara un reclamo (caso 1894);0
1896;38.0;6659.28;whatsapp;atendio un tercero que dice no conocer al titular (caso 1895);0
1897;329.0;110131.48;email;solicita el saldo exacto para cancelar la deuda esta semana (caso 1896);1
1898;791.0;35830.32;whatsapp;solicita el saldo exacto para cancelar la deuda esta semana (caso 1897);1
1899;155.0;111466.58;email;sin respuesta a los mensajes, la direccion registrada es incorrecta (caso 1898);0
1900;162.0;50111.69;visita;acordamos un plan de pagos, muy buena disposicion en el contacto (caso 1899);1
1901;30.0;130448.46;telefono;atendio un tercero que dice no conocer al titular (caso 1900);0
1902;335.0;52328.93;email;solicita el saldo exacto para cancelar la deuda esta semana (caso 1901);1
1903;460.0;67308.13;telefono;cliente conforme, promete pagar la cuota completa este mes (caso 1902);1
1904;565.0;35121.48;whatsapp;no atiende el telefono, el numero figura fuera de servicio (caso 1903);0
1905;154.0;11611.68;telefono;no atiende el telefono, el numero figura fuera de servicio (caso 1904);0
1906;282.0;46675.82;telefono;sin respuesta a los mensajes, la direccion registrada es incorrecta (caso 1905);0
1907;660.0;7636.27;visita;no atiende el telefono, el numero figura fuera de servicio (caso 1906);0
1908;512.0;37044.02;email;acordamos un plan de pagos, muy buena disposicion en el contacto (caso 1907);1
1909;235.0;63528.61;telefono;atendio un tercero que dice no conocer al titular (caso 1908);0
1910;63.0;85987.18;whatsapp;confirma la transferencia realizada y envia el comprobante (caso 1909);1
1911;249.0;89915.49;email;sin respuesta a los mensajes, la direccion registrada es incorrecta (caso 1910);0
1912;363.0;13458.45;visita;solicita el saldo exacto para cancelar la deuda esta semana (caso 1911);1
1913;451.0;19506.69;telefono;cliente conforme, promete pagar la cuota completa este mes (caso 1912);1
1914;652.0;14598.03;email;confirma la transferencia realizada y envia el comprobante (caso 1913);1
1915;207.0;258957.7;visita;acordamos un plan de pagos, muy buena disposicion en el contacto (caso 1914);1
1916;214.0;20625.91;whatsapp;atendio un tercero que dice no conocer al titular (caso 1915);0
1917;130.0;67230.82;telefono;sin respuesta a los mensajes, la direccion registrada es incorrecta (caso 1916);0
1918;97.0;83983.94;visita;no atiende el telefono, el numero figura fuera de servicio (caso 1917);0
1919;109.0;13278.59;visita;se niega a pagar y menciona que iniciara un reclamo (caso 1918);0
1920;544.0;51051.61;email;se niega a pagar y menciona que iniciara un reclamo (caso 1919);0
1921;237.0;27228.67;visita;cliente conforme, promete pagar la cuota completa este mes (caso 1920);1
1922;128.0;56013.87;email;se niega a pagar y menciona que iniciara un reclamo (caso 1921);0
1923;118.0;11894.42;email;confirma la transferencia realizada y envia el comprobante (caso 1922);1
1924;353.0;41693.41;email;acordamos un plan de pagos, muy buena disposicion en el contacto (caso 1923);1
1925;96.0;13139.33;whatsapp;confirma la transferencia realizada y envia el comprobante (caso 1924);1
1926;51.0;83643.44;email;sin respuesta a los mensajes, la direccion registrada es incorrecta (caso 1925);0
1927;69.0;98452.14;telefono;sin respuesta a los mensajes, la direccion registrada es incorrecta (caso 1926);0
1928;157.0;41430.2;email;atendio un tercero que dice no conocer al titular (caso 1927);0
1929;253.0;8650.19;telefono;no atiende el telefono, el numero figura fuera de servicio (caso 1928);0
1930;937.0;97873.43;email;solicita el saldo exacto para cancelar la deuda esta semana (caso 1929);1
1931;113.0;124068.69;visita;atendio un tercero que dice no conocer al titular (caso 1930);0
1932;90.0;98575.84;email;solicita el saldo exacto para cancelar la deuda esta semana (caso 1931);1
1933;423.0;7745.69;telefono;acordamos un plan de pagos, muy buena disposicion en el contacto (caso 1932);1
1934;37.0;18386.52;whatsapp;atendio un tercero que dice no conocer al titular (caso 1933);0
1935;373.0;53143.44;whatsapp;cliente conforme, promete pagar la cuota completa este mes (caso 1934);1
1936;192.0;21302.09;visita;atendio un tercero que dice no conocer al titular (caso 1935);0
1937;535.0;59312.71;telefono;confirma la transferencia realizada y envia el comprobante (caso 1936);1
1938;89.0;52726.4;telefono;solicita el saldo exacto para cancelar la deuda esta semana (caso 1937);1
1939;624.0;104432.45;whatsapp;se niega a pagar y menciona que iniciara un reclamo (caso 1938);0
1940;197.0;22776.76;whatsapp;confirma la transferencia realizada y envia el comprobante (caso 1939);1
1941;219.0;76593.09;visita;se niega a pagar y menciona que iniciara un reclamo (caso 1940);0
1942;418.0;3566.83;whatsapp;solicita el saldo exacto para cancelar la deuda esta semana (caso 1941);1
1943;26.0;34945.84;telefono;atendio un tercero que dice no conocer al titular (caso 1942);0
1944;87.0;114182.45;telefono;sin respuesta a los mensajes, la direccion registrada es incorrecta (caso 1943);0
1945;44.0;112470.36;email;sin respuesta a los mensajes, la direccion registrada es incorrecta (caso 1944);0
1946;303.0;103874.69;whatsapp;atendio un tercero que dice no conocer al titular (caso 1945);0
1947;215.0;46451.48;email;acordamos un plan de pagos, muy buena disposicion en el contacto (caso 1946);1
1948;486.0;73512.16;telefono;sin respuesta a los mensajes, la direccion registrada es incorrecta (caso 1947);0
1949;160.0;26789.79;email;solicita el saldo exacto para cancelar la deuda esta semana (caso 1948);1
1950;92.0;48988.22;email;acordamos un plan de pagos, muy buena disposicion en el contacto (caso 1949);1
1951;87.0;23522.46;telefono;atendio un tercero que dice no conocer al titular (caso 1950);0
1952;239.0;56751.83;visita;solicita el saldo exacto para cancelar la deuda esta semana (caso 1951);1
1953;196.0;62370.42;email;atendio un tercero que dice no conocer al titular (caso 1952);0
1954;458.0;22742.14;visita;atendio un tercero que dice no conocer al titular (caso 1953);0
1955;476.0;35318.19;email;no atiende el telefono, el numero figura fuera de servicio (caso 1954);0
1956;150.0;96554.23;email;se niega a pagar y menciona que iniciara un reclamo (caso 1955);0
1957;540.0;136695.64;visita;no atiende el telefono, el numero figura fuera de servicio (caso 1956);0
1958;65.0;96084.29;visita;confirma la transferencia realizada y envia el comprobante (caso 1957);1
1959;105.0;28413.15;email;atendio un tercero que dice no conocer al titular (caso 1958);0
1960;337.0;20090.22;visita;no atiende el telefono, el numero figura fuera de servicio (caso 1959);0
1961;198.0;82944.92;visita;no atiende el telefono, el numero figura fuera de servicio (caso 1960);0
1962;258.0;106131.27;email;no atiende el telefono, el numero figura fuera de servicio (caso 1961);0
1963;28.0;191221.55;telefono;sin respuesta a los mensajes, la direccion registrada es incorrecta (caso 1962);0
1964;735.0;75650.17;visita;atendio un tercero que dice no conocer al titular (caso 1963);0
1965;674.0;35576.41;email;atendio un tercero que dice no conocer al titular (caso 1964);0
1966;258.0;3062.5;whatsapp;cliente conforme, promete pagar la cuota completa este mes (caso 1965);1
1967;289.0;18728.55;telefono;no atiende el telefono, el numero figura fuera de servicio (caso 1966);0
1968;153.0;35327.53;telefono;no atiende el telefono, el numero figura fuera de servicio (caso 1967);0
1969;443.0;54221.53;telefono;acordamos un plan de pagos, muy buena disposicion en el contacto (caso 1968);1
1970;45.0;52958.05;telefono;solicita el saldo exacto para cancelar la deuda esta semana (caso 1969);1
1971;593.0;49264.41;telefono;se niega a pagar y menciona que iniciara un reclamo (caso 1970);0
1972;114.0;53880.52;email;atendio un tercero que dice no conocer al titular (caso 1971);0
1973;125.0;8894.72;whatsapp;sin respuesta a los mensajes, la direccion registrada es incorrecta (caso 1972);0
1974;54.0;36975.09;telefono;atendio un tercero que dice no conocer al titular (caso 1973);0
1975;372.0;21508.98;whatsapp;atendio un tercero que dice no conocer al titular (caso 1974);0
1976;227.0;72816.04;telefono;solicita el saldo exacto para cancelar la deuda esta semana (caso 1975);1
1977;133.0;10883.42;visita;sin respuesta a los mensajes, la direccion registrada es incorrecta (caso 1976);0
1978;706.0;14456.95;email;se niega a pagar y menciona que iniciara un reclamo (caso 1977);0
1979;37.0;41287.94;email;cliente conforme, promete pagar la cuota completa este mes (caso 1978);1
1980;181.0;29048.72;email;cliente conforme, promete pagar la cuota completa este mes (caso 1979);1
1981;323.0;35145.11;visita;cliente conforme, promete pagar la cuota completa este mes (caso 1980);1
1982;411.0;56873.84;visita;sin respuesta a los mensajes, la direccion registrada es incorrecta (caso 1981);0
1983;154.0;42086.26;email;no atiende el telefono, el numero figura fuera de servicio (caso 1982);0
1984;353.0;149979.71;visita;solicita el saldo exacto para cancelar la deuda esta semana (caso 1983);1
1985;222.0;76351.83;visita;confirma la transferencia realizada y envia el comprobante (caso 1984);1
1986;125.0;52310.75;whatsapp;no atiende el telefono, el numero figura fuera de servicio (caso 1985);0
1987;405.0;87224.54;email;sin respuesta a los mensajes, la direccion registrada es incorrecta (caso 1986);0
1988;213.0;68828.67;telefono;confirma la transferencia realizada y envia el comprobante (caso 1987);1
1989;684.0;151715.37;email;no atiende el telefono, el numero figura fuera de servicio (caso 1988);0
1990;285.0;16542.96;email;atendio un tercero que dice no conocer al titular (caso 1989);0
1991;1160.0;105034.95;telefono;sin respuesta a los mensajes, la direccion registrada es incorrecta (caso 1990);0
1992;81.0;41396.03;email;atendio un tercero que dice no conocer al titular (caso 1991);0
1993;257.0;73703.14;visita;se niega a pagar y menciona que iniciara un reclamo (caso 1992);0
1994;158.0;16440.71;visita;confirma la transferencia realizada y envia el comprobante (caso 1993);1
1995;200.0;11557.31;telefono;sin respuesta a los mensajes, la direccion registrada es incorrecta (caso 1994);0
1996;706.0;39639.41;telefono;no atiende el telefono, el numero figura fuera de servicio (caso 1995);0
1997;918.0;40491.91;whatsapp;sin respuesta a los mensajes, la direccion registrada es incorrecta (caso 1996);0
1998;14.0;100427.21;email;atendio un tercero que dice no conocer al titular (caso 1997);0
1999;77.0;67855.81;telefono;atendio un tercero que dice no conocer al titular (caso 1998);0
2000;313.0;86278.5;email;confirma la transferencia realizada y envia el comprobante (caso 1999);1
2001;293.0;119630.48;visita;cliente conforme, promete pagar la cuota completa este mes (caso 2000);1
2002;1277.0;19332.11;whatsapp;solicita el saldo exacto para cancelar la deuda esta semana (caso 2001);1
2003;101.0;28139.4;whatsapp;no atiende el telefono, el numero figura fuera de servicio (caso 2002);0
2004;122.0;59718.37;visita;atendio un tercero que dice no conocer al titular (caso 2003);0
2005;222.0;35985.21;email;atendio un tercero que dice no conocer al titular (caso 2004);0
2006;386.0;62675.79;visita;sin respuesta a los mensajes, la direccion registrada es incorrecta (caso 2005);0
2007;14.0;74685.14;email;cliente conforme, promete pagar la cuota completa este mes (caso 2006);1
2008;37.0;18829.74;visita;no atiende el telefono, el numero figura fuera de servicio (caso 2007);0
2009;122.0;67886.17;whatsapp;se niega a pagar y menciona que iniciara un reclamo (caso 2008);0
2010;118.0;72296.19;email;se niega a pagar y menciona que iniciara un reclamo (caso 2009);0
2011;231.0;103469.85;visita;sin respuesta a los mensajes, la direccion registrada es incorrecta (caso 2010);0
2012;356.0;42430.21;email;no atiende el telefono, el numero figura fuera de servicio (caso 2011);0
2013;516.0;41473.8;email;no atiende el telefono, el numero figura fuera de servicio (caso 2012);0
2014;628.0;64839.26;whatsapp;solicita el saldo exacto para cancelar la deuda esta semana (caso 2013);1
2015;1146.0;25178.33;telefono;confirma la transferencia realizada y envia el comprobante (caso 2014);1
2016;72.0;56483.41;whatsapp;no atiende el telefono, el numero figura fuera de servicio (caso 2015);0
2017;493.0;82341.87;visita;cliente conforme, promete pagar la cuota completa este mes (caso 2016);1
2018;55.0;21714.85;telefono;confirma la transferencia realizada y envia el comprobante (caso 2017);1
2019;189.0;40057.19;whatsapp;cliente conforme, promete pagar la cuota completa este mes (caso 2018);1
2020;157.0;61844.26;email;sin respuesta a los mensajes, la direccion registrada es incorrecta (caso 2019);0
2021;661.0;35923.68;email;confirma la transferencia realizada y envia el comprobante (caso 2020);1
2022;502.0;21916.58;whatsapp;cliente conforme, promete pagar la cuota completa este mes (caso 2021);1
2023;119.0;46495.98;telefono;sin respuesta a los mensajes, la direccion registrada es incorrecta (caso 2022);0
2024;914.0;18208.78;visita;no atiende el telefono, el numero figura fuera de servicio (caso 2023);0
2025;1029.0;80963.74;whatsapp;solicita el saldo exacto para cancelar la deuda esta semana (caso 2024);1
2026;1072.0;81307.11;whatsapp;se niega a pagar y menciona que iniciara un reclamo (caso 2025);0
2027;160.0;19790.86;email;no atiende el telefono, el numero figura fuera de servicio (caso 2026);0
2028;363.0;120717.36;telefono;cliente conforme, promete pagar la cuota completa este mes (caso 2027);1
2029;30.0;69830.77;visita;confirma la transferencia realizada y envia el comprobante (caso 2028);1
2030;147.0;51913.5;visita;no atiende el telefono, el numero figura fuera de servicio (caso 2029);0
2031;117.0;9996.86;visita;solicita el saldo exacto para cancelar la deuda esta semana (caso 2030);1
2032;305.0;44086.74;whatsapp;sin respuesta a los mensajes, la direccion registrada es incorrecta (caso 2031);0
2033;226.0;160236.35;email;no atiende el telefono, el numero figura fuera de servicio (caso 2032);0
2034;264.0;46159.08;whatsapp;confirma la transferencia realizada y envia el comprobante (caso 2033);1
2035;32.0;17752.98;email;se niega a pagar y menciona que iniciara un reclamo (caso 2034);0
2036;173.0;38804.93;telefono;sin respuesta a los mensajes, la direccion registrada es incorrecta (caso 2035);0
2037;28.0;14575.59;visita;solicita el saldo exacto para cancelar la deuda esta semana (caso 2036);1
2038;409.0;72853.61;whatsapp;no atiende el telefono, el numero figura fuera de servicio (caso 2037);0
2039;452.0;60273.24;whatsapp;sin respuesta a los mensajes, la direccion registrada es incorrecta (caso 2038);0
2040;223.0;242470.76;telefono;sin respuesta a los mensajes, la direccion registrada es incorrecta (caso 2039);0
2041;312.0;85500.23;telefono;se niega a pagar y menciona que iniciara un reclamo (caso 2040);0
2042;352.0;30389.24;email;no atiende el telefono, el numero figura fuera de servicio (caso 2041);0
2043;177.0;10681.38;visita;se niega a pagar y menciona que iniciara un reclamo (caso 2042);0
2044;423.0;75619.68;whatsapp;atendio un tercero que dice no conocer al titular (caso 2043);0
2045;402.0;40511.42;telefono;acordamos un plan de pagos, muy buena disposicion en el contacto (caso 2044);1
2046;87.0;17248.41;visita;sin respuesta a los mensajes, la direccion registrada es incorrecta (caso 2045);0
2047;390.0;144240.63;visita;se niega a pagar y menciona que iniciara un reclamo (caso 2046);0
2048;169.0;36064.0;email;acordamos un plan de pagos, muy buena disposicion en el contacto (caso 2047);1
2049;85.0;21248.21;visita;sin respuesta a los mensajes, la direccion registrada es incorrecta (caso 2048);0
2050;314.0;72939.87;whatsapp;no atiende el telefono, el numero figura fuera de servicio (caso 2049);0
2051;279.0;31814.64;telefono;no atiende el telefono, el numero figura fuera de servicio (caso 2050);0
2052;185.0;20206.53;telefono;acordamos un plan de pagos, muy buena disposicion en el contacto (caso 2051);1
2053;67.0;64625.34;visita;atendio un tercero que dice no conocer al titular (caso 2052);0
2054;277.0;60667.85;telefono;se niega a pagar y menciona que iniciara un reclamo (caso 2053);0
2055;38.0;148301.86;visita;se niega a pagar y menciona que iniciara un reclamo (caso 2054);0
2056;200.0;38410.97;whatsapp;sin respuesta a los mensajes, la direccion registrada es incorrecta (caso 2055);0
2057;319.0;70588.59;whatsapp;no atiende el telefono, el numero figura fuera de servicio (caso 2056);0
2058;224.0;10662.63;whatsapp;acordamos un plan de pagos, muy buena disposicion en el contacto (caso 2057);1
2059;175.0;56654.87;email;no atiende el telefono, el numero figura fuera de servicio (caso 2058);0
2060;17.0;19396.99;email;atendio un tercero que dice no conocer al titular (caso 2059);0
2061;37.0;216577.0;whatsapp;cliente conforme, promete pagar la cuota completa este mes (caso 2060);1
2062;428.0;51447.11;telefono;acordamos un plan de pagos, muy buena disposicion en el contacto (caso 2061);1
2063;116.0;17694.01;whatsapp;solicita el saldo exacto para cancelar la deuda esta semana (caso 2062);1
2064;264.0;86864.79;whatsapp;atendio un tercero que dice no conocer al titular (caso 2063);0
2065;75.0;80522.27;whatsapp;no atiende el telefono, el numero figura fuera de servicio (caso 2064);0
2066;158.0;87682.14;whatsapp;no atiende el telefono, el numero figura fuera de servicio (caso 2065);0
2067;123.0;29681.61;telefono;atendio un tercero que dice no conocer al titular (caso 2066);0
2068;139.0;82611.44;telefono;no atiende el telefono, el numero figura fuera de servicio (caso 2067);0
2069;483.0;53397.21;telefono;sin respuesta a los mensajes, la direccion registrada es incorrecta (caso 2068);0
2070;173.0;50128.04;whatsapp;sin respuesta a los mensajes, la direccion registrada es incorrecta (caso 2069);0
2071;38.0;50130.95;visita;sin respuesta a los mensajes, la direccion registrada es incorrecta (caso 2070);0
2072;372.0;14680.83;telefono;no atiende el telefono, el numero figura fuera de servicio (caso 2071);0
2073;276.0;42597.39;visita;cliente conforme, promete pagar la cuota completa este mes (caso 2072);1
2074;53.0;130716.44;visita;no atiende el telefono, el numero figura fuera de servicio (caso 2073);0
2075;45.0;1755.51;whatsapp;sin respuesta a los mensajes, la direccion registrada es incorrecta (caso 2074);0
2076;216.0;143425.18;email;sin respuesta a los mensajes, la direccion registrada es incorrecta (caso 2075);0
2077;237.0;43625.68;telefono;se niega a pagar y menciona que iniciara un reclamo (caso 2076);0
2078;52.0;30880.45;visita;se niega a pagar y menciona que iniciara un reclamo (caso 2077);0
2079;788.0;149613.11;email;se niega a pagar y menciona que iniciara un reclamo (caso 2078);0
2080;261.0;86083.08;whatsapp;no atiende el telefono, el numero figura fuera de servicio (caso 2079);0
2081;488.0;104598.27;email;se niega a pagar y menciona que iniciara un reclamo (caso 2080);0
2082;1125.0;47535.95;visita;no atiende el telefono, el numero figura fuera de servicio (caso 2081);0
2083;1007.0;34556.7;whatsapp;sin respuesta a los mensajes, la direccion registrada es incorrecta (caso 2082);0
2084;208.0;77424.19;whatsapp;no atiende el telefono, el numero figura fuera de servicio (caso 2083);0
2085;5.0;126617.25;email;sin respuesta a los mensajes, la direccion registrada es incorrecta (caso 2084);0
2086;590.0;92420.48;whatsapp;no atiende el telefono, el numero figura fuera de servicio (caso 2085);0
2087;98.0;28995.08;visita;no atiende el telefono, el numero figura fuera de servicio (caso 2086);0
2088;68.0;66529.17;telefono;confirma la transferencia realizada y envia el comprobante (caso 2087);1
2089;291.0;60000.83;email;sin respuesta a los mensajes, la direccion registrada es incorrecta (caso 2088);0
2090;176.0;53359.86;email;cliente conforme, promete pagar la cuota completa este mes (caso 2089);1
2091;67.0;50064.46;email;solicita el saldo exacto para cancelar la deuda esta semana (caso 2090);1
2092;123.0;146252.45;email;no atiende el telefono, el numero figura fuera de servicio (caso 2091);0
2093;363.0;50588.8;whatsapp;confirma la transferencia realizada y envia el comprobante (caso 2092);1
2094;98.0;72349.08;visita;atendio un tercero que dice no conocer al titular (caso 2093);0
2095;119.0;138846.57;whatsapp;solicita el saldo exacto para cancelar la deuda esta semana (caso 2094);1
2096;636.0;61902.58;visita;confirma la transferencia realizada y envia el comprobante (caso 2095);1
2097;847.0;4930.86;email;se niega a pagar y menciona que iniciara un reclamo (caso 2096);0
2098;88.0;153501.32;telefono;se niega a pagar y menciona que iniciara un reclamo (caso 2097);0
2099;468.0;9307.4;visita;cliente conforme, promete pagar la cuota completa este mes (caso 2098);1
2100;60.0;36868.58;visita;se niega a pagar y menciona que iniciara un reclamo (caso 2099);0
2101;31.0;138361.92;whatsapp;acordamos un plan de pagos, muy buena disposicion en el contacto (caso 2100);1
2102;276.0;61354.45;whatsapp;solicita el saldo exacto para cancelar la deuda esta semana (caso 2101);1
2103;55.0;98971.78;email;sin respuesta a los mensajes, la direccion registrada es incorrecta (caso 2102);0
2104;480.0;68717.26;visita;acordamos un plan de pagos, muy buena disposicion en el contacto (caso 2103);1
2105;317.0;48075.51;whatsapp;no atiende el telefono, el numero figura fuera de servicio (caso 2104);0
2106;138.0;29115.65;telefono;no atiende el telefono, el numero figura fuera de servicio (caso 2105);0
2107;352.0;8535.07;visita;sin respuesta a los mensajes, la direccion registrada es incorrecta (caso 2106);0
2108;259.0;35806.67;email;se niega a pagar y menciona que iniciara un reclamo (caso 2107);0
2109;187.0;92362.23;telefono;sin respuesta a los mensajes, la direccion registrada es incorrecta (caso 2108);0
2110;487.0;29148.14;whatsapp;atendio un tercero que dice no conocer al titular (caso 2109);0
2111;974.0;11430.0;email;sin respuesta a los mensajes, la direccion registrada es incorrecta (caso 2110);0
2112;225.0;30886.56;email;no atiende el telefono, el numero figura fuera de servicio (caso 2111);0
2113;198.0;64447.94;visita;confirma la transferencia realizada y envia el comprobante (caso 2112);1
2114;535.0;32400.02;telefono;sin respuesta a los mensajes, la direccion registrada es incorrecta (caso 2113);0
2115;322.0;136125.03;visita;se niega a pagar y menciona que iniciara un reclamo (caso 2114);0
2116;206.0;141048.8;email;sin respuesta a los mensajes, la direccion registrada es incorrecta (caso 2115);0
2117;822.0;73678.28;whatsapp;sin respuesta a los mensajes, la direccion registrada es incorrecta (caso 2116);0
2118;444.0;67940.2;whatsapp;solicita el saldo exacto para cancelar la deuda esta semana (caso 2117);1
2119;16.0;50338.96;email;acordamos un plan de pagos, muy buena disposicion en el contacto (caso 2118);1
2120;193.0;152712.91;telefono;atendio un tercero que dice no conocer al titular (caso 2119);0
2121;104.0;18944.25;email;no atiende el telefono, el numero figura fuera de servicio (caso 2120);0
2122;677.0;150381.12;email;solicita el saldo exacto para cancelar la deuda esta semana (caso 2121);1
2123;186.0;39617.29;whatsapp;se niega a pagar y menciona que iniciara un reclamo (caso 2122);0
2124;182.0;146151.84;email;atendio un tercero que dice no conocer al titular (caso 2123);0
2125;385.0;10537.71;telefono;solicita el saldo exacto para cancelar la deuda esta semana (caso 2124);1
2126;812.0;79916.54;email;acordamos un plan de pagos, muy buena disposicion en el contacto (caso 2125);1
2127;445.0;68192.64;telefono;atendio un tercero que dice no conocer al titular (caso 2126);0
2128;215.0;68823.55;telefono;no atiende el telefono, el numero figura fuera de servicio (caso 2127);0
2129;25.0;35147.12;visita;acordamos un plan de pagos, muy buena disposicion en el contacto (caso 2128);1
2130;193.0;55650.34;whatsapp;sin respuesta a los mensajes, la direccion registrada es incorrecta (caso 2129);0
2131;299.0;25417.57;visita;se niega a pagar y menciona que iniciara un reclamo (caso 2130);0
2132;158.0;23097.31;email;sin respuesta a los mensajes, la direccion registrada es incorrecta (caso 2131);0
2133;86.0;67581.18;telefono;atendio un tercero que dice no conocer al titular (caso 2132);0
2134;240.0;24282.76;visita;sin respuesta a los mensajes, la direccion registrada es incorrecta (caso 2133);0
2135;479.0;14700.31;telefono;se niega a pagar y menciona que iniciara un reclamo (caso 2134);0
2136;444.0;64255.62;telefono;solicita el saldo exacto para cancelar la deuda esta semana (caso 2135);1
2137;230.0;71316.81;email;se niega a pagar y menciona que iniciara un reclamo (caso 2136);0
2138;203.0;63689.12;visita;sin respuesta a los mensajes, la direccion registrada es incorrecta (caso 2137);0
2139;128.0;39539.34;email;acordamos un plan de pagos, muy buena disposicion en el contacto (caso 2138);1
2140;269.0;29770.13;visita;no atiende el telefono, el numero figura fuera de servicio (caso 2139);0
2141;473.0;47894.26;telefono;solicita el saldo exacto para cancelar la deuda esta semana (caso 2140);1
2142;549.0;71342.33;telefono;solicita el saldo exacto para cancelar la deuda esta semana (caso 2141);1
2143;709.0;56945.58;whatsapp;se niega a pagar y menciona que iniciara un reclamo (caso 2142);0
2144;527.0;55821.86;telefono;sin respuesta a los mensajes, la direccion registrada es incorrecta (caso 2143);0
2145;29.0;168367.22;email;atendio un tercero que dice no conocer al titular (caso 2144);0
2146;65.0;66618.03;telefono;cliente conforme, promete pagar la cuota completa este mes (caso 2145);1
2147;251.0;139591.39;visita;atendio un tercero que dice no conocer al titular (caso 2146);0
2148;164.0;102885.44;visita;no atiende el telefono, el numero figura fuera de servicio (caso 2147);0
2149;182.0;96020.23;visita;sin respuesta a los mensajes, la direccion registrada es incorrecta (caso 2148);0
2150;116.0;9633.44;whatsapp;acordamos un plan de pagos, muy buena disposicion en el contacto (caso 2149);1
2151;287.0;33767.47;email;sin respuesta a los mensajes, la direccion registrada es incorrecta (caso 2150);0
2152;111.0;28904.22;visita;se niega a pagar y menciona que iniciara un reclamo (caso 2151);0
2153;534.0;23127.52;email;se niega a pagar y menciona que iniciara un reclamo (caso 2152);0
2154;587.0;134209.0;email;sin respuesta a los mensajes, la direccion registrada es incorrecta (caso 2153);0
2155;318.0;22273.87;whatsapp;confirma la transferencia realizada y envia el comprobante (caso 2154);1
2156;194.0;46128.5;email;no atiende el telefono, el numero figura fuera de servicio (caso 2155);0
2157;361.0;48192.54;visita;no atiende el telefono, el numero figura fuera de servicio (caso 2156);0
2158;578.0;176690.29;telefono;atendio un tercero que dice no conocer al titular (caso 2157);0
2159;173.0;57494.05;visita;no atiende el telefono, el numero figura fuera de servicio (caso 2158);0
2160;40.0;53855.98;email;no atiende el telefono, el numero figura fuera de servicio (caso 2159);0
2161;366.0;109300.14;whatsapp;acordamos un plan de pagos, muy buena disposicion en el contacto (caso 2160);1
2162;397.0;38083.83;telefono;no atiende el telefono, el numero figura fuera de servicio (caso 2161);0
2163;593.0;34501.32;whatsapp;se niega a pagar y menciona que iniciara un reclamo (caso 2162);0
2164;226.0;28062.02;email;no atiende el telefono, el numero figura fuera de servicio (caso 2163);0
2165;561.0;100861.25;email;cliente conforme, promete pagar la cuota completa este mes (caso 2164);1
2166;481.0;142739.43;telefono;se niega a pagar y menciona que iniciara un reclamo (caso 2165);0
2167;627.0;35946.35;whatsapp;confirma la transferencia realizada y envia el comprobante (caso 2166);1
2168;330.0;70671.82;whatsapp;sin respuesta a los mensajes, la direccion registrada es incorrecta (caso 2167);0
2169;225.0;28246.13;visita;cliente conforme, promete pagar la cuota completa este mes (caso 2168);1
2170;151.0;45450.7;email;atendio un tercero que dice no conocer al titular (caso 2169);0
2171;443.0;22652.63;whatsapp;acordamos un plan de pagos, muy buena disposicion en el contacto (caso 2170);1
2172;136.0;16725.94;email;solicita el saldo exacto para cancelar la deuda esta semana (caso 2171);1
2173;254.0;100467.15;email;sin respuesta a los mensajes, la direccion registrada es incorrecta (caso 2172);0
2174;412.0;39533.85;whatsapp;cliente conforme, promete pagar la cuota completa este mes (caso 2173);1
2175;13.0;5687.3;email;sin respuesta a los mensajes, la direccion registrada es incorrecta (caso 2174);0
2176;54.0;64138.42;whatsapp;atendio un tercero que dice no conocer al titular (caso 2175);0
2177;47.0;27691.74;telefono;se niega a pagar y menciona que iniciara un reclamo (caso 2176);0
2178;95.0;76745.89;visita;confirma la transferencia realizada y envia el comprobante (caso 2177);1
2179;318.0;82722.33;visita;cliente conforme, promete pagar la cuota completa este mes (caso 2178);1
2180;230.0;21887.9;whatsapp;confirma la transferencia realizada y envia el comprobante (caso 2179);1
2181;69.0;36684.56;visita;no atiende el telefono, el numero figura fuera de servicio (caso 2180);0
2182;193.0;100105.62;email;sin respuesta a los mensajes, la direccion registrada es incorrecta (caso 2181);0
2183;339.0;52842.17;telefono;acordamos un plan de pagos, muy buena disposicion en el contacto (caso 2182);1
2184;472.0;39074.7;telefono;se niega a pagar y menciona que iniciara un reclamo (caso 2183);0
2185;170.0;57559.8;email;confirma la transferencia realizada y envia el comprobante (caso 2184);1
2186;283.0;55879.16;telefono;no atiende el telefono, el numero figura fuera de servicio (caso 2185);0
2187;451.0;114606.48;visita;atendio un tercero que dice no conocer al titular (caso 2186);0
2188;238.0;62000.28;visita;cliente conforme, promete pagar la cuota completa este mes (caso 2187);1
2189;375.0;43931.22;telefono;confirma la transferencia realizada y envia el comprobante (caso 2188);1
2190;349.0;84955.66;whatsapp;no atiende el telefono, el numero figura fuera de servicio (caso 2189);0
2191;482.0;142916.29;whatsapp;cliente conforme, promete pagar la cuota completa este mes (caso 2190);1
2192;106.0;19639.0;whatsapp;cliente conforme, promete pagar la cuota completa este mes (caso 2191);1
2193;239.0;34761.96;whatsapp;confirma la transferencia realizada y envia el comprobante (caso 2192);1
2194;299.0;47355.97;visita;acordamos un plan de pagos, muy buena disposicion en el contacto (caso 2193);1
2195;626.0;52379.77;email;confirma la transferencia realizada y envia el comprobante (caso 2194);1
2196;85.0;22160.05;telefono;sin respuesta a los mensajes, la direccion registrada es incorrecta (caso 2195);0
2197;545.0;172092.43;whatsapp;sin respuesta a los mensajes, la direccion registrada es incorrecta (caso 2196);0
2198;206.0;102058.5;email;solicita el saldo exacto para cancelar la deuda esta semana (caso 2197);1
2199;587.0;196821.94;email;se niega a pagar y menciona que iniciara un reclamo (caso 2198);0
2200;509.0;28904.21;visita;atendio un tercero que dice no conocer al titular (caso 2199);0
2201;74.0;22572.45;email;sin respuesta a los mensajes, la direccion registrada es incorrecta (caso 2200);0
2202;196.0;14137.32;telefono;no atiende el telefono, el numero figura fuera de servicio (caso 2201);0
2203;350.0;56115.87;email;cliente conforme, promete pagar la cuota completa este mes (caso 2202);1
2204;410.0;86988.04;visita;se niega a pagar y menciona que iniciara un reclamo (caso 2203);0
2205;91.0;48238.71;whatsapp;solicita el saldo exacto para cancelar la deuda esta semana (caso 2204);1
2206;115.0;68739.81;email;sin respuesta a los mensajes, la direccion registrada es incorrecta (caso 2205);0
2207;167.0;28837.91;email;se niega a pagar y menciona que iniciara un reclamo (caso 2206);0
2208;56.0;196403.36;whatsapp;se niega a pagar y menciona que iniciara un reclamo (caso 2207);0
2209;208.0;73540.69;whatsapp;sin respuesta a los mensajes, la direccion registrada es incorrecta (caso 2208);0
2210;113.0;16281.53;email;se niega a pagar y menciona que iniciara un reclamo (caso 2209);0
2211;631.0;66760.5;visita;sin respuesta a los mensajes, la direccion registrada es incorrecta (caso 2210);0
2212;385.0;15445.95;visita;confirma la transferencia realizada y envia el comprobante (caso 2211);1
2213;265.0;108317.83;email;atendio un tercero que dice no conocer al titular (caso 2212);0
2214;109.0;122159.22;email;sin respuesta a los mensajes, la direccion registrada es incorrecta (caso 2213);0
2215;57.0;5422.23;email;acordamos un plan de pagos, muy buena disposicion en el contacto (caso 2214);1
2216;107.0;23452.91;telefono;acordamos un plan de pagos, muy buena disposicion en el contacto (caso 2215);1
2217;568.0;22084.75;visita;cliente conforme, promete pagar la cuota completa este mes (caso 2216);1
2218;96.0;17849.04;telefono;atendio un tercero que dice no conocer al titular (caso 2217);0
2219;285.0;177189.8;visita;acordamos un plan de pagos, muy buena disposicion en el contacto (caso 2218);1
2220;175.0;217041.51;whatsapp;se niega a pagar y menciona que iniciara un reclamo (caso 2219);0
2221;515.0;36034.53;email;se niega a pagar y menciona que iniciara un reclamo (caso 2220);0
2222;34.0;105744.71;whatsapp;atendio un tercero que dice no conocer al titular (caso 2221);0
2223;190.0;27112.33;email;sin respuesta a los mensajes, la direccion registrada es incorrecta (caso 2222);0
2224;302.0;59972.65;visita;se niega a pagar y menciona que iniciara un reclamo (caso 2223);0
2225;114.0;55401.43;whatsapp;solicita el saldo exacto para cancelar la deuda esta semana (caso 2224);1
2226;499.0;87482.08;email;no atiende el telefono, el numero figura fuera de servicio (caso 2225);0
2227;250.0;57392.72;telefono;se niega a pagar y menciona que iniciara un reclamo (caso 2226);0
2228;292.0;36517.03;telefono;no atiende el telefono, el numero figura fuera de servicio (caso 2227);0
2229;204.0;121152.72;email;sin respuesta a los mensajes, la direccion registrada es incorrecta (caso 2228);0
2230;221.0;41976.39;visita;no atiende el telefono, el numero figura fuera de servicio (caso 2229);0
2231;210.0;83608.86;telefono;cliente conforme, promete pagar la cuota completa este mes (caso 2230);1
2232;33.0;147897.84;telefono;se niega a pagar y menciona que iniciara un reclamo (caso 2231);0
2233;211.0;27006.93;telefono;se niega a pagar y menciona que iniciara un reclamo (caso 2232);0
2234;37.0;43628.3;visita;solicita el saldo exacto para cancelar la deuda esta semana (caso 2233);1
2235;61.0;130269.03;telefono;solicita el saldo exacto para cancelar la deuda esta semana (caso 2234);1
2236;128.0;53371.69;telefono;se niega a pagar y menciona que iniciara un reclamo (caso 2235);0
2237;29.0;103533.19;email;cliente conforme, promete pagar la cuota completa este mes (caso 2236);1
2238;728.0;141137.77;email;sin respuesta a los mensajes, la direccion registrada es incorrecta (caso 2237);0
2239;304.0;46729.78;telefono;se niega a pagar y menciona que iniciara un reclamo (caso 2238);0
2240;496.0;81996.08;visita;sin respuesta a los mensajes, la direccion registrada es incorrecta (caso 2239);0
2241;120.0;89733.77;email;confirma la transferencia realizada y envia el comprobante (caso 2240);1
2242;14.0;191560.02;visita;cliente conforme, promete pagar la cuota completa este mes (caso 2241);1
2243;544.0;32667.43;telefono;acordamos un plan de pagos, muy buena disposicion en el contacto (caso 2242);1
2244;111.0;21295.94;visita;no atiende el telefono, el numero figura fuera de servicio (caso 2243);0
2245;222.0;40650.06;whatsapp;atendio un tercero que dice no conocer al titular (caso 2244);0
2246;78.0;34832.79;whatsapp;atendio un tercero que dice no conocer al titular (caso 2245);0
2247;499.0;152442.53;visita;solicita el saldo exacto para cancelar la deuda esta semana (caso 2246);1
2248;276.0;174120.61;whatsapp;acordamos un plan de pagos, muy buena disposicion en el contacto (caso 2247);1
2249;276.0;21714.94;whatsapp;sin respuesta a los mensajes, la direccion registrada es incorrecta (caso 2248);0
2250;64.0;49064.28;whatsapp;no atiende el telefono, el numero figura fuera de servicio (caso 2249);0
2251;311.0;35363.24;visita;atendio un tercero que dice no conocer al titular (caso 2250);0
2252;516.0;11142.31;email;sin respuesta a los mensajes, la direccion registrada es incorrecta (caso 2251);0
2253;64.0;96092.71;visita;acordamos un plan de pagos, muy buena disposicion en el contacto (caso 2252);1
2254;114.0;36820.27;email;atendio un tercero que dice no conocer al titular (caso 2253);0
2255;235.0;50156.87;email;se niega a pagar y menciona que iniciara un reclamo (caso 2254);0
2256;181.0;66864.64;email;atendio un tercero que dice no conocer al titular (caso 2255);0
2257;226.0;64913.35;visita;solicita el saldo exacto para cancelar la deuda esta semana (caso 2256);1
2258;143.0;30878.32;telefono;no atiende el telefono, el numero figura fuera de servicio (caso 2257);0
2259;195.0;38524.03;visita;confirma la transferencia realizada y envia el comprobante (caso 2258);1
2260;308.0;42293.27;visita;sin respuesta a los mensajes, la direccion registrada es incorrecta (caso 2259);0
2261;47.0;57249.97;visita;confirma la transferencia realizada y envia el comprobante (caso 2260);1
2262;69.0;19672.48;whatsapp;confirma la transferencia realizada y envia el comprobante (caso 2261);1
2263;524.0;6823.02;telefono;confirma la transferencia realizada y envia el comprobante (caso 2262);1
2264;495.0;8066.5;telefono;no atiende el telefono, el numero figura fuera de servicio (caso 2263);0
2265;53.0;45272.27;visita;solicita el saldo exacto para cancelar la deuda esta semana (caso 2264);1
2266;159.0;6484.42;telefono;no atiende el telefono, el numero figura fuera de servicio (caso 2265);0
2267;168.0;121149.86;visita;se niega a pagar y menciona que iniciara un reclamo (caso 2266);0
2268;135.0;53351.45;whatsapp;acordamos un plan de pagos, muy buena disposicion en el contacto (caso 2267);1
2269;373.0;22075.03;whatsapp;atendio un tercero que dice no conocer al titular (caso 2268);0
2270;446.0;68071.89;whatsapp;atendio un tercero que dice no conocer al titular (caso 2269);0
2271;153.0;172322.1;email;solicita el saldo exacto para cancelar la deuda esta semana (caso 2270);1
2272;432.0;61644.92;visita;no atiende el telefono, el numero figura fuera de servicio (caso 2271);0
2273;501.0;50302.94;email;solicita el saldo exacto para cancelar la deuda esta semana (caso 2272);1
2274;290.0;80156.29;whatsapp;solicita el saldo exacto para cancelar la deuda esta semana (caso 2273);1
2275;64.0;76388.95;whatsapp;atendio un tercero que dice no conocer al titular (caso 2274);0
2276;513.0;78248.27;telefono;se niega a pagar y menciona que iniciara un reclamo (caso 2275);0
2277;545.0;68641.48;visita;no atiende el telefono, el numero figura fuera de servicio (caso 2276);0
2278;87.0;30959.66;visita;se niega a pagar y menciona que iniciara un reclamo (caso 2277);0
2279;98.0;162516.31;whatsapp;solicita el saldo exacto para cancelar la deuda esta semana (caso 2278);1
2280;117.0;31477.92;whatsapp;atendio un tercero que dice no conocer al titular (caso 2279);0
2281;287.0;62860.15;visita;no atiende el telefono, el numero figura fuera de servicio (caso 2280);0
2282;153.0;12546.77;visita;no atiende el telefono, el numero figura fuera de servicio (caso 2281);0
2283;273.0;59326.52;visita;atendio un tercero que dice no conocer al titular (caso 2282);0
2284;206.0;89669.05;email;atendio un tercero que dice no conocer al titular (caso 2283);0
2285;202.0;11219.05;email;cliente conforme, promete pagar la cuota completa este mes (caso 2284);1
2286;53.0;123015.18;whatsapp;atendio un tercero que dice no conocer al titular (caso 2285);0
2287;1581.0;197408.65;telefono;atendio un tercero que dice no conocer al titular (caso 2286);0
2288;27.0;69198.26;visita;se niega a pagar y menciona que iniciara un reclamo (caso 2287);0
2289;417.0;29807.34;visita;cliente conforme, promete pagar la cuota completa este mes (caso 2288);1
2290;325.0;40813.54;visita;atendio un tercero que dice no conocer al titular (caso 2289);0
2291;538.0;52456.79;whatsapp;atendio un tercero que dice no conocer al titular (caso 2290);0
2292;560.0;17731.17;visita;atendio un tercero que dice no conocer al titular (caso 2291);0
2293;224.0;30148.85;visita;acordamos un plan de pagos, muy buena disposicion en el contacto (caso 2292);1
2294;133.0;15756.07;telefono;se niega a pagar y menciona que iniciara un reclamo (caso 2293);0
2295;280.0;91063.0;whatsapp;acordamos un plan de pagos, muy buena disposicion en el contacto (caso 2294);1
2296;107.0;37865.38;email;no atiende el telefono, el numero figura fuera de servicio (caso 2295);0
2297;706.0;39220.49;whatsapp;no atiende el telefono, el numero figura fuera de servicio (caso 2296);0
2298;1181.0;111322.3;visita;sin respuesta a los mensajes, la direccion registrada es incorrecta (caso 2297);0
2299;133.0;129482.53;visita;acordamos un plan de pagos, muy buena disposicion en el contacto (caso 2298);1
2300;315.0;72265.87;whatsapp;no atiende el telefono, el numero figura fuera de servicio (caso 2299);0
2301;68.0;105829.34;email;atendio un tercero que dice no conocer al titular (caso 2300);0
2302;134.0;63994.06;visita;confirma la transferencia realizada y envia el comprobante (caso 2301);1
2303;413.0;87507.64;visita;atendio un tercero que dice no conocer al titular (caso 2302);0
2304;447.0;70896.59;whatsapp;cliente conforme, promete pagar la cuota completa este mes (caso 2303);1
2305;163.0;81104.54;whatsapp;se niega a pagar y menciona que iniciara un reclamo (caso 2304);0
2306;173.0;51804.98;telefono;atendio un tercero que dice no conocer al titular (caso 2305);0
2307;157.0;37200.61;telefono;solicita el saldo exacto para cancelar la deuda esta semana (caso 2306);1
2308;299.0;12559.78;email;cliente conforme, promete pagar la cuota completa este mes (caso 2307);1
2309;167.0;74210.15;telefono;se niega a pagar y menciona que iniciara un reclamo (caso 2308);0
2310;111.0;50252.86;email;acordamos un plan de pagos, muy buena disposicion en el contacto (caso 2309);1
2311;210.0;82536.65;visita;sin respuesta a los mensajes, la direccion registrada es incorrecta (caso 2310);0
2312;751.0;5370.77;email;sin respuesta a los mensajes, la direccion registrada es incorrecta (caso 2311);0
2313;273.0;139220.94;whatsapp;cliente conforme, promete pagar la cuota completa este mes (caso 2312);1
2314;185.0;33466.03;visita;confirma la transferencia realizada y envia el comprobante (caso 2313);1
2315;5.0;95124.79;telefono;no atiende el telefono, el numero figura fuera de servicio (caso 2314);0
2316;372.0;48858.71;visita;sin respuesta a los mensajes, la direccion registrada es incorrecta (caso 2315);0
2317;175.0;29962.97;telefono;no atiende el telefono, el numero figura fuera de servicio (caso 2316);0
2318;258.0;38867.67;visita;no atiende el telefono, el numero figura fuera de servicio (caso 2317);0
2319;229.0;70669.94;whatsapp;solicita el saldo exacto para cancelar la deuda esta semana (caso 2318);1
2320;360.0;17265.79;telefono;atendio un tercero que dice no conocer al titular (caso 2319);0
2321;363.0;25004.08;email;confirma la transferencia realizada y envia el comprobante (caso 2320);1
2322;506.0;31739.95;visita;se niega a pagar y menciona que iniciara un reclamo (caso 2321);0
2323;350.0;19329.43;email;atendio un tercero que dice no conocer al titular (caso 2322);0
2324;827.0;89374.84;telefono;sin respuesta a los mensajes, la direccion registrada es incorrecta (caso 2323);0
2325;308.0;78625.81;whatsapp;no atiende el telefono, el numero figura fuera de servicio (caso 2324);0
2326;150.0;64126.88;whatsapp;acordamos un plan de pagos, muy buena disposicion en el contacto (caso 2325);1
2327;916.0;64322.08;visita;se niega a pagar y menciona que iniciara un reclamo (caso 2326);0
2328;506.0;27371.58;telefono;se niega a pagar y menciona que iniciara un reclamo (caso 2327);0
2329;68.0;39859.9;telefono;sin respuesta a los mensajes, la direccion registrada es incorrecta (caso 2328);0
2330;319.0;32762.01;email;atendio un tercero que dice no conocer al titular (caso 2329);0
2331;716.0;37804.34;telefono;atendio un tercero que dice no conocer al titular (caso 2330);0
2332;1048.0;64899.88;email;no atiende el telefono, el numero figura fuera de servicio (caso 2331);0
2333;309.0;61815.69;visita;atendio un tercero que dice no conocer al titular (caso 2332);0
2334;728.0;123595.92;email;atendio un tercero que dice no conocer al titular (caso 2333);0
2335;110.0;43837.61;whatsapp;atendio un tercero que dice no conocer al titular (caso 2334);0
2336;76.0;62882.48;whatsapp;atendio un tercero que dice no conocer al titular (caso 2335);0
2337;244.0;99947.92;telefono;se niega a pagar y menciona que iniciara un reclamo (caso 2336);0
2338;397.0;45069.12;telefono;acordamos un plan de pagos, muy buena disposicion en el contacto (caso 2337);1
2339;161.0;17984.95;visita;confirma la transferencia realizada y envia el comprobante (caso 2338);1
2340;759.0;116830.93;whatsapp;sin respuesta a los mensajes, la direccion registrada es incorrecta (caso 2339);0
2341;376.0;115634.85;telefono;no atiende el telefono, el numero figura fuera de servicio (caso 2340);0
2342;169.0;58689.0;email;no atiende el telefono, el numero figura fuera de servicio (caso 2341);0
2343;113.0;168216.12;visita;acordamos un plan de pagos, muy buena disposicion en el contacto (caso 2342);1
2344;1057.0;27161.79;whatsapp;cliente conforme, promete pagar la cuota completa este mes (caso 2343);1
2345;202.0;29254.65;whatsapp;confirma la transferencia realizada y envia el comprobante (caso 2344);1
2346;864.0;9120.15;whatsapp;no atiende el telefono, el numero figura fuera de servicio (caso 2345);0
2347;308.0;60694.8;email;confirma la transferencia realizada y envia el comprobante (caso 2346);1
2348;115.0;17670.64;telefono;no atiende el telefono, el numero figura fuera de servicio (caso 2347);0
2349;340.0;50408.68;visita;no atiende el telefono, el numero figura fuera de servicio (caso 2348);0
2350;63.0;37412.39;email;se niega a pagar y menciona que iniciara un reclamo (caso 2349);0
2351;109.0;94507.08;visita;no atiende el telefono, el numero figura fuera de servicio (caso 2350);0
2352;191.0;32343.59;whatsapp;se niega a pagar y menciona que iniciara un reclamo (caso 2351);0
2353;14.0;63572.36;visita;sin respuesta a los mensajes, la direccion registrada es incorrecta (caso 2352);0
2354;60.0;78007.37;telefono;sin respuesta a los mensajes, la direccion registrada es incorrecta (caso 2353);0
2355;174.0;116261.43;whatsapp;se niega a pagar y menciona que iniciara un reclamo (caso 2354);0
2356;91.0;37676.31;email;atendio un tercero que dice no conocer al titular (caso 2355);0
2357;22.0;60915.37;email;sin respuesta a los mensajes, la direccion registrada es incorrecta (caso 2356);0
2358;205.0;29586.58;email;confirma la transferencia realizada y envia el comprobante (caso 2357);1
2359;132.0;89596.54;whatsapp;confirma la transferencia realizada y envia el comprobante (caso 2358);1
2360;559.0;20836.79;telefono;no atiende el telefono, el numero figura fuera de servicio (caso 2359);0
2361;319.0;34715.63;telefono;acordamos un plan de pagos, muy buena disposicion en el contacto (caso 2360);1
2362;289.0;124374.63;email;sin respuesta a los mensajes, la direccion registrada es incorrecta (caso 2361);0
2363;207.0;19988.82;email;no atiende el telefono, el numero figura fuera de servicio (caso 2362);0
2364;246.0;68901.9;telefono;acordamos un plan de pagos, muy buena disposicion en el contacto (caso 2363);1
2365;601.0;13592.22;whatsapp;sin respuesta a los mensajes, la direccion registrada es incorrecta (caso 2364);0
2366;470.0;98005.0;whatsapp;se niega a pagar y menciona que iniciara un reclamo (caso 2365);0
2367;66.0;24987.94;visita;sin respuesta a los mensajes, la direccion registrada es incorrecta (caso 2366);0
2368;1070.0;62360.21;telefono;atendio un tercero que dice no conocer al titular (caso 2367);0
2369;153.0;122738.12;whatsapp;atendio un tercero que dice no conocer al titular (caso 2368);0
2370;37.0;36176.92;whatsapp;sin respuesta a los mensajes, la direccion registrada es incorrecta (caso 2369);0
2371;38.0;20038.85;email;no atiende el telefono, el numero figura fuera de servicio (caso 2370);0
2372;235.0;41082.73;whatsapp;confirma la transferencia realizada y envia el comprobante (caso 2371);1
2373;128.0;63776.22;visita;sin respuesta a los mensajes, la direccion registrada es incorrecta (caso 2372);0
2374;63.0;32852.09;email;confirma la transferencia realizada y envia el comprobante (caso 2373);1
2375;628.0;65007.56;visita;se niega a pagar y menciona que iniciara un reclamo (caso 2374);0
2376;274.0;88791.48;whatsapp;sin respuesta a los mensajes, la direccion registrada es incorrecta (caso 2375);0
2377;420.0;32194.21;whatsapp;sin respuesta a los mensajes, la direccion registrada es incorrecta (caso 2376);0
2378;295.0;55757.45;whatsapp;atendio un tercero que dice no conocer al titular (caso 2377);0
2379;102.0;17542.03;whatsapp;se niega a pagar y menciona que iniciara un reclamo (caso 2378);0
2380;18.0;15239.48;visita;solicita el saldo exacto para cancelar la deuda esta semana (caso 2379);1
2381;160.0;132117.04;email;sin respuesta a los mensajes, la direccion registrada es incorrecta (caso 2380);0
2382;113.0;54968.53;telefono;solicita el saldo exacto para cancelar la deuda esta semana (caso 2381);1
2383;1075.0;59042.88;visita;no atiende el telefono, el numero figura fuera de servicio (caso 2382);0
2384;806.0;45544.87;visita;acordamos un plan de pagos, muy buena disposicion en el contacto (caso 2383);1
2385;353.0;141155.37;visita;solicita el saldo exacto para cancelar la deuda esta semana (caso 2384);1
2386;176.0;14068.66;visita;sin respuesta a los mensajes, la direccion registrada es incorrecta (caso 2385);0
2387;36.0;73501.82;visita;acordamos un plan de pagos, muy buena disposicion en el contacto (caso 2386);1
2388;119.0;112189.84;visita;cliente conforme, promete pagar la cuota completa este mes (caso 2387);1
2389;521.0;48467.87;telefono;se niega a pagar y menciona que iniciara un reclamo (caso 2388);0
2390;379.0;15730.65;email;solicita el saldo exacto para cancelar la deuda esta semana (caso 2389);1
2391;140.0;42279.89;whatsapp;confirma la transferencia realizada y envia el comprobante (caso 2390);1
2392;609.0;80794.74;telefono;se niega a pagar y menciona que iniciara un reclamo (caso 2391);0
2393;1022.0;24857.55;email;atendio un tercero que dice no conocer al titular (caso 2392);0
2394;198.0;110186.47;telefono;no atiende el telefono, el numero figura fuera de servicio (caso 2393);0
2395;357.0;34426.35;visita;cliente conforme, promete pagar la cuota completa este mes (caso 2394);1
2396;66.0;40150.07;telefono;sin respuesta a los mensajes, la direccion registrada es incorrecta (caso 2395);0
2397;466.0;115610.06;visita;atendio un tercero que dice no conocer al titular (caso 2396);0
2398;451.0;50067.4;telefono;no atiende el telefono, el numero figura fuera de servicio (caso 2397);0
2399;473.0;43005.4;email;no atiende el telefono, el numero figura fuera de servicio (caso 2398);0
2400;342.0;39921.69;whatsapp;confirma la transferencia realizada y envia el comprobante (caso 2399);1
2401;172.0;66899.6;visita;no atiende el telefono, el numero figura fuera de servicio (caso 2400);0
2402;626.0;106535.05;telefono;sin respuesta a los mensajes, la direccion registrada es incorrecta (caso 2401);0
2403;753.0;61281.08;visita;se niega a pagar y menciona que iniciara un reclamo (caso 2402);0
2404;38.0;180862.18;visita;cliente conforme, promete pagar la cuota completa este mes (caso 2403);1
2405;922.0;34488.23;telefono;no atiende el telefono, el numero figura fuera de servicio (caso 2404);0
2406;1608.0;11898.26;visita;no atiende el telefono, el numero figura fuera de servicio (caso 2405);0
2407;60.0;37486.25;visita;sin respuesta a los mensajes, la direccion registrada es incorrecta (caso 2406);0
2408;289.0;7643.58;visita;sin respuesta a los mensajes, la direccion registrada es incorrecta (caso 2407);0
2409;228.0;148117.06;whatsapp;se niega a pagar y menciona que iniciara un reclamo (caso 2408);0
2410;379.0;69527.58;visita;se niega a pagar y menciona que iniciara un reclamo (caso 2409);0
2411;146.0;128672.6;whatsapp;se niega a pagar y menciona que iniciara un reclamo (caso 2410);0
2412;311.0;71544.27;email;cliente conforme, promete pagar la cuota completa este mes (caso 2411);1
2413;351.0;151605.93;visita;no atiende el telefono, el numero figura fuera de servicio (caso 2412);0
2414;413.0;13142.0;visita;se niega a pagar y menciona que iniciara un reclamo (caso 2413);0
2415;265.0;30495.88;visita;solicita el saldo exacto para cancelar la deuda esta semana (caso 2414);1
2416;213.0;112312.73;email;no atiende el telefono, el numero figura fuera de servicio (caso 2415);0
2417;472.0;46159.11;visita;atendio un tercero que dice no conocer al titular (caso 2416);0
2418;65.0;70498.98;visita;no atiende el telefono, el numero figura fuera de servicio (caso 2417);0
2419;284.0;18406.68;whatsapp;cliente conforme, promete pagar la cuota completa este mes (caso 2418);1
2420;50.0;54311.18;whatsapp;se niega a pagar y menciona que iniciara un reclamo (caso 2419);0
2421;41.0;29541.9;email;no atiende el telefono, el numero figura fuera de servicio (caso 2420);0
2422;134.0;89147.5;email;cliente conforme, promete pagar la cuota completa este mes (caso 2421);1
2423;140.0;165463.88;whatsapp;acordamos un plan de pagos, muy buena disposicion en el contacto (caso 2422);1
2424;199.0;78333.82;visita;cliente conforme, promete pagar la cuota completa este mes (caso 2423);1
2425;500.0;87220.87;email;atendio un tercero que dice no conocer al titular (caso 2424);0
2426;381.0;32715.74;visita;solicita el saldo exacto para cancelar la deuda esta semana (caso 2425);1
2427;838.0;58974.52;email;cliente conforme, promete pagar la cuota completa este mes (caso 2426);1
2428;175.0;53122.52;visita;no atiende el telefono, el numero figura fuera de servicio (caso 2427);0
2429;459.0;139282.29;whatsapp;atendio un tercero que dice no conocer al titular (caso 2428);0
2430;89.0;115937.39;visita;no atiende el telefono, el numero figura fuera de servicio (caso 2429);0
2431;214.0;98902.25;whatsapp;acordamos un plan de pagos, muy buena disposicion en el contacto (caso 2430);1
2432;37.0;153556.86;whatsapp;se niega a pagar y menciona que iniciara un reclamo (caso 2431);0
2433;818.0;53130.26;visita;se niega a pagar y menciona que iniciara un reclamo (caso 2432);0
2434;338.0;12742.28;email;sin respuesta a los mensajes, la direccion registrada es incorrecta (caso 2433);0
2435;403.0;26277.68;whatsapp;sin respuesta a los mensajes, la direccion registrada es incorrecta (caso 2434);0
2436;48.0;63148.63;visita;acordamos un plan de pagos, muy buena disposicion en el contacto (caso 2435);1
2437;152.0;43308.98;email;sin respuesta a los mensajes, la direccion registrada es incorrecta (caso 2436);0
2438;415.0;37925.16;whatsapp;se niega a pagar y menciona que iniciara un reclamo (caso 2437);0
2439;672.0;36721.43;email;acordamos un plan de pagos, muy buena disposicion en el contacto (caso 2438);1
2440;241.0;46399.64;email;no atiende el telefono, el numero figura fuera de servicio (caso 2439);0
2441;200.0;28189.79;whatsapp;no atiende el telefono, el numero figura fuera de servicio (caso 2440);0
2442;108.0;64782.67;telefono;acordamos un plan de pagos, muy buena disposicion en el contacto (caso 2441);1
2443;472.0;133257.83;visita;se niega a pagar y menciona que iniciara un reclamo (caso 2442);0
2444;367.0;87978.27;visita;se niega a pagar y menciona que iniciara un reclamo (caso 2443);0
2445;101.0;86780.15;telefono;no atiende el telefono, el numero figura fuera de servicio (caso 2444);0
2446;81.0;29243.5;email;no atiende el telefono, el numero figura fuera de servicio (caso 2445);0
2447;181.0;7337.5;email;cliente conforme, promete pagar la cuota completa este mes (caso 2446);1
2448;129.0;9571.96;whatsapp;sin respuesta a los mensajes, la direccion registrada es incorrecta (caso 2447);0
2449;273.0;22447.24;visita;sin respuesta a los mensajes, la direccion registrada es incorrecta (caso 2448);0
2450;319.0;13361.23;visita;no atiende el telefono, el numero figura fuera de servicio (caso 2449);0
2451;68.0;182070.81;email;acordamos un plan de pagos, muy buena disposicion en el contacto (caso 2450);1
2452;80.0;121348.44;telefono;solicita el saldo exacto para cancelar la deuda esta semana (caso 2451);1
2453;734.0;57191.84;visita;no atiende el telefono, el numero figura fuera de servicio (caso 2452);0
2454;620.0;15379.48;visita;no atiende el telefono, el numero figura fuera de servicio (caso 2453);0
2455;181.0;104446.12;telefono;acordamos un plan de pagos, muy buena disposicion en el contacto (caso 2454);1
2456;648.0;94224.92;email;solicita el saldo exacto para cancelar la deuda esta semana (caso 2455);1
2457;319.0;47189.27;telefono;acordamos un plan de pagos, muy buena disposicion en el contacto (caso 2456);1
2458;23.0;70216.01;telefono;se niega a pagar y menciona que iniciara un reclamo (caso 2457);0
2459;145.0;138823.17;whatsapp;sin respuesta a los mensajes, la direccion registrada es incorrecta (caso 2458);0
2460;25.0;175791.26;email;sin respuesta a los mensajes, la direccion registrada es incorrecta (caso 2459);0
2461;209.0;21149.76;email;no atiende el telefono, el numero figura fuera de servicio (caso 2460);0
2462;587.0;11044.48;email;solicita el saldo exacto para cancelar la deuda esta semana (caso 2461);1
2463;6.0;30873.01;telefono;acordamos un plan de pagos, muy buena disposicion en el contacto (caso 2462);1
2464;89.0;73670.33;visita;acordamos un plan de pagos, muy buena disposicion en el contacto (caso 2463);1
2465;143.0;73202.23;visita;atendio un tercero que dice no conocer al titular (caso 2464);0
2466;53.0;56915.45;telefono;se niega a pagar y menciona que iniciara un reclamo (caso 2465);0
2467;110.0;224767.48;telefono;sin respuesta a los mensajes, la direccion registrada es incorrecta (caso 2466);0
2468;230.0;5173.85;email;se niega a pagar y menciona que iniciara un reclamo (caso 2467);0
2469;239.0;3213.39;telefono;sin respuesta a los mensajes, la direccion registrada es incorrecta (caso 2468);0
2470;301.0;25815.78;visita;cliente conforme, promete pagar la cuota completa este mes (caso 2469);1
2471;87.0;52909.22;whatsapp;atendio un tercero que dice no conocer al titular (caso 2470);0
2472;382.0;195841.67;whatsapp;no atiende el telefono, el numero figura fuera de servicio (caso 2471);0
2473;23.0;56959.61;email;solicita el saldo exacto para cancelar la deuda esta semana (caso 2472);1
2474;275.0;88096.86;email;acordamos un plan de pagos, muy buena disposicion en el contacto (caso 2473);1
2475;178.0;85679.89;email;no atiende el telefono, el numero figura fuera de servicio (caso 2474);0
2476;488.0;78894.24;whatsapp;no atiende el telefono, el numero figura fuera de servicio (caso 2475);0
2477;259.0;19904.18;visita;se niega a pagar y menciona que iniciara un reclamo (caso 2476);0
2478;910.0;56816.22;telefono;atendio un tercero que dice no conocer al titular (caso 2477);0
2479;160.0;16743.02;telefono;no atiende el telefono, el numero figura fuera de servicio (caso 2478);0
2480;216.0;34836.12;telefono;sin respuesta a los mensajes, la direccion registrada es incorrecta (caso 2479);0
2481;32.0;27161.22;whatsapp;cliente conforme, promete pagar la cuota completa este mes (caso 2480);1
2482;195.0;7965.59;telefono;sin respuesta a los mensajes, la direccion registrada es incorrecta (caso 2481);0
2483;286.0;65629.83;telefono;cliente conforme, promete pagar la cuota completa este mes (caso 2482);1
2484;179.0;47718.71;whatsapp;atendio un tercero que dice no conocer al titular (caso 2483);0
2485;210.0;7954.06;visita;no atiende el telefono, el numero figura fuera de servicio (caso 2484);0
2486;188.0;107295.27;visita;atendio un tercero que dice no conocer al titular (caso 2485);0
2487;58.0;39832.17;telefono;atendio un tercero que dice no conocer al titular (caso 2486);0
2488;902.0;65061.11;telefono;sin respuesta a los mensajes, la direccion registrada es incorrecta (caso 2487);0
2489;1105.0;25865.1;visita;no atiende el telefono, el numero figura fuera de servicio (caso 2488);0
2490;551.0;16062.78;email;sin respuesta a los mensajes, la direccion registrada es incorrecta (caso 2489);0
2491;256.0;36987.55;email;no atiende el telefono, el numero figura fuera de servicio (caso 2490);0
2492;541.0;79693.17;visita;cliente conforme, promete pagar la cuota completa este mes (caso 2491);1
2493;782.0;89067.77;visita;atendio un tercero que dice no conocer al titular (caso 2492);0
2494;225.0;36411.34;visita;sin respuesta a los mensajes, la direccion registrada es incorrecta (caso 2493);0
2495;132.0;21595.11;telefono;confirma la transferencia realizada y envia el comprobante (caso 2494);1
2496;479.0;45873.25;whatsapp;sin respuesta a los mensajes, la direccion registrada es incorrecta (caso 2495);0
2497;96.0;57477.26;whatsapp;se niega a pagar y menciona que iniciara un reclamo (caso 2496);0
2498;315.0;145528.63;whatsapp;sin respuesta a los mensajes, la direccion registrada es incorrecta (caso 2497);0
2499;281.0;31624.01;email;no atiende el telefono, el numero figura fuera de servicio (caso 2498);0
2500;284.0;107462.78;visita;sin respuesta a los mensajes, la direccion registrada es incorrecta (caso 2499);0
2501;165.0;13247.14;email;acordamos un plan de pagos, muy buena disposicion en el contacto (caso 2500);1
2502;233.0;20993.75;email;confirma la transferencia realizada y envia el comprobante (caso 2501);1
2503;626.0;48955.8;telefono;sin respuesta a los mensajes, la direccion registrada es incorrecta (caso 2502);0
2504;480.0;36344.37;whatsapp;cliente conforme, promete pagar la cuota completa este mes (caso 2503);1
2505;828.0;63095.42;visita;se niega a pagar y menciona que iniciara un reclamo (caso 2504);0
2506;371.0;35728.95;visita;atendio un tercero que dice no conocer al titular (caso 2505);0
2507;285.0;100756.15;visita;acordamos un plan de pagos, muy buena disposicion en el contacto (caso 2506);1
2508;251.0;55193.85;email;se niega a pagar y menciona que iniciara un reclamo (caso 2507);0
2509;70.0;56886.83;email;cliente conforme, promete pagar la cuota completa este mes (caso 2508);1
2510;154.0;24859.91;telefono;se niega a pagar y menciona que iniciara un reclamo (caso 2509);0
2511;227.0;19802.8;visita;se niega a pagar y menciona que iniciara un reclamo (caso 2510);0
2512;234.0;37252.97;telefono;solicita el saldo exacto para cancelar la deuda esta semana (caso 2511);1
2513;224.0;86113.89;telefono;se niega a pagar y menciona que iniciara un reclamo (caso 2512);0
2514;295.0;45366.71;whatsapp;acordamos un plan de pagos, muy buena disposicion en el contacto (caso 2513);1
2515;240.0;121836.33;visita;solicita el saldo exacto para cancelar la deuda esta semana (caso 2514);1
2516;529.0;36189.37;email;cliente conforme, promete pagar la cuota completa este mes (caso 2515);1
2517;231.0;127163.66;whatsapp;sin respuesta a los mensajes, la direccion registrada es incorrecta (caso 2516);0
2518;124.0;42009.8;whatsapp;atendio un tercero que dice no conocer al titular (caso 2517);0
2519;270.0;63566.86;whatsapp;solicita el saldo exacto para cancelar la deuda esta semana (caso 2518);1
2520;425.0;44616.87;email;sin respuesta a los mensajes, la direccion registrada es incorrecta (caso 2519);0
2521;685.0;44034.09;visita;se niega a pagar y menciona que iniciara un reclamo (caso 2520);0
2522;406.0;44406.52;email;cliente conforme, promete pagar la cuota completa este mes (caso 2521);1
2523;363.0;28122.94;whatsapp;sin respuesta a los mensajes, la direccion registrada es incorrecta (caso 2522);0
2524;835.0;117248.71;telefono;se niega a pagar y menciona que iniciara un reclamo (caso 2523);0
2525;159.0;160138.11;visita;no atiende el telefono, el numero figura fuera de servicio (caso 2524);0
2526;202.0;65583.72;visita;sin respuesta a los mensajes, la direccion registrada es incorrecta (caso 2525);0
2527;340.0;175500.58;visita;acordamos un plan de pagos, muy buena disposicion en el contacto (caso 2526);1
2528;458.0;80588.96;email;confirma la transferencia realizada y envia el comprobante (caso 2527);1
2529;231.0;164619.55;telefono;acordamos un plan de pagos, muy buena disposicion en el contacto (caso 2528);1
2530;62.0;122006.3;email;cliente conforme, promete pagar la cuota completa este mes (caso 2529);1
2531;198.0;49354.39;email;sin respuesta a los mensajes, la direccion registrada es incorrecta (caso 2530);0
2532;960.0;59290.53;email;no atiende el telefono, el numero figura fuera de servicio (caso 2531);0
2533;433.0;59999.0;telefono;confirma la transferencia realizada y envia el comprobante (caso 2532);1
2534;71.0;30682.17;whatsapp;sin respuesta a los mensajes, la direccion registrada es incorrecta (caso 2533);0
2535;224.0;13070.83;telefono;se niega a pagar y menciona que iniciara un reclamo (caso 2534);0
2536;506.0;40269.36;email;no atiende el telefono, el numero figura fuera de servicio (caso 2535);0
2537;293.0;59032.77;visita;confirma la transferencia realizada y envia el comprobante (caso 2536);1
2538;375.0;80581.16;whatsapp;no atiende el telefono, el numero figura fuera de servicio (caso 2537);0
2539;625.0;70715.69;email;no atiende el telefono, el numero figura fuera de servicio (caso 2538);0
2540;216.0;138260.83;whatsapp;se niega a pagar y menciona que iniciara un reclamo (caso 2539);0
2541;262.0;66139.32;visita;no atiende el telefono, el numero figura fuera de servicio (caso 2540);0
2542;133.0;130103.8;telefono;se niega a pagar y menciona que iniciara un reclamo (caso 2541);0
2543;163.0;53829.89;visita;acordamos un plan de pagos, muy buena disposicion en el contacto (caso 2542);1
2544;135.0;53989.18;email;solicita el saldo exacto para cancelar la deuda esta semana (caso 2543);1
2545;123.0;65216.06;visita;se niega a pagar y menciona que iniciara un reclamo (caso 2544);0
2546;103.0;64618.69;email;sin respuesta a los mensajes, la direccion registrada es incorrecta (caso 2545);0
2547;23.0;42029.07;telefono;sin respuesta a los mensajes, la direccion registrada es incorrecta (caso 2546);0
2548;118.0;43785.0;email;solicita el saldo exacto para cancelar la deuda esta semana (caso 2547);1
2549;366.0;30068.39;telefono;se niega a pagar y menciona que iniciara un reclamo (caso 2548);0
2550;119.0;37010.79;whatsapp;no atiende el telefono, el numero figura fuera de servicio (caso 2549);0
2551;395.0;16827.36;whatsapp;sin respuesta a los mensajes, la direccion registrada es incorrecta (caso 2550);0
2552;207.0;23965.24;telefono;cliente conforme, promete pagar la cuota completa este mes (caso 2551);1
2553;82.0;89316.99;visita;atendio un tercero que dice no conocer al titular (caso 2552);0
2554;373.0;54703.7;visita;cliente conforme, promete pagar la cuota completa este mes (caso 2553);1
2555;215.0;17665.28;whatsapp;se niega a pagar y menciona que iniciara un reclamo (caso 2554);0
2556;350.0;70380.89;telefono;cliente conforme, promete pagar la cuota completa este mes (caso 2555);1
2557;535.0;19010.52;visita;solicita el saldo exacto para cancelar la deuda esta semana (caso 2556);1
2558;652.0;30044.64;telefono;no atiende el telefono, el numero figura fuera de servicio (caso 2557);0
2559;219.0;30174.23;email;solicita el saldo exacto para cancelar la deuda esta semana (caso 2558);1
2560;516.0;41839.89;whatsapp;sin respuesta a los mensajes, la direccion registrada es incorrecta (caso 2559);0
2561;319.0;38006.6;email;atendio un tercero que dice no conocer al titular (caso 2560);0
2562;156.0;53057.1;whatsapp;sin respuesta a los mensajes, la direccion registrada es incorrecta (caso 2561);0
2563;698.0;29391.31;visita;se niega a pagar y menciona que iniciara un reclamo (caso 2562);0
2564;501.0;50807.23;visita;no atiende el telefono, el numero figura fuera de servicio (caso 2563);0
2565;580.0;49713.51;telefono;solicita el saldo exacto para cancelar la deuda esta semana (caso 2564);1
2566;221.0;37213.97;telefono;atendio un tercero que dice no conocer al titular (caso 2565);0
2567;364.0;105440.6;telefono;confirma la transferencia realizada y envia el comprobante (caso 2566);1
2568;164.0;23352.69;whatsapp;atendio un tercero que dice no conocer al titular (caso 2567);0
2569;544.0;31180.77;telefono;se niega a pagar y menciona que iniciara un reclamo (caso 2568);0
2570;109.0;38804.86;visita;sin respuesta a los mensajes, la direccion registrada es incorrecta (caso 2569);0
2571;390.0;48473.14;whatsapp;confirma la transferencia realizada y envia el comprobante (caso 2570);1
2572;265.0;45045.01;telefono;confirma la transferencia realizada y envia el comprobante (caso 2571);1
2573;112.0;68717.31;email;no atiende el telefono, el numero figura fuera de servicio (caso 2572);0
2574;377.0;6966.66;visita;solicita el saldo exacto para cancelar la deuda esta semana (caso 2573);1
2575;274.0;46042.31;email;no atiende el telefono, el numero figura fuera de servicio (caso 2574);0
2576;294.0;52992.68;visita;cliente conforme, promete pagar la cuota completa este mes (caso 2575);1
2577;298.0;47886.59;visita;atendio un tercero que dice no conocer al titular (caso 2576);0
2578;88.0;19967.75;visita;cliente conforme, promete pagar la cuota completa este mes (caso 2577);1
2579;599.0;62720.79;visita;acordamos un plan de pagos, muy buena disposicion en el contacto (caso 2578);1
2580;591.0;52693.63;whatsapp;acordamos un plan de pagos, muy buena disposicion en el contacto (caso 2579);1
2581;512.0;102984.93;visita;atendio un tercero que dice no conocer al titular (caso 2580);0
2582;370.0;18044.66;email;atendio un tercero que dice no conocer al titular (caso 2581);0
2583;427.0;22276.9;visita;solicita el saldo exacto para cancelar la deuda esta semana (caso 2582);1
2584;351.0;47475.29;email;acordamos un plan de pagos, muy buena disposicion en el contacto (caso 2583);1
2585;698.0;31504.17;visita;se niega a pagar y menciona que iniciara un reclamo (caso 2584);0
2586;390.0;92326.8;visita;confirma la transferencia realizada y envia el comprobante (caso 2585);1
2587;231.0;20915.2;visita;solicita el saldo exacto para cancelar la deuda esta semana (caso 2586);1
2588;166.0;90272.6;whatsapp;no atiende el telefono, el numero figura fuera de servicio (caso 2587);0
2589;154.0;42294.84;visita;confirma la transferencia realizada y envia el comprobante (caso 2588);1
2590;373.0;77484.21;email;confirma la transferencia realizada y envia el comprobante (caso 2589);1
2591;404.0;85587.17;email;se niega a pagar y menciona que iniciara un reclamo (caso 2590);0
2592;9.0;32499.51;email;no atiende el telefono, el numero figura fuera de servicio (caso 2591);0
2593;281.0;122368.77;telefono;sin respuesta a los mensajes, la direccion registrada es incorrecta (caso 2592);0
2594;147.0;58549.94;email;no atiende el telefono, el numero figura fuera de servicio (caso 2593);0
2595;572.0;97391.3;whatsapp;acordamos un plan de pagos, muy buena disposicion en el contacto (caso 2594);1
2596;168.0;29111.83;whatsapp;no atiende el telefono, el numero figura fuera de servicio (caso 2595);0
2597;75.0;8723.58;telefono;sin respuesta a los mensajes, la direccion registrada es incorrecta (caso 2596);0
2598;127.0;94155.95;email;solicita el saldo exacto para cancelar la deuda esta semana (caso 2597);1
2599;401.0;67591.37;whatsapp;se niega a pagar y menciona que iniciara un reclamo (caso 2598);0
2600;304.0;17950.31;whatsapp;se niega a pagar y menciona que iniciara un reclamo (caso 2599);0
2601;163.0;34554.75;visita;acordamos un plan de pagos, muy buena disposicion en el contacto (caso 2600);1
2602;148.0;74529.09;whatsapp;cliente conforme, promete pagar la cuota completa este mes (caso 2601);1
2603;35.0;42415.57;telefono;no atiende el telefono, el numero figura fuera de servicio (caso 2602);0
2604;305.0;34264.24;visita;sin respuesta a los mensajes, la direccion registrada es incorrecta (caso 2603);0
2605;295.0;83078.83;email;sin respuesta a los mensajes, la direccion registrada es incorrecta (caso 2604);0
2606;881.0;156054.58;whatsapp;no atiende el telefono, el numero figura fuera de servicio (caso 2605);0
2607;19.0;39392.72;telefono;acordamos un plan de pagos, muy buena disposicion en el contacto (caso 2606);1
2608;1046.0;32444.09;visita;no atiende el telefono, el numero figura fuera de servicio (caso 2607);0
2609;48.0;42204.04;email;cliente conforme, promete pagar la cuota completa este mes (caso 2608);1
2610;232.0;27691.76;telefono;se niega a pagar y menciona que iniciara un reclamo (caso 2609);0
2611;132.0;21908.66;whatsapp;no atiende el telefono, el numero figura fuera de servicio (caso 2610);0
2612;319.0;102447.97;visita;sin respuesta a los mensajes, la direccion registrada es incorrecta (caso 2611);0
2613;537.0;29986.64;email;no atiende el telefono, el numero figura fuera de servicio (caso 2612);0
2614;444.0;50090.29;visita;no atiende el telefono, el numero figura fuera de servicio (caso 2613);0
2615;328.0;105896.29;email;se niega a pagar y menciona que iniciara un reclamo (caso 2614);0
2616;677.0;158809.89;visita;atendio un tercero que dice no conocer al titular (caso 2615);0
2617;132.0;22113.87;email;atendio un tercero que dice no conocer al titular (caso 2616);0
2618;293.0;117694.58;email;atendio un tercero que dice no conocer al titular (caso 2617);0
2619;280.0;18526.5;telefono;confirma la transferencia realizada y envia el comprobante (caso 2618);1
2620;240.0;51151.82;whatsapp;solicita el saldo exacto para cancelar la deuda esta semana (caso 2619);1
2621;71.0;70512.38;visita;cliente conforme, promete pagar la cuota completa este mes (caso 2620);1
2622;27.0;49329.3;telefono;sin respuesta a los mensajes, la direccion registrada es incorrecta (caso 2621);0
2623;153.0;194283.81;whatsapp;no atiende el telefono, el numero figura fuera de servicio (caso 2622);0
2624;396.0;32825.46;email;cliente conforme, promete pagar la cuota completa este mes (caso 2623);1
2625;527.0;24085.54;telefono;se niega a pagar y menciona que iniciara un reclamo (caso 2624);0
2626;224.0;273253.96;visita;cliente conforme, promete pagar la cuota completa este mes (caso 2625);1
2627;160.0;25951.83;visita;se niega a pagar y menciona que iniciara un reclamo (caso 2626);0
2628;413.0;77579.27;telefono;acordamos un plan de pagos, muy buena disposicion en el contacto (caso 2627);1
2629;200.0;80622.03;telefono;atendio un tercero que dice no conocer al titular (caso 2628);0
2630;244.0;45817.26;whatsapp;se niega a pagar y menciona que iniciara un reclamo (caso 2629);0
2631;670.0;10217.41;whatsapp;atendio un tercero que dice no conocer al titular (caso 2630);0
2632;435.0;49241.48;email;sin respuesta a los mensajes, la direccion registrada es incorrecta (caso 2631);0
2633;372.0;32838.14;email;atendio un tercero que dice no conocer al titular (caso 2632);0
2634;220.0;46608.26;email;no atiende el telefono, el numero figura fuera de servicio (caso 2633);0
2635;114.0;33402.68;email;se niega a pagar y menciona que iniciara un reclamo (caso 2634);0
2636;88.0;35267.41;email;solicita el saldo exacto para cancelar la deuda esta semana (caso 2635);1
2637;80.0;7517.91;whatsapp;atendio un tercero que dice no conocer al titular (caso 2636);0
2638;452.0;22300.31;whatsapp;atendio un tercero que dice no conocer al titular (caso 2637);0
2639;191.0;33988.42;telefono;cliente conforme, promete pagar la cuota completa este mes (caso 2638);1
2640;6.0;116099.54;email;se niega a pagar y menciona que iniciara un reclamo (caso 2639);0
2641;926.0;52947.43;email;atendio un tercero que dice no conocer al titular (caso 2640);0
2642;188.0;82281.84;whatsapp;cliente conforme, promete pagar la cuota completa este mes (caso 2641);1
2643;400.0;85602.34;visita;confirma la transferencia realizada y envia el comprobante (caso 2642);1
2644;525.0;268880.24;telefono;no atiende el telefono, el numero figura fuera de servicio (caso 2643);0
2645;3.0;124963.55;visita;cliente conforme, promete pagar la cuota completa este mes (caso 2644);1
2646;615.0;70461.65;whatsapp;confirma la transferencia realizada y envia el comprobante (caso 2645);1
2647;121.0;65848.91;email;acordamos un plan de pagos, muy buena disposicion en el contacto (caso 2646);1
2648;81.0;77425.41;visita;confirma la transferencia realizada y envia el comprobante (caso 2647);1
2649;219.0;102290.55;email;cliente conforme, promete pagar la cuota completa este mes (caso 2648);1
2650;246.0;39332.22;whatsapp;no atiende el telefono, el numero figura fuera de servicio (caso 2649);0
2651;487.0;39052.0;whatsapp;sin respuesta a los mensajes, la direccion registrada es incorrecta (caso 2650);0
2652;40.0;87192.03;telefono;no atiende el telefono, el numero figura fuera de servicio (caso 2651);0
2653;81.0;6714.38;email;cliente conforme, promete pagar la cuota completa este mes (caso 2652);1
2654;39.0;22781.52;email;atendio un tercero que dice no conocer al titular (caso 2653);0
2655;456.0;108951.79;email;sin respuesta a los mensajes, la direccion registrada es incorrecta (caso 2654);0
2656;110.0;78524.14;email;sin respuesta a los mensajes, la direccion registrada es incorrecta (caso 2655);0
2657;99.0;49785.52;whatsapp;confirma la transferencia realizada y envia el comprobante (caso 2656);1
2658;1521.0;64457.98;email;sin respuesta a los mensajes, la direccion registrada es incorrecta (caso 2657);0
2659;84.0;23116.37;email;no atiende el telefono, el numero figura fuera de servicio (caso 2658);0
2660;55.0;144527.83;whatsapp;atendio un tercero que dice no conocer al titular (caso 2659);0
2661;189.0;22451.88;whatsapp;se niega a pagar y menciona que iniciara un reclamo (caso 2660);0
2662;149.0;27724.96;visita;se niega a pagar y menciona que iniciara un reclamo (caso 2661);0
2663;194.0;87205.4;email;se niega a pagar y menciona que iniciara un reclamo (caso 2662);0
2664;80.0;10996.97;telefono;acordamos un plan de pagos, muy buena disposicion en el contacto (caso 2663);1
2665;272.0;94075.33;visita;se niega a pagar y menciona que iniciara un reclamo (caso 2664);0
2666;432.0;31918.15;email;no atiende el telefono, el numero figura fuera de servicio (caso 2665);0
2667;205.0;47473.13;whatsapp;atendio un tercero que dice no conocer al titular (caso 2666);0
2668;202.0;33437.24;visita;no atiende el telefono, el numero figura fuera de servicio (caso 2667);0
2669;143.0;25552.18;email;cliente conforme, promete pagar la cuota completa este mes (caso 2668);1
2670;1088.0;127942.89;visita;cliente conforme, promete pagar la cuota completa este mes (caso 2669);1
2671;188.0;19405.82;telefono;atendio un tercero que dice no conocer al titular (caso 2670);0
2672;142.0;119741.82;telefono;solicita el saldo exacto para cancelar la deuda esta semana (caso 2671);1
2673;255.0;24853.05;telefono;se niega a pagar y menciona que iniciara un reclamo (caso 2672);0
2674;289.0;88861.57;email;sin respuesta a los mensajes, la direccion registrada es incorrecta (caso 2673);0
2675;168.0;132231.89;email;no atiende el telefono, el numero figura fuera de servicio (caso 2674);0
2676;155.0;51351.56;whatsapp;cliente conforme, promete pagar la cuota completa este mes (caso 2675);1
2677;960.0;10988.34;telefono;acordamos un plan de pagos, muy buena disposicion en el contacto (caso 2676);1
2678;218.0;40313.52;email;atendio un tercero que dice no conocer al titular (caso 2677);0
2679;284.0;29984.62;email;solicita el saldo exacto para cancelar la deuda esta semana (caso 2678);1
2680;225.0;94054.6;whatsapp;confirma la transferencia realizada y envia el comprobante (caso 2679);1
2681;516.0;11779.61;whatsapp;sin respuesta a los mensajes, la direccion registrada es incorrecta (caso 2680);0
2682;611.0;14280.75;telefono;solicita el saldo exacto para cancelar la deuda esta semana (caso 2681);1
2683;19.0;7657.75;whatsapp;no atiende el telefono, el numero figura fuera de servicio (caso 2682);0
2684;198.0;95563.05;visita;atendio un tercero que dice no conocer al titular (caso 2683);0
2685;226.0;55558.82;email;acordamos un plan de pagos, muy buena disposicion en el contacto (caso 2684);1
2686;392.0;125930.84;email;no atiende el telefono, el numero figura fuera de servicio (caso 2685);0
2687;694.0;51091.46;visita;se niega a pagar y menciona que iniciara un reclamo (caso 2686);0
2688;42.0;121030.29;visita;no atiende el telefono, el numero figura fuera de servicio (caso 2687);0
2689;284.0;185425.37;visita;no atiende el telefono, el numero figura fuera de servicio (caso 2688);0
2690;54.0;104475.08;whatsapp;no atiende el telefono, el numero figura fuera de servicio (caso 2689);0
2691;465.0;17503.02;email;cliente conforme, promete pagar la cuota completa este mes (caso 2690);1
2692;243.0;61274.48;visita;solicita el saldo exacto para cancelar la deuda esta semana (caso 2691);1
2693;168.0;25921.97;visita;atendio un tercero que dice no conocer al titular (caso 2692);0
2694;61.0;27028.25;telefono;acordamos un plan de pagos, muy buena disposicion en el contacto (caso 2693);1
2695;23.0;24412.79;visita;sin respuesta a los mensajes, la direccion registrada es incorrecta (caso 2694);0
2696;999.0;31998.64;visita;se niega a pagar y menciona que iniciara un reclamo (caso 2695);0
2697;178.0;28442.44;email;no atiende el telefono, el numero figura fuera de servicio (caso 2696);0
2698;228.0;52307.31;email;se niega a pagar y menciona que iniciara un reclamo (caso 2697);0
2699;160.0;92014.17;email;se niega a pagar y menciona que iniciara un reclamo (caso 2698);0
2700;574.0;24518.08;telefono;se niega a pagar y menciona que iniciara un reclamo (caso 2699);0
2701;53.0;109268.83;telefono;cliente conforme, promete pagar la cuota completa este mes (caso 2700);1
2702;303.0;31399.02;email;no atiende el telefono, el numero figura fuera de servicio (caso 2701);0
2703;351.0;30090.83;email;sin respuesta a los mensajes, la direccion registrada es incorrecta (caso 2702);0
2704;284.0;113680.39;telefono;solicita el saldo exacto para cancelar la deuda esta semana (caso 2703);1
2705;266.0;17593.22;visita;no atiende el telefono, el numero figura fuera de servicio (caso 2704);0
2706;194.0;20877.56;telefono;se niega a pagar y menciona que iniciara un reclamo (caso 2705);0
2707;52.0;98044.92;whatsapp;no atiende el telefono, el numero figura fuera de servicio (caso 2706);0
2708;370.0;36263.32;email;sin respuesta a los mensajes, la direccion registrada es incorrecta (caso 2707);0
2709;514.0;88955.32;telefono;confirma la transferencia realizada y envia el comprobante (caso 2708);1
2710;52.0;54732.06;telefono;cliente conforme, promete pagar la cuota completa este mes (caso 2709);1
2711;174.0;35425.52;email;se niega a pagar y menciona que iniciara un reclamo (caso 2710);0
2712;310.0;70142.23;telefono;solicita el saldo exacto para cancelar la deuda esta semana (caso 2711);1
2713;258.0;39049.19;visita;cliente conforme, promete pagar la cuota completa este mes (caso 2712);1
2714;113.0;83294.02;telefono;sin respuesta a los mensajes, la direccion registrada es incorrecta (caso 2713);0
2715;297.0;165517.53;email;sin respuesta a los mensajes, la direccion registrada es incorrecta (caso 2714);0
2716;380.0;84642.17;email;solicita el saldo exacto para cancelar la deuda esta semana (caso 2715);1
2717;233.0;37392.65;visita;sin respuesta a los mensajes, la direccion registrada es incorrecta (caso 2716);0
2718;250.0;33834.1;telefono;atendio un tercero que dice no conocer al titular (caso 2717);0
2719;67.0;24533.89;telefono;solicita el saldo exacto para cancelar la deuda esta semana (caso 2718);1
2720;1334.0;53879.16;telefono;no atiende el telefono, el numero figura fuera de servicio (caso 2719);0
2721;79.0;59073.77;visita;atendio un tercero que dice no conocer al titular (caso 2720);0
2722;248.0;27444.5;email;no atiende el telefono, el numero figura fuera de servicio (caso 2721);0
2723;239.0;35106.99;telefono;se niega a pagar y menciona que iniciara un reclamo (caso 2722);0
2724;534.0;49535.03;email;solicita el saldo exacto para cancelar la deuda esta semana (caso 2723);1
2725;295.0;12589.75;telefono;acordamos un plan de pagos, muy buena disposicion en el contacto (caso 2724);1
2726;668.0;27945.36;email;sin respuesta a los mensajes, la direccion registrada es incorrecta (caso 2725);0
2727;598.0;32078.95;telefono;confirma la transferencia realizada y envia el comprobante (caso 2726);1
2728;103.0;17702.13;visita;sin respuesta a los mensajes, la direccion registrada es incorrecta (caso 2727);0
2729;923.0;32064.24;email;confirma la transferencia realizada y envia el comprobante (caso 2728);1
2730;267.0;39551.08;visita;cliente conforme, promete pagar la cuota completa este mes (caso 2729);1
2731;78.0;78359.36;whatsapp;se niega a pagar y menciona que iniciara un reclamo (caso 2730);0
2732;251.0;39129.16;telefono;acordamos un plan de pagos, muy buena disposicion en el contacto (caso 2731);1
2733;99.0;51048.61;whatsapp;no atiende el telefono, el numero figura fuera de servicio (caso 2732);0
2734;133.0;93182.0;email;confirma la transferencia realizada y envia el comprobante (caso 2733);1
2735;139.0;51550.71;email;sin respuesta a los mensajes, la direccion registrada es incorrecta (caso 2734);0
2736;167.0;44061.11;visita;no atiende el telefono, el numero figura fuera de servicio (caso 2735);0
2737;434.0;21820.32;telefono;atendio un tercero que dice no conocer al titular (caso 2736);0
2738;536.0;62604.84;email;no atiende el telefono, el numero figura fuera de servicio (caso 2737);0
2739;258.0;108865.9;email;no atiende el telefono, el numero figura fuera de servicio (caso 2738);0
2740;23.0;48805.54;email;sin respuesta a los mensajes, la direccion registrada es incorrecta (caso 2739);0
2741;128.0;84774.33;telefono;no atiende el telefono, el numero figura fuera de servicio (caso 2740);0
2742;524.0;60577.83;email;sin respuesta a los mensajes, la direccion registrada es incorrecta (caso 2741);0
2743;256.0;31822.05;telefono;cliente conforme, promete pagar la cuota completa este mes (caso 2742);1
2744;344.0;11114.99;telefono;cliente conforme, promete pagar la cuota completa este mes (caso 2743);1
2745;204.0;18668.85;whatsapp;sin respuesta a los mensajes, la direccion registrada es incorrecta (caso 2744);0
2746;43.0;119932.64;telefono;sin respuesta a los mensajes, la direccion registrada es incorrecta (caso 2745);0
2747;118.0;36054.16;email;se niega a pagar y menciona que iniciara un reclamo (caso 2746);0
2748;566.0;63157.87;visita;acordamos un plan de pagos, muy buena disposicion en el contacto (caso 2747);1
2749;470.0;36957.99;whatsapp;atendio un tercero que dice no conocer al titular (caso 2748);0
2750;180.0;9876.93;whatsapp;sin respuesta a los mensajes, la direccion registrada es incorrecta (caso 2749);0
2751;58.0;28229.45;email;solicita el saldo exacto para cancelar la deuda esta semana (caso 2750);1
2752;54.0;85438.47;whatsapp;cliente conforme, promete pagar la cuota completa este mes (caso 2751);1
2753;173.0;125081.33;visita;se niega a pagar y menciona que iniciara un reclamo (caso 2752);0
2754;68.0;61121.49;email;confirma la transferencia realizada y envia el comprobante (caso 2753);1
2755;199.0;67226.06;telefono;se niega a pagar y menciona que iniciara un reclamo (caso 2754);0
2756;231.0;35985.18;visita;atendio un tercero que dice no conocer al titular (caso 2755);0
2757;106.0;93956.73;telefono;acordamos un plan de pagos, muy buena disposicion en el contacto (caso 2756);1
2758;357.0;27179.36;whatsapp;solicita el saldo exacto para cancelar la deuda esta semana (caso 2757);1
2759;657.0;39849.66;telefono;atendio un tercero que dice no conocer al titular (caso 2758);0
2760;161.0;35852.87;telefono;atendio un tercero que dice no conocer al titular (caso 2759);0
2761;423.0;80209.71;visita;atendio un tercero que dice no conocer al titular (caso 2760);0
2762;229.0;15001.89;whatsapp;confirma la transferencia realizada y envia el comprobante (caso 2761);1
2763;360.0;120502.32;email;atendio un tercero que dice no conocer al titular (caso 2762);0
2764;58.0;18188.11;telefono;no atiende el telefono, el numero figura fuera de servicio (caso 2763);0
2765;149.0;70239.27;whatsapp;atendio un tercero que dice no conocer al titular (caso 2764);0
2766;123.0;23484.47;email;no atiende el telefono, el numero figura fuera de servicio (caso 2765);0
2767;67.0;39555.91;email;atendio un tercero que dice no conocer al titular (caso 2766);0
2768;321.0;91354.58;visita;se niega a pagar y menciona que iniciara un reclamo (caso 2767);0
2769;444.0;27481.92;whatsapp;confirma la transferencia realizada y envia el comprobante (caso 2768);1
2770;300.0;53776.27;email;cliente conforme, promete pagar la cuota completa este mes (caso 2769);1
2771;359.0;42098.01;visita;se niega a pagar y menciona que iniciara un reclamo (caso 2770);0
2772;87.0;16085.37;telefono;no atiende el telefono, el numero figura fuera de servicio (caso 2771);0
2773;95.0;38315.83;whatsapp;atendio un tercero que dice no conocer al titular (caso 2772);0
2774;317.0;87402.37;email;sin respuesta a los mensajes, la direccion registrada es incorrecta (caso 2773);0
2775;67.0;127993.59;email;confirma la transferencia realizada y envia el comprobante (caso 2774);1
2776;171.0;41820.78;email;solicita el saldo exacto para cancelar la deuda esta semana (caso 2775);1
2777;533.0;192198.53;whatsapp;no atiende el telefono, el numero figura fuera de servicio (caso 2776);0
2778;230.0;40540.09;telefono;atendio un tercero que dice no conocer al titular (caso 2777);0
2779;947.0;73724.47;whatsapp;solicita el saldo exacto para cancelar la deuda esta semana (caso 2778);1
2780;402.0;13964.41;whatsapp;solicita el saldo exacto para cancelar la deuda esta semana (caso 2779);1
2781;363.0;10702.95;email;se niega a pagar y menciona que iniciara un reclamo (caso 2780);0
2782;131.0;84600.36;telefono;atendio un tercero que dice no conocer al titular (caso 2781);0
2783;372.0;10861.42;visita;solicita el saldo exacto para cancelar la deuda esta semana (caso 2782);1
2784;763.0;11234.63;telefono;solicita el saldo exacto para cancelar la deuda esta semana (caso 2783);1
2785;1046.0;96286.8;telefono;acordamos un plan de pagos, muy buena disposicion en el contacto (caso 2784);1
2786;492.0;65413.3;whatsapp;atendio un tercero que dice no conocer al titular (caso 2785);0
2787;308.0;81590.38;visita;sin respuesta a los mensajes, la direccion registrada es incorrecta (caso 2786);0
2788;261.0;23082.86;email;cliente conforme, promete pagar la cuota completa este mes (caso 2787);1
2789;1034.0;23021.12;visita;se niega a pagar y menciona que iniciara un reclamo (caso 2788);0
2790;494.0;54351.87;email;cliente conforme, promete pagar la cuota completa este mes (caso 2789);1
2791;582.0;33828.59;telefono;confirma la transferencia realizada y envia el comprobante (caso 2790);1
2792;687.0;206531.32;whatsapp;cliente conforme, promete pagar la cuota completa este mes (caso 2791);1
2793;81.0;8409.11;telefono;cliente conforme, promete pagar la cuota completa este mes (caso 2792);1
2794;325.0;21915.9;email;no atiende el telefono, el numero figura fuera de servicio (caso 2793);0
2795;420.0;15704.16;email;cliente conforme, promete pagar la cuota completa este mes (caso 2794);1
2796;578.0;108022.53;visita;no atiende el telefono, el numero figura fuera de servicio (caso 2795);0
2797;85.0;13334.81;email;solicita el saldo exacto para cancelar la deuda esta semana (caso 2796);1
2798;489.0;47302.94;email;atendio un tercero que dice no conocer al titular (caso 2797);0
2799;108.0;23712.44;whatsapp;no atiende el telefono, el numero figura fuera de servicio (caso 2798);0
2800;246.0;60774.79;telefono;se niega a pagar y menciona que iniciara un reclamo (caso 2799);0
2801;51.0;43507.84;visita;cliente conforme, promete pagar la cuota completa este mes (caso 2800);1
2802;879.0;42962.02;telefono;atendio un tercero que dice no conocer al titular (caso 2801);0
2803;323.0;74372.63;whatsapp;no atiende el telefono, el numero figura fuera de servicio (caso 2802);0
2804;102.0;56395.2;email;acordamos un plan de pagos, muy buena disposicion en el contacto (caso 2803);1
2805;207.0;13800.84;telefono;acordamos un plan de pagos, muy buena disposicion en el contacto (caso 2804);1
2806;44.0;90543.54;email;acordamos un plan de pagos, muy buena disposicion en el contacto (caso 2805);1
2807;203.0;7992.06;email;acordamos un plan de pagos, muy buena disposicion en el contacto (caso 2806);1
2808;349.0;52455.56;whatsapp;acordamos un plan de pagos, muy buena disposicion en el contacto (caso 2807);1
2809;1864.0;61288.81;email;sin respuesta a los mensajes, la direccion registrada es incorrecta (caso 2808);0
2810;83.0;121485.36;whatsapp;cliente conforme, promete pagar la cuota completa este mes (caso 2809);1
2811;458.0;36502.42;visita;sin respuesta a los mensajes, la direccion registrada es incorrecta (caso 2810);0
2812;621.0;82014.11;visita;atendio un tercero que dice no conocer al titular (caso 2811);0
2813;186.0;41554.45;visita;no atiende el telefono, el numero figura fuera de servicio (caso 2812);0
2814;101.0;26464.63;telefono;confirma la transferencia realizada y envia el comprobante (caso 2813);1
2815;61.0;31701.42;whatsapp;sin respuesta a los mensajes, la direccion registrada es incorrecta (caso 2814);0
2816;945.0;38726.55;whatsapp;no atiende el telefono, el numero figura fuera de servicio (caso 2815);0
2817;130.0;7074.86;visita;no atiende el telefono, el numero figura fuera de servicio (caso 2816);0
2818;103.0;30721.7;visita;atendio un tercero que dice no conocer al titular (caso 2817);0
2819;96.0;29279.96;email;no atiende el telefono, el numero figura fuera de servicio (caso 2818);0
2820;87.0;38492.61;visita;se niega a pagar y menciona que iniciara un reclamo (caso 2819);0
2821;208.0;115701.22;whatsapp;atendio un tercero que dice no conocer al titular (caso 2820);0
2822;598.0;55272.48;whatsapp;cliente conforme, promete pagar la cuota completa este mes (caso 2821);1
2823;59.0;45634.37;whatsapp;no atiende el telefono, el numero figura fuera de servicio (caso 2822);0
2824;233.0;33413.31;visita;atendio un tercero que dice no conocer al titular (caso 2823);0
2825;260.0;36793.25;email;se niega a pagar y menciona que iniciara un reclamo (caso 2824);0
2826;217.0;117545.17;whatsapp;se niega a pagar y menciona que iniciara un reclamo (caso 2825);0
2827;268.0;114209.21;visita;solicita el saldo exacto para cancelar la deuda esta semana (caso 2826);1
2828;225.0;27676.23;telefono;sin respuesta a los mensajes, la direccion registrada es incorrecta (caso 2827);0
2829;222.0;46554.88;telefono;sin respuesta a los mensajes, la direccion registrada es incorrecta (caso 2828);0
2830;83.0;54110.14;visita;sin respuesta a los mensajes, la direccion registrada es incorrecta (caso 2829);0
2831;171.0;39786.98;visita;sin respuesta a los mensajes, la direccion registrada es incorrecta (caso 2830);0
2832;255.0;42109.33;visita;sin respuesta a los mensajes, la direccion registrada es incorrecta (caso 2831);0
2833;114.0;38321.94;email;sin respuesta a los mensajes, la direccion registrada es incorrecta (caso 2832);0
2834;274.0;30103.96;email;atendio un tercero que dice no conocer al titular (caso 2833);0
2835;679.0;11545.61;visita;acordamos un plan de pagos, muy buena disposicion en el contacto (caso 2834);1
2836;53.0;202100.16;telefono;cliente conforme, promete pagar la cuota completa este mes (caso 2835);1
2837;17.0;31704.43;visita;confirma la transferencia realizada y envia el comprobante (caso 2836);1
2838;6.0;70404.3;email;no atiende el telefono, el numero figura fuera de servicio (caso 2837);0
2839;54.0;22409.86;telefono;cliente conforme, promete pagar la cuota completa este mes (caso 2838);1
2840;282.0;47735.15;telefono;cliente conforme, promete pagar la cuota completa este mes (caso 2839);1
2841;470.0;99484.51;telefono;se niega a pagar y menciona que iniciara un reclamo (caso 2840);0
2842;76.0;1467.76;visita;cliente conforme, promete pagar la cuota completa este mes (caso 2841);1
2843;35.0;15968.91;visita;atendio un tercero que dice no conocer al titular (caso 2842);0
2844;252.0;147590.27;whatsapp;confirma la transferencia realizada y envia el comprobante (caso 2843);1
2845;1054.0;47354.18;telefono;no atiende el telefono, el numero figura fuera de servicio (caso 2844);0
2846;224.0;57832.97;visita;se niega a pagar y menciona que iniciara un reclamo (caso 2845);0
2847;430.0;28203.43;telefono;acordamos un plan de pagos, muy buena disposicion en el contacto (caso 2846);1
2848;510.0;125263.29;visita;atendio un tercero que dice no conocer al titular (caso 2847);0
2849;548.0;44626.74;whatsapp;cliente conforme, promete pagar la cuota completa este mes (caso 2848);1
2850;225.0;27773.97;email;no atiende el telefono, el numero figura fuera de servicio (caso 2849);0
2851;114.0;75916.6;visita;no atiende el telefono, el numero figura fuera de servicio (caso 2850);0
2852;248.0;129723.42;email;cliente conforme, promete pagar la cuota completa este mes (caso 2851);1
2853;205.0;18272.07;visita;se niega a pagar y menciona que iniciara un reclamo (caso 2852);0
2854;79.0;91429.13;whatsapp;solicita el saldo exacto para cancelar la deuda esta semana (caso 2853);1
2855;39.0;96212.48;visita;sin respuesta a los mensajes, la direccion registrada es incorrecta (caso 2854);0
2856;67.0;69116.67;whatsapp;atendio un tercero que dice no conocer al titular (caso 2855);0
2857;366.0;46623.01;visita;solicita el saldo exacto para cancelar la deuda esta semana (caso 2856);1
2858;482.0;7620.29;email;acordamos un plan de pagos, muy buena disposicion en el contacto (caso 2857);1
2859;608.0;110781.86;email;confirma la transferencia realizada y envia el comprobante (caso 2858);1
2860;428.0;17900.14;email;se niega a pagar y menciona que iniciara un reclamo (caso 2859);0
2861;238.0;14920.92;email;se niega a pagar y menciona que iniciara un reclamo (caso 2860);0
2862;436.0;47760.08;visita;se niega a pagar y menciona que iniciara un reclamo (caso 2861);0
2863;140.0;22089.24;whatsapp;acordamos un plan de pagos, muy buena disposicion en el contacto (caso 2862);1
2864;69.0;47896.79;email;no atiende el telefono, el numero figura fuera de servicio (caso 2863);0
2865;338.0;32698.65;email;se niega a pagar y menciona que iniciara un reclamo (caso 2864);0
2866;17.0;47652.36;whatsapp;atendio un tercero que dice no conocer al titular (caso 2865);0
2867;259.0;44014.36;whatsapp;no atiende el telefono, el numero figura fuera de servicio (caso 2866);0
2868;127.0;82333.43;whatsapp;atendio un tercero que dice no conocer al titular (caso 2867);0
2869;282.0;64226.33;whatsapp;se niega a pagar y menciona que iniciara un reclamo (caso 2868);0
2870;284.0;32716.56;whatsapp;no atiende el telefono, el numero figura fuera de servicio (caso 2869);0
2871;301.0;35836.04;email;no atiende el telefono, el numero figura fuera de servicio (caso 2870);0
2872;144.0;97614.11;whatsapp;sin respuesta a los mensajes, la direccion registrada es incorrecta (caso 2871);0
2873;301.0;96871.79;email;se niega a pagar y menciona que iniciara un reclamo (caso 2872);0
2874;93.0;80929.74;telefono;acordamos un plan de pagos, muy buena disposicion en el contacto (caso 2873);1
2875;216.0;23311.68;visita;solicita el saldo exacto para cancelar la deuda esta semana (caso 2874);1
2876;324.0;38355.12;whatsapp;no atiende el telefono, el numero figura fuera de servicio (caso 2875);0
2877;633.0;105167.09;telefono;no atiende el telefono, el numero figura fuera de servicio (caso 2876);0
2878;31.0;212476.39;whatsapp;solicita el saldo exacto para cancelar la deuda esta semana (caso 2877);1
2879;392.0;81430.92;telefono;cliente conforme, promete pagar la cuota completa este mes (caso 2878);1
2880;104.0;29379.06;telefono;no atiende el telefono, el numero figura fuera de servicio (caso 2879);0
2881;261.0;37314.18;visita;cliente conforme, promete pagar la cuota completa este mes (caso 2880);1
2882;284.0;123094.76;visita;sin respuesta a los mensajes, la direccion registrada es incorrecta (caso 2881);0
2883;720.0;133238.35;email;acordamos un plan de pagos, muy buena disposicion en el contacto (caso 2882);1
2884;601.0;164300.71;whatsapp;se niega a pagar y menciona que iniciara un reclamo (caso 2883);0
2885;79.0;16025.85;email;acordamos un plan de pagos, muy buena disposicion en el contacto (caso 2884);1
2886;688.0;85785.26;email;atendio un tercero que dice no conocer al titular (caso 2885);0
2887;81.0;30168.46;telefono;cliente conforme, promete pagar la cuota completa este mes (caso 2886);1
2888;499.0;175296.42;visita;se niega a pagar y menciona que iniciara un reclamo (caso 2887);0
2889;95.0;21250.26;email;se niega a pagar y menciona que iniciara un reclamo (caso 2888);0
2890;708.0;28920.62;email;solicita el saldo exacto para cancelar la deuda esta semana (caso 2889);1
2891;300.0;61975.57;telefono;no atiende el telefono, el numero figura fuera de servicio (caso 2890);0
2892;417.0;19320.9;whatsapp;atendio un tercero que dice no conocer al titular (caso 2891);0
2893;572.0;18106.05;telefono;confirma la transferencia realizada y envia el comprobante (caso 2892);1
2894;522.0;783.48;email;atendio un tercero que dice no conocer al titular (caso 2893);0
2895;14.0;161839.9;whatsapp;confirma la transferencia realizada y envia el comprobante (caso 2894);1
2896;256.0;47725.87;visita;cliente conforme, promete pagar la cuota completa este mes (caso 2895);1
2897;429.0;29299.21;email;cliente conforme, promete pagar la cuota completa este mes (caso 2896);1
2898;307.0;32976.26;visita;atendio un tercero que dice no conocer al titular (caso 2897);0
2899;215.0;171470.18;telefono;sin respuesta a los mensajes, la direccion registrada es incorrecta (caso 2898);0
2900;80.0;32503.69;telefono;acordamos un plan de pagos, muy buena disposicion en el contacto (caso 2899);1
2901;29.0;199098.31;visita;acordamos un plan de pagos, muy buena disposicion en el contacto (caso 2900);1
2902;62.0;154359.2;telefono;acordamos un plan de pagos, muy buena disposicion en el contacto (caso 2901);1
2903;285.0;24650.69;visita;atendio un tercero que dice no conocer al titular (caso 2902);0
2904;245.0;13837.07;email;confirma la transferencia realizada y envia el comprobante (caso 2903);1
2905;341.0;37021.7;visita;atendio un tercero que dice no conocer al titular (caso 2904);0
2906;493.0;105485.83;telefono;atendio un tercero que dice no conocer al titular (caso 2905);0
2907;393.0;68384.69;email;atendio un tercero que dice no conocer al titular (caso 2906);0
2908;143.0;67186.15;email;acordamos un plan de pagos, muy buena disposicion en el contacto (caso 2907);1
2909;28.0;64271.96;telefono;solicita el saldo exacto para cancelar la deuda esta semana (caso 2908);1
2910;527.0;100036.83;whatsapp;sin respuesta a los mensajes, la direccion registrada es incorrecta (caso 2909);0
2911;327.0;87867.77;whatsapp;cliente conforme, promete pagar la cuota completa este mes (caso 2910);1
2912;278.0;26966.52;email;cliente conforme, promete pagar la cuota completa este mes (caso 2911);1
2913;245.0;62971.91;whatsapp;solicita el saldo exacto para cancelar la deuda esta semana (caso 2912);1
2914;87.0;22994.62;telefono;se niega a pagar y menciona que iniciara un reclamo (caso 2913);0
2915;246.0;38006.01;telefono;sin respuesta a los mensajes, la direccion registrada es incorrecta (caso 2914);0
2916;349.0;80385.83;telefono;acordamos un plan de pagos, muy buena disposicion en el contacto (caso 2915);1
2917;485.0;64434.91;whatsapp;atendio un tercero que dice no conocer al titular (caso 2916);0
2918;393.0;15451.43;email;no atiende el telefono, el numero figura fuera de servicio (caso 2917);0
2919;137.0;30317.52;visita;sin respuesta a los mensajes, la direccion registrada es incorrecta (caso 2918);0
2920;78.0;64509.5;visita;se niega a pagar y menciona que iniciara un reclamo (caso 2919);0
2921;137.0;41397.36;telefono;sin respuesta a los mensajes, la direccion registrada es incorrecta (caso 2920);0
2922;177.0;85571.37;email;confirma la transferencia realizada y envia el comprobante (caso 2921);1
2923;476.0;52590.14;visita;atendio un tercero que dice no conocer al titular (caso 2922);0
2924;312.0;76808.26;whatsapp;solicita el saldo exacto para cancelar la deuda esta semana (caso 2923);1
2925;380.0;113263.9;whatsapp;acordamos un plan de pagos, muy buena disposicion en el contacto (caso 2924);1
2926;390.0;42922.84;visita;se niega a pagar y menciona que iniciara un reclamo (caso 2925);0
2927;161.0;48189.19;visita;no atiende el telefono, el numero figura fuera de servicio (caso 2926);0
2928;470.0;64154.94;telefono;se niega a pagar y menciona que iniciara un reclamo (caso 2927);0
2929;575.0;26962.43;email;solicita el saldo exacto para cancelar la deuda esta semana (caso 2928);1
2930;109.0;75302.8;visita;sin respuesta a los mensajes, la direccion registrada es incorrecta (caso 2929);0
2931;309.0;117658.26;telefono;sin respuesta a los mensajes, la direccion registrada es incorrecta (caso 2930);0
2932;8.0;32795.84;whatsapp;acordamos un plan de pagos, muy buena disposicion en el contacto (caso 2931);1
2933;214.0;16064.72;email;sin respuesta a los mensajes, la direccion registrada es incorrecta (caso 2932);0
2934;226.0;95185.6;telefono;acordamos un plan de pagos, muy buena disposicion en el contacto (caso 2933);1
2935;628.0;69325.17;whatsapp;no atiende el telefono, el numero figura fuera de servicio (caso 2934);0
2936;341.0;88006.42;telefono;confirma la transferencia realizada y envia el comprobante (caso 2935);1
2937;28.0;31022.0;whatsapp;confirma la transferencia realizada y envia el comprobante (caso 2936);1
2938;25.0;78555.15;telefono;no atiende el telefono, el numero figura fuera de servicio (caso 2937);0
2939;651.0;85085.4;email;no atiende el telefono, el numero figura fuera de servicio (caso 2938);0
2940;27.0;27628.94;email;confirma la transferencia realizada y envia el comprobante (caso 2939);1
2941;603.0;42792.46;whatsapp;solicita el saldo exacto para cancelar la deuda esta semana (caso 2940);1
2942;33.0;116586.29;visita;sin respuesta a los mensajes, la direccion registrada es incorrecta (caso 2941);0
2943;293.0;28607.27;visita;no atiende el telefono, el numero figura fuera de servicio (caso 2942);0
2944;687.0;18264.6;telefono;no atiende el telefono, el numero figura fuera de servicio (caso 2943);0
2945;119.0;151753.12;email;sin respuesta a los mensajes, la direccion registrada es incorrecta (caso 2944);0
2946;212.0;64613.76;whatsapp;cliente conforme, promete pagar la cuota completa este mes (caso 2945);1
2947;315.0;62386.7;whatsapp;se niega a pagar y menciona que iniciara un reclamo (caso 2946);0
2948;84.0;50181.98;whatsapp;sin respuesta a los mensajes, la direccion registrada es incorrecta (caso 2947);0
2949;545.0;66916.0;whatsapp;atendio un tercero que dice no conocer al titular (caso 2948);0
2950;462.0;173624.02;email;se niega a pagar y menciona que iniciara un reclamo (caso 2949);0
2951;187.0;184879.05;whatsapp;solicita el saldo exacto para cancelar la deuda esta semana (caso 2950);1
2952;406.0;163451.45;whatsapp;sin respuesta a los mensajes, la direccion registrada es incorrecta (caso 2951);0
2953;1041.0;123355.61;email;sin respuesta a los mensajes, la direccion registrada es incorrecta (caso 2952);0
2954;313.0;171979.31;telefono;se niega a pagar y menciona que iniciara un reclamo (caso 2953);0
2955;713.0;13012.18;email;se niega a pagar y menciona que iniciara un reclamo (caso 2954);0
2956;323.0;44407.68;visita;se niega a pagar y menciona que iniciara un reclamo (caso 2955);0
2957;29.0;132407.56;whatsapp;acordamos un plan de pagos, muy buena disposicion en el contacto (caso 2956);1
2958;325.0;11329.66;telefono;sin respuesta a los mensajes, la direccion registrada es incorrecta (caso 2957);0
2959;47.0;33840.22;telefono;sin respuesta a los mensajes, la direccion registrada es incorrecta (caso 2958);0
2960;806.0;42485.82;visita;se niega a pagar y menciona que iniciara un reclamo (caso 2959);0
2961;241.0;11168.56;email;se niega a pagar y menciona que iniciara un reclamo (caso 2960);0
2962;559.0;136164.24;email;se niega a pagar y menciona que iniciara un reclamo (caso 2961);0
2963;392.0;28761.53;whatsapp;no atiende el telefono, el numero figura fuera de servicio (caso 2962);0
2964;302.0;62986.28;email;sin respuesta a los mensajes, la direccion registrada es incorrecta (caso 2963);0
2965;51.0;26135.68;telefono;se niega a pagar y menciona que iniciara un reclamo (caso 2964);0
2966;46.0;58180.84;telefono;cliente conforme, promete pagar la cuota completa este mes (caso 2965);1
2967;365.0;18149.34;visita;se niega a pagar y menciona que iniciara un reclamo (caso 2966);0
2968;133.0;30488.41;email;atendio un tercero que dice no conocer al titular (caso 2967);0
2969;503.0;33290.84;email;sin respuesta a los mensajes, la direccion registrada es incorrecta (caso 2968);0
2970;340.0;60989.86;whatsapp;solicita el saldo exacto para cancelar la deuda esta semana (caso 2969);1
2971;43.0;19444.92;email;acordamos un plan de pagos, muy buena disposicion en el contacto (caso 2970);1
2972;67.0;56607.15;visita;confirma la transferencia realizada y envia el comprobante (caso 2971);1
2973;158.0;14977.17;email;atendio un tercero que dice no conocer al titular (caso 2972);0
2974;198.0;35586.59;visita;se niega a pagar y menciona que iniciara un reclamo (caso 2973);0
2975;1009.0;185875.71;email;no atiende el telefono, el numero figura fuera de servicio (caso 2974);0
2976;141.0;46433.51;whatsapp;confirma la transferencia realizada y envia el comprobante (caso 2975);1
2977;321.0;14605.39;email;solicita el saldo exacto para cancelar la deuda esta semana (caso 2976);1
2978;3.0;58784.75;whatsapp;se niega a pagar y menciona que iniciara un reclamo (caso 2977);0
2979;248.0;95748.56;email;no atiende el telefono, el numero figura fuera de servicio (caso 2978);0
2980;54.0;63218.44;telefono;atendio un tercero que dice no conocer al titular (caso 2979);0
2981;343.0;13275.11;visita;se niega a pagar y menciona que iniciara un reclamo (caso 2980);0
2982;225.0;38398.24;email;no atiende el telefono, el numero figura fuera de servicio (caso 2981);0
2983;615.0;6888.24;email;atendio un tercero que dice no conocer al titular (caso 2982);0
2984;441.0;9622.3;telefono;no atiende el telefono, el numero figura fuera de servicio (caso 2983);0
2985;57.0;117997.07;visita;sin respuesta a los mensajes, la direccion registrada es incorrecta (caso 2984);0
2986;203.0;20608.81;visita;confirma la transferencia realizada y envia el comprobante (caso 2985);1
2987;167.0;47848.24;visita;se niega a pagar y menciona que iniciara un reclamo (caso 2986);0
2988;371.0;96999.66;visita;acordamos un plan de pagos, muy buena disposicion en el contacto (caso 2987);1
2989;246.0;64952.71;visita;confirma la transferencia realizada y envia el comprobante (caso 2988);1
2990;186.0;12514.9;visita;acordamos un plan de pagos, muy buena disposicion en el contacto (caso 2989);1
2991;138.0;17912.47;whatsapp;se niega a pagar y menciona que iniciara un reclamo (caso 2990);0
2992;160.0;112550.89;whatsapp;atendio un tercero que dice no conocer al titular (caso 2991);0
2993;83.0;12323.46;whatsapp;acordamos un plan de pagos, muy buena disposicion en el contacto (caso 2992);1
2994;210.0;38413.04;telefono;atendio un tercero que dice no conocer al titular (caso 2993);0
2995;20.0;99774.98;telefono;confirma la transferencia realizada y envia el comprobante (caso 2994);1
2996;75.0;71245.55;email;se niega a pagar y menciona que iniciara un reclamo (caso 2995);0
2997;451.0;98240.84;email;solicita el saldo exacto para cancelar la deuda esta semana (caso 2996);1
2998;186.0;20920.69;visita;no atiende el telefono, el numero figura fuera de servicio (caso 2997);0
2999;219.0;67486.26;visita;acordamos un plan de pagos, muy buena disposicion en el contacto (caso 2998);1
3000;39.0;110181.95;visita;se niega a pagar y menciona que iniciara un reclamo (caso 2999);0
