id_contacto,id_contenido,fecha,evento
C-00134,K-07,2026-04-01,envio
C-00134,K-07,2026-04-01,apertura
C-00134,K-07,2026-04-01,clic
C-00225,K-02,2026-04-01,envio
C-00233,K-14,2026-04-01,envio
C-00233,K-14,2026-04-01,apertura
C-00233,K-14,2026-04-01,clic
C-00281,K-04,2026-04-01,envio
C-00352,K-14,2026-04-01,envio
C-00352,K-14,2026-04-01,apertura
C-00372,K-06,2026-04-01,envio
C-00372,K-06,2026-04-01,apertura
C-00526,K-05,2026-04-01,envio
C-00649,K-06,2026-04-01,envio
C-00738,K-13,2026-04-01,envio
C-00837,K-04,2026-04-01,envio
C-00837,K-04,2026-04-01,apertura
C-01036,K-01,2026-04-01,envio
C-01036,K-01,2026-04-01,apertura
C-01222,K-09,2026-04-01,envio
C-01234,K-14,2026-04-01,envio
C-01306,K-03,2026-04-01,envio
C-01416,K-01,2026-04-01,envio
C-01421,K-01,2026-04-01,envio
C-01421,K-01,2026-04-01,apertura
C-00001,K-01,2026-04-02,envio
C-00001,K-13,2026-04-02,envio
C-00001,K-13,2026-04-02,apertura
C-00008,K-03,2026-04-02,envio
C-00008,K-03,2026-04-02,apertura
C-00038,K-07,2026-04-02,envio
C-00038,K-07,2026-04-02,apertura
C-00065,K-09,2026-04-02,envio
C-00072,K-14,2026-04-02,envio
C-00072,K-14,2026-04-02,apertura
C-00135,K-09,2026-04-02,envio
C-00227,K-14,2026-04-02,envio
C-00227,K-14,2026-04-02,apertura
C-00227,K-14,2026-04-02,clic
C-00278,K-13,2026-04-02,envio
C-00280,K-14,2026-04-02,envio
C-00321,K-12,2026-04-02,envio
C-00321,K-12,2026-04-02,apertura
C-00322,K-01,2026-04-02,envio
C-00348,K-08,2026-04-02,envio
C-00384,K-09,2026-04-02,envio
C-00389,K-03,2026-04-02,envio
C-00389,K-03,2026-04-02,apertura
C-00389,K-03,2026-04-02,clic
C-00476,K-05,2026-04-02,envio
C-00476,K-05,2026-04-02,apertura
C-00529,K-14,2026-04-02,envio
C-00643,K-04,2026-04-02,envio
C-00766,K-08,2026-04-02,envio
C-00955,K-06,2026-04-02,envio
C-00955,K-06,2026-04-02,apertura
C-00955,K-06,2026-04-02,clic
C-00966,K-14,2026-04-02,envio
C-01013,K-08,2026-04-02,envio
C-01013,K-08,2026-04-02,apertura
C-01013,K-08,2026-04-02,clic
C-01111,K-14,2026-04-02,envio
C-01138,K-10,2026-04-02,envio
C-01156,K-02,2026-04-02,envio
C-01165,K-02,2026-04-02,envio
C-01195,K-14,2026-04-02,envio
C-01213,K-14,2026-04-02,envio
C-01213,K-14,2026-04-02,apertura
C-01213,K-14,2026-04-02,clic
C-01257,K-14,2026-04-02,envio
C-01368,K-13,2026-04-02,envio
C-01408,K-10,2026-04-02,envio
C-01416,K-13,2026-04-02,envio
C-01416,K-13,2026-04-02,apertura
C-01437,K-01,2026-04-02,envio
C-01463,K-14,2026-04-02,envio
C-01463,K-14,2026-04-02,apertura
C-01476,K-02,2026-04-02,envio
C-01486,K-14,2026-04-02,envio
C-00036,K-04,2026-04-03,envio
C-00036,K-04,2026-04-03,baja
C-00038,K-08,2026-04-03,envio
C-00080,K-13,2026-04-03,envio
C-00109,K-03,2026-04-03,envio
C-00109,K-03,2026-04-03,apertura
C-00144,K-14,2026-04-03,envio
C-00225,K-03,2026-04-03,envio
C-00245,K-14,2026-04-03,envio
C-00245,K-01,2026-04-03,envio
C-00326,K-14,2026-04-03,envio
C-00326,K-14,2026-04-03,apertura
C-00372,K-10,2026-04-03,envio
C-00489,K-04,2026-04-03,envio
C-00544,K-14,2026-04-03,envio
C-00654,K-14,2026-04-03,envio
C-00657,K-14,2026-04-03,envio
C-00879,K-06,2026-04-03,envio
C-00879,K-06,2026-04-03,apertura
C-00879,K-06,2026-04-03,clic
C-00915,K-14,2026-04-03,envio
C-00915,K-14,2026-04-03,apertura
C-01011,K-02,2026-04-03,envio
C-01011,K-02,2026-04-03,apertura
C-01179,K-02,2026-04-03,envio
C-01245,K-02,2026-04-03,envio
C-01285,K-07,2026-04-03,envio
C-01285,K-07,2026-04-03,apertura
C-01349,K-06,2026-04-03,envio
C-01386,K-03,2026-04-03,envio
C-01442,K-14,2026-04-03,envio
C-01499,K-04,2026-04-03,envio
C-01499,K-04,2026-04-03,apertura
C-01499,K-04,2026-04-03,clic
C-00112,K-14,2026-04-04,envio
C-00112,K-14,2026-04-04,apertura
C-00161,K-01,2026-04-04,envio
C-00276,K-09,2026-04-04,envio
C-00351,K-14,2026-04-04,envio
C-00530,K-12,2026-04-04,envio
C-00653,K-13,2026-04-04,envio
C-00653,K-13,2026-04-04,apertura
C-00843,K-09,2026-04-04,envio
C-00846,K-07,2026-04-04,envio
C-00876,K-14,2026-04-04,envio
C-00876,K-14,2026-04-04,apertura
C-00878,K-12,2026-04-04,envio
C-00892,K-02,2026-04-04,envio
C-00892,K-02,2026-04-04,apertura
C-00901,K-02,2026-04-04,envio
C-00905,K-10,2026-04-04,envio
C-00923,K-14,2026-04-04,envio
C-00923,K-14,2026-04-04,apertura
C-00950,K-13,2026-04-04,envio
C-00950,K-13,2026-04-04,apertura
C-01013,K-12,2026-04-04,envio
C-01013,K-12,2026-04-04,apertura
C-01132,K-14,2026-04-04,envio
C-01132,K-14,2026-04-04,apertura
C-01179,K-14,2026-04-04,envio
C-01272,K-14,2026-04-04,envio
C-01272,K-14,2026-04-04,apertura
C-01272,K-14,2026-04-04,clic
C-01393,K-14,2026-04-04,envio
C-01393,K-14,2026-04-04,apertura
C-01468,K-10,2026-04-04,envio
C-01468,K-10,2026-04-04,apertura
C-01479,K-14,2026-04-04,envio
C-01479,K-14,2026-04-04,apertura
C-01486,K-02,2026-04-04,envio
C-01486,K-02,2026-04-04,apertura
C-01486,K-02,2026-04-04,clic
C-00100,K-07,2026-04-05,envio
C-00219,K-01,2026-04-05,envio
C-00225,K-01,2026-04-05,envio
C-00225,K-01,2026-04-05,apertura
C-00245,K-05,2026-04-05,envio
C-00245,K-05,2026-04-05,apertura
C-00332,K-14,2026-04-05,envio
C-00332,K-14,2026-04-05,apertura
C-00349,K-08,2026-04-05,envio
C-00349,K-07,2026-04-05,envio
C-00349,K-07,2026-04-05,apertura
C-00381,K-01,2026-04-05,envio
C-00413,K-14,2026-04-05,envio
C-00594,K-14,2026-04-05,envio
C-00612,K-01,2026-04-05,envio
C-00612,K-01,2026-04-05,apertura
C-00646,K-01,2026-04-05,envio
C-00719,K-14,2026-04-05,envio
C-00719,K-14,2026-04-05,apertura
C-00726,K-11,2026-04-05,envio
C-00743,K-02,2026-04-05,envio
C-00831,K-09,2026-04-05,envio
C-00831,K-09,2026-04-05,apertura
C-00986,K-06,2026-04-05,envio
C-01032,K-14,2026-04-05,envio
C-01110,K-13,2026-04-05,envio
C-01317,K-14,2026-04-05,envio
C-01317,K-14,2026-04-05,apertura
C-01350,K-13,2026-04-05,envio
C-01499,K-04,2026-04-05,inscripcion
C-00031,K-02,2026-04-06,envio
C-00134,K-10,2026-04-06,envio
C-00193,K-03,2026-04-06,envio
C-00193,K-03,2026-04-06,apertura
C-00344,K-08,2026-04-06,envio
C-00363,K-01,2026-04-06,envio
C-00363,K-01,2026-04-06,apertura
C-00363,K-01,2026-04-06,clic
C-00447,K-14,2026-04-06,envio
C-00461,K-14,2026-04-06,envio
C-00507,K-01,2026-04-06,envio
C-00507,K-01,2026-04-06,apertura
C-00527,K-02,2026-04-06,envio
C-00527,K-02,2026-04-06,apertura
C-00548,K-05,2026-04-06,envio
C-00548,K-05,2026-04-06,apertura
C-00573,K-14,2026-04-06,envio
C-00580,K-07,2026-04-06,envio
C-00580,K-07,2026-04-06,apertura
C-00590,K-08,2026-04-06,envio
C-00690,K-08,2026-04-06,envio
C-00726,K-13,2026-04-06,envio
C-00726,K-13,2026-04-06,apertura
C-00916,K-14,2026-04-06,envio
C-00946,K-06,2026-04-06,envio
C-00948,K-03,2026-04-06,envio
C-01031,K-14,2026-04-06,envio
C-01058,K-12,2026-04-06,envio
C-01274,K-14,2026-04-06,envio
C-01295,K-02,2026-04-06,envio
C-01314,K-08,2026-04-06,envio
C-01386,K-07,2026-04-06,envio
C-01454,K-14,2026-04-06,envio
C-00087,K-14,2026-04-07,envio
C-00219,K-14,2026-04-07,envio
C-00228,K-02,2026-04-07,envio
C-00278,K-02,2026-04-07,envio
C-00324,K-02,2026-04-07,envio
C-00421,K-12,2026-04-07,envio
C-00421,K-12,2026-04-07,apertura
C-00536,K-02,2026-04-07,envio
C-00607,K-14,2026-04-07,envio
C-00636,K-04,2026-04-07,envio
C-00636,K-04,2026-04-07,apertura
C-00636,K-04,2026-04-07,clic
C-00663,K-02,2026-04-07,envio
C-00663,K-02,2026-04-07,apertura
C-00663,K-02,2026-04-07,clic
C-00786,K-04,2026-04-07,envio
C-00793,K-02,2026-04-07,envio
C-00793,K-02,2026-04-07,apertura
C-00956,K-14,2026-04-07,envio
C-00973,K-14,2026-04-07,envio
C-00973,K-14,2026-04-07,apertura
C-00973,K-14,2026-04-07,clic
C-00978,K-08,2026-04-07,envio
C-00978,K-08,2026-04-07,apertura
C-00978,K-08,2026-04-07,clic
C-01023,K-12,2026-04-07,envio
C-01097,K-14,2026-04-07,envio
C-01097,K-14,2026-04-07,apertura
C-01243,K-13,2026-04-07,envio
C-01247,K-09,2026-04-07,envio
C-01247,K-09,2026-04-07,apertura
C-01247,K-09,2026-04-07,clic
C-01328,K-08,2026-04-07,envio
C-01328,K-08,2026-04-07,apertura
C-01359,K-03,2026-04-07,envio
C-01460,K-13,2026-04-07,envio
C-00029,K-14,2026-04-08,envio
C-00029,K-14,2026-04-08,apertura
C-00088,K-14,2026-04-08,envio
C-00180,K-02,2026-04-08,envio
C-00180,K-02,2026-04-08,baja
C-00214,K-03,2026-04-08,envio
C-00214,K-03,2026-04-08,apertura
C-00490,K-03,2026-04-08,envio
C-00525,K-09,2026-04-08,envio
C-00525,K-09,2026-04-08,apertura
C-00855,K-14,2026-04-08,envio
C-00868,K-14,2026-04-08,envio
C-00868,K-14,2026-04-08,apertura
C-00946,K-12,2026-04-08,envio
C-00946,K-12,2026-04-08,apertura
C-01005,K-01,2026-04-08,envio
C-01005,K-01,2026-04-08,apertura
C-01005,K-01,2026-04-08,clic
C-01306,K-01,2026-04-08,envio
C-01309,K-04,2026-04-08,envio
C-01309,K-04,2026-04-08,apertura
C-01336,K-05,2026-04-08,envio
C-01336,K-05,2026-04-08,apertura
C-01359,K-12,2026-04-08,envio
C-01359,K-12,2026-04-08,apertura
C-01440,K-14,2026-04-08,envio
C-01440,K-14,2026-04-08,apertura
C-01440,K-14,2026-04-08,clic
C-00010,K-14,2026-04-09,envio
C-00134,K-09,2026-04-09,envio
C-00134,K-09,2026-04-09,apertura
C-00298,K-09,2026-04-09,envio
C-00340,K-10,2026-04-09,envio
C-00340,K-10,2026-04-09,apertura
C-00416,K-14,2026-04-09,envio
C-00434,K-09,2026-04-09,envio
C-00443,K-14,2026-04-09,envio
C-00518,K-02,2026-04-09,envio
C-00601,K-14,2026-04-09,envio
C-00736,K-09,2026-04-09,envio
C-00736,K-09,2026-04-09,apertura
C-00745,K-13,2026-04-09,envio
C-00745,K-13,2026-04-09,apertura
C-00797,K-08,2026-04-09,envio
C-00797,K-08,2026-04-09,apertura
C-00797,K-08,2026-04-09,clic
C-00826,K-12,2026-04-09,envio
C-00856,K-13,2026-04-09,envio
C-00856,K-13,2026-04-09,apertura
C-00905,K-08,2026-04-09,envio
C-00920,K-14,2026-04-09,envio
C-00929,K-02,2026-04-09,envio
C-00929,K-02,2026-04-09,apertura
C-00931,K-14,2026-04-09,envio
C-00933,K-14,2026-04-09,envio
C-01043,K-14,2026-04-09,envio
C-01055,K-12,2026-04-09,envio
C-01055,K-12,2026-04-09,apertura
C-01178,K-12,2026-04-09,envio
C-01206,K-14,2026-04-09,envio
C-01270,K-10,2026-04-09,envio
C-01419,K-14,2026-04-09,envio
C-00013,K-02,2026-04-10,envio
C-00077,K-14,2026-04-10,envio
C-00136,K-12,2026-04-10,envio
C-00213,K-14,2026-04-10,envio
C-00234,K-14,2026-04-10,envio
C-00249,K-10,2026-04-10,envio
C-00289,K-14,2026-04-10,envio
C-00372,K-13,2026-04-10,envio
C-00502,K-14,2026-04-10,envio
C-00511,K-14,2026-04-10,envio
C-00559,K-14,2026-04-10,envio
C-00559,K-14,2026-04-10,apertura
C-00614,K-14,2026-04-10,envio
C-00621,K-13,2026-04-10,envio
C-00621,K-13,2026-04-10,apertura
C-00621,K-13,2026-04-10,clic
C-00627,K-09,2026-04-10,envio
C-00627,K-09,2026-04-10,apertura
C-00641,K-14,2026-04-10,envio
C-00723,K-03,2026-04-10,envio
C-00723,K-03,2026-04-10,apertura
C-00768,K-13,2026-04-10,envio
C-00768,K-13,2026-04-10,apertura
C-00778,K-13,2026-04-10,envio
C-00852,K-14,2026-04-10,envio
C-00852,K-14,2026-04-10,apertura
C-00856,K-05,2026-04-10,envio
C-00871,K-14,2026-04-10,envio
C-00924,K-14,2026-04-10,envio
C-00924,K-14,2026-04-10,apertura
C-00964,K-14,2026-04-10,envio
C-01128,K-04,2026-04-10,envio
C-01128,K-04,2026-04-10,apertura
C-01128,K-04,2026-04-10,clic
C-01338,K-01,2026-04-10,envio
C-01338,K-01,2026-04-10,apertura
C-01374,K-14,2026-04-10,envio
C-01374,K-14,2026-04-10,apertura
C-01374,K-14,2026-04-10,clic
C-01400,K-14,2026-04-10,envio
C-01434,K-01,2026-04-10,envio
C-01483,K-13,2026-04-10,envio
C-01483,K-13,2026-04-10,apertura
C-01492,K-14,2026-04-10,envio
C-01492,K-14,2026-04-10,apertura
C-00036,K-05,2026-04-11,envio
C-00132,K-09,2026-04-11,envio
C-00132,K-09,2026-04-11,apertura
C-00132,K-09,2026-04-11,clic
C-00161,K-12,2026-04-11,envio
C-00161,K-12,2026-04-11,apertura
C-00316,K-03,2026-04-11,envio
C-00395,K-06,2026-04-11,envio
C-00395,K-06,2026-04-11,apertura
C-00395,K-06,2026-04-11,clic
C-00422,K-13,2026-04-11,envio
C-00745,K-03,2026-04-11,envio
C-00745,K-03,2026-04-11,apertura
C-00745,K-03,2026-04-11,clic
C-00864,K-02,2026-04-11,envio
C-00946,K-08,2026-04-11,envio
C-00946,K-08,2026-04-11,apertura
C-00946,K-08,2026-04-11,clic
C-00953,K-12,2026-04-11,envio
C-00958,K-14,2026-04-11,envio
C-00958,K-14,2026-04-11,apertura
C-00997,K-13,2026-04-11,envio
C-00997,K-13,2026-04-11,apertura
C-01082,K-14,2026-04-11,envio
C-01128,K-14,2026-04-11,envio
C-01128,K-14,2026-04-11,apertura
C-00105,K-14,2026-04-12,envio
C-00105,K-14,2026-04-12,apertura
C-00142,K-02,2026-04-12,envio
C-00179,K-05,2026-04-12,envio
C-00179,K-05,2026-04-12,apertura
C-00282,K-14,2026-04-12,envio
C-00353,K-01,2026-04-12,envio
C-00404,K-08,2026-04-12,envio
C-00404,K-08,2026-04-12,apertura
C-00483,K-12,2026-04-12,envio
C-00483,K-12,2026-04-12,apertura
C-00500,K-14,2026-04-12,envio
C-00500,K-14,2026-04-12,apertura
C-00500,K-14,2026-04-12,clic
C-00810,K-06,2026-04-12,envio
C-00862,K-14,2026-04-12,envio
C-00862,K-14,2026-04-12,apertura
C-00862,K-14,2026-04-12,clic
C-00881,K-12,2026-04-12,envio
C-00950,K-04,2026-04-12,envio
C-00950,K-04,2026-04-12,apertura
C-01017,K-13,2026-04-12,envio
C-01207,K-14,2026-04-12,envio
C-01316,K-01,2026-04-12,envio
C-01326,K-02,2026-04-12,envio
C-01343,K-14,2026-04-12,envio
C-01343,K-14,2026-04-12,apertura
C-01344,K-12,2026-04-12,envio
C-01344,K-12,2026-04-12,apertura
C-01488,K-03,2026-04-12,envio
C-00079,K-08,2026-04-13,envio
C-00143,K-14,2026-04-13,envio
C-00338,K-14,2026-04-13,envio
C-00338,K-14,2026-04-13,apertura
C-00338,K-14,2026-04-13,clic
C-00552,K-14,2026-04-13,envio
C-00566,K-06,2026-04-13,envio
C-00566,K-06,2026-04-13,apertura
C-00600,K-02,2026-04-13,envio
C-00658,K-09,2026-04-13,envio
C-00858,K-09,2026-04-13,envio
C-00858,K-09,2026-04-13,apertura
C-00888,K-14,2026-04-13,envio
C-00938,K-08,2026-04-13,envio
C-01003,K-14,2026-04-13,envio
C-01065,K-04,2026-04-13,envio
C-01065,K-04,2026-04-13,apertura
C-01065,K-04,2026-04-13,clic
C-01068,K-14,2026-04-13,envio
C-01166,K-09,2026-04-13,envio
C-01166,K-09,2026-04-13,apertura
C-01166,K-09,2026-04-13,clic
C-01181,K-07,2026-04-13,envio
C-01181,K-07,2026-04-13,apertura
C-01186,K-04,2026-04-13,envio
C-01186,K-04,2026-04-13,apertura
C-01191,K-13,2026-04-13,envio
C-01191,K-13,2026-04-13,apertura
C-01345,K-14,2026-04-13,envio
C-01352,K-04,2026-04-13,envio
C-01352,K-04,2026-04-13,apertura
C-01352,K-04,2026-04-13,clic
C-01377,K-13,2026-04-13,envio
C-01377,K-13,2026-04-13,apertura
C-01484,K-09,2026-04-13,envio
C-00059,K-14,2026-04-14,envio
C-00059,K-14,2026-04-14,apertura
C-00179,K-02,2026-04-14,envio
C-00198,K-01,2026-04-14,envio
C-00275,K-04,2026-04-14,envio
C-00275,K-04,2026-04-14,apertura
C-00278,K-01,2026-04-14,envio
C-00278,K-01,2026-04-14,apertura
C-00278,K-01,2026-04-14,clic
C-00309,K-05,2026-04-14,envio
C-00330,K-14,2026-04-14,envio
C-00338,K-04,2026-04-14,envio
C-00469,K-01,2026-04-14,envio
C-00490,K-02,2026-04-14,envio
C-00493,K-14,2026-04-14,envio
C-00668,K-02,2026-04-14,envio
C-00668,K-02,2026-04-14,apertura
C-00708,K-14,2026-04-14,envio
C-00708,K-14,2026-04-14,apertura
C-00708,K-14,2026-04-14,clic
C-00737,K-02,2026-04-14,envio
C-00759,K-01,2026-04-14,envio
C-00785,K-14,2026-04-14,envio
C-00801,K-07,2026-04-14,envio
C-00846,K-12,2026-04-14,envio
C-00856,K-06,2026-04-14,envio
C-00883,K-14,2026-04-14,envio
C-00974,K-09,2026-04-14,envio
C-01048,K-14,2026-04-14,envio
C-01106,K-05,2026-04-14,envio
C-01106,K-05,2026-04-14,apertura
C-01195,K-02,2026-04-14,envio
C-01195,K-02,2026-04-14,apertura
C-01195,K-02,2026-04-14,clic
C-01295,K-03,2026-04-14,envio
C-01295,K-03,2026-04-14,apertura
C-01295,K-03,2026-04-14,clic
C-01300,K-13,2026-04-14,envio
C-01300,K-13,2026-04-14,apertura
C-01307,K-08,2026-04-14,envio
C-01328,K-07,2026-04-14,envio
C-01356,K-05,2026-04-14,envio
C-01439,K-14,2026-04-14,envio
C-01483,K-02,2026-04-14,envio
C-00012,K-11,2026-04-15,envio
C-00012,K-11,2026-04-15,apertura
C-00012,K-11,2026-04-15,clic
C-00078,K-08,2026-04-15,envio
C-00078,K-08,2026-04-15,apertura
C-00294,K-13,2026-04-15,envio
C-00347,K-09,2026-04-15,envio
C-00347,K-09,2026-04-15,apertura
C-00420,K-03,2026-04-15,envio
C-00420,K-03,2026-04-15,apertura
C-00423,K-09,2026-04-15,envio
C-00509,K-06,2026-04-15,envio
C-00604,K-01,2026-04-15,envio
C-00621,K-01,2026-04-15,envio
C-00621,K-01,2026-04-15,apertura
C-00621,K-01,2026-04-15,clic
C-00799,K-14,2026-04-15,envio
C-00799,K-14,2026-04-15,apertura
C-00954,K-04,2026-04-15,envio
C-00954,K-04,2026-04-15,apertura
C-01064,K-10,2026-04-15,envio
C-01109,K-02,2026-04-15,envio
C-01262,K-14,2026-04-15,envio
C-01270,K-12,2026-04-15,envio
C-01398,K-13,2026-04-15,envio
C-01417,K-02,2026-04-15,envio
C-00155,K-13,2026-04-16,envio
C-00167,K-09,2026-04-16,envio
C-00267,K-10,2026-04-16,envio
C-00267,K-10,2026-04-16,apertura
C-00303,K-14,2026-04-16,envio
C-00561,K-14,2026-04-16,envio
C-00561,K-14,2026-04-16,apertura
C-00588,K-14,2026-04-16,envio
C-00810,K-01,2026-04-16,envio
C-00834,K-11,2026-04-16,envio
C-00834,K-11,2026-04-16,apertura
C-00864,K-10,2026-04-16,envio
C-00865,K-08,2026-04-16,envio
C-00936,K-14,2026-04-16,envio
C-01186,K-03,2026-04-16,envio
C-01186,K-03,2026-04-16,apertura
C-01424,K-08,2026-04-16,envio
C-01424,K-08,2026-04-16,apertura
C-00077,K-13,2026-04-17,envio
C-00100,K-10,2026-04-17,envio
C-00100,K-10,2026-04-17,apertura
C-00130,K-01,2026-04-17,envio
C-00130,K-01,2026-04-17,apertura
C-00130,K-01,2026-04-17,clic
C-00141,K-14,2026-04-17,envio
C-00180,K-01,2026-04-17,envio
C-00180,K-01,2026-04-17,apertura
C-00312,K-06,2026-04-17,envio
C-00312,K-06,2026-04-17,apertura
C-00328,K-01,2026-04-17,envio
C-00362,K-14,2026-04-17,envio
C-00366,K-01,2026-04-17,envio
C-00366,K-01,2026-04-17,apertura
C-00366,K-01,2026-04-17,clic
C-00371,K-10,2026-04-17,envio
C-00455,K-10,2026-04-17,envio
C-00470,K-08,2026-04-17,envio
C-00501,K-07,2026-04-17,envio
C-00707,K-14,2026-04-17,envio
C-00861,K-14,2026-04-17,envio
C-00932,K-11,2026-04-17,envio
C-01126,K-14,2026-04-17,envio
C-01138,K-14,2026-04-17,envio
C-01174,K-07,2026-04-17,envio
C-01174,K-07,2026-04-17,apertura
C-01229,K-09,2026-04-17,envio
C-01253,K-02,2026-04-17,envio
C-01253,K-02,2026-04-17,apertura
C-01253,K-02,2026-04-17,clic
C-01296,K-14,2026-04-17,envio
C-01416,K-12,2026-04-17,envio
C-00009,K-14,2026-04-18,envio
C-00009,K-14,2026-04-18,apertura
C-00051,K-14,2026-04-18,envio
C-00157,K-14,2026-04-18,envio
C-00157,K-14,2026-04-18,apertura
C-00309,K-03,2026-04-18,envio
C-00372,K-14,2026-04-18,envio
C-00390,K-14,2026-04-18,envio
C-00390,K-14,2026-04-18,apertura
C-00478,K-01,2026-04-18,envio
C-00480,K-13,2026-04-18,envio
C-00480,K-13,2026-04-18,apertura
C-00482,K-03,2026-04-18,envio
C-00482,K-03,2026-04-18,apertura
C-00573,K-04,2026-04-18,envio
C-00646,K-14,2026-04-18,envio
C-00695,K-10,2026-04-18,envio
C-00695,K-10,2026-04-18,apertura
C-00814,K-12,2026-04-18,envio
C-00814,K-12,2026-04-18,apertura
C-00814,K-12,2026-04-18,clic
C-00899,K-14,2026-04-18,envio
C-01039,K-14,2026-04-18,envio
C-01041,K-13,2026-04-18,envio
C-01049,K-14,2026-04-18,envio
C-01116,K-14,2026-04-18,envio
C-01165,K-14,2026-04-18,envio
C-01196,K-14,2026-04-18,envio
C-01196,K-14,2026-04-18,apertura
C-01201,K-09,2026-04-18,envio
C-01377,K-12,2026-04-18,envio
C-01377,K-12,2026-04-18,apertura
C-01417,K-04,2026-04-18,envio
C-01495,K-01,2026-04-18,envio
C-00117,K-14,2026-04-19,envio
C-00208,K-12,2026-04-19,envio
C-00208,K-12,2026-04-19,apertura
C-00227,K-05,2026-04-19,envio
C-00271,K-14,2026-04-19,envio
C-00271,K-14,2026-04-19,apertura
C-00320,K-14,2026-04-19,envio
C-00398,K-14,2026-04-19,envio
C-00398,K-14,2026-04-19,apertura
C-00566,K-01,2026-04-19,envio
C-00604,K-04,2026-04-19,envio
C-00604,K-04,2026-04-19,apertura
C-00604,K-04,2026-04-19,clic
C-00639,K-09,2026-04-19,envio
C-00844,K-04,2026-04-19,envio
C-00909,K-01,2026-04-19,envio
C-00923,K-03,2026-04-19,envio
C-00923,K-03,2026-04-19,apertura
C-00963,K-10,2026-04-19,envio
C-01128,K-01,2026-04-19,envio
C-01144,K-03,2026-04-19,envio
C-01145,K-02,2026-04-19,envio
C-01194,K-09,2026-04-19,envio
C-01194,K-09,2026-04-19,apertura
C-01263,K-05,2026-04-19,envio
C-01263,K-05,2026-04-19,apertura
C-01263,K-05,2026-04-19,clic
C-01277,K-14,2026-04-19,envio
C-01277,K-14,2026-04-19,apertura
C-01319,K-14,2026-04-19,envio
C-01340,K-13,2026-04-19,envio
C-01416,K-03,2026-04-19,envio
C-01416,K-03,2026-04-19,apertura
C-01459,K-04,2026-04-19,envio
C-01459,K-04,2026-04-19,apertura
C-00082,K-14,2026-04-20,envio
C-00082,K-14,2026-04-20,apertura
C-00154,K-08,2026-04-20,envio
C-00167,K-10,2026-04-20,envio
C-00376,K-02,2026-04-20,envio
C-00385,K-01,2026-04-20,envio
C-00501,K-09,2026-04-20,envio
C-00501,K-09,2026-04-20,apertura
C-00501,K-09,2026-04-20,clic
C-00723,K-11,2026-04-20,envio
C-00723,K-11,2026-04-20,apertura
C-00723,K-11,2026-04-20,clic
C-00804,K-14,2026-04-20,envio
C-00816,K-13,2026-04-20,envio
C-00821,K-12,2026-04-20,envio
C-00878,K-10,2026-04-20,envio
C-00944,K-05,2026-04-20,envio
C-01092,K-08,2026-04-20,envio
C-01280,K-14,2026-04-20,envio
C-01280,K-14,2026-04-20,apertura
C-01332,K-14,2026-04-20,envio
C-01332,K-14,2026-04-20,apertura
C-01399,K-12,2026-04-20,envio
C-01399,K-12,2026-04-20,apertura
C-00043,K-14,2026-04-21,envio
C-00043,K-14,2026-04-21,apertura
C-00249,K-07,2026-04-21,envio
C-00343,K-05,2026-04-21,envio
C-00376,K-14,2026-04-21,envio
C-00399,K-07,2026-04-21,envio
C-00399,K-07,2026-04-21,apertura
C-00454,K-14,2026-04-21,envio
C-00526,K-02,2026-04-21,envio
C-00604,K-04,2026-04-21,inscripcion
C-00716,K-14,2026-04-21,envio
C-00716,K-14,2026-04-21,apertura
C-00729,K-14,2026-04-21,envio
C-00744,K-13,2026-04-21,envio
C-00822,K-14,2026-04-21,envio
C-00944,K-08,2026-04-21,envio
C-00944,K-08,2026-04-21,apertura
C-00944,K-08,2026-04-21,clic
C-01063,K-14,2026-04-21,envio
C-01063,K-14,2026-04-21,apertura
C-01156,K-03,2026-04-21,envio
C-01197,K-10,2026-04-21,envio
C-01200,K-02,2026-04-21,envio
C-01263,K-05,2026-04-21,inscripcion
C-01303,K-10,2026-04-21,envio
C-01303,K-10,2026-04-21,apertura
C-01309,K-01,2026-04-21,envio
C-00034,K-14,2026-04-22,envio
C-00060,K-02,2026-04-22,envio
C-00060,K-02,2026-04-22,apertura
C-00122,K-14,2026-04-22,envio
C-00278,K-14,2026-04-22,envio
C-00283,K-14,2026-04-22,envio
C-00286,K-14,2026-04-22,envio
C-00381,K-06,2026-04-22,envio
C-00462,K-04,2026-04-22,envio
C-00476,K-02,2026-04-22,envio
C-00505,K-03,2026-04-22,envio
C-00505,K-03,2026-04-22,apertura
C-00574,K-14,2026-04-22,envio
C-00658,K-07,2026-04-22,envio
C-00677,K-09,2026-04-22,envio
C-00692,K-14,2026-04-22,envio
C-00723,K-11,2026-04-22,canje
C-00760,K-10,2026-04-22,envio
C-00763,K-09,2026-04-22,envio
C-00909,K-14,2026-04-22,envio
C-00918,K-03,2026-04-22,envio
C-00918,K-03,2026-04-22,apertura
C-00935,K-12,2026-04-22,envio
C-00935,K-12,2026-04-22,apertura
C-01073,K-14,2026-04-22,envio
C-01100,K-09,2026-04-22,envio
C-01185,K-12,2026-04-22,envio
C-01185,K-12,2026-04-22,apertura
C-01209,K-14,2026-04-22,envio
C-01209,K-14,2026-04-22,apertura
C-01229,K-12,2026-04-22,envio
C-01410,K-01,2026-04-22,envio
C-00017,K-01,2026-04-23,envio
C-00017,K-01,2026-04-23,apertura
C-00092,K-14,2026-04-23,envio
C-00158,K-14,2026-04-23,envio
C-00180,K-14,2026-04-23,envio
C-00180,K-14,2026-04-23,apertura
C-00189,K-04,2026-04-23,envio
C-00189,K-04,2026-04-23,apertura
C-00229,K-14,2026-04-23,envio
C-00229,K-14,2026-04-23,apertura
C-00229,K-14,2026-04-23,clic
C-00268,K-14,2026-04-23,envio
C-00372,K-11,2026-04-23,envio
C-00411,K-14,2026-04-23,envio
C-00426,K-14,2026-04-23,envio
C-00426,K-14,2026-04-23,apertura
C-00504,K-01,2026-04-23,envio
C-00504,K-01,2026-04-23,apertura
C-00524,K-14,2026-04-23,envio
C-00587,K-14,2026-04-23,envio
C-00587,K-14,2026-04-23,apertura
C-00651,K-08,2026-04-23,envio
C-00677,K-08,2026-04-23,envio
C-00810,K-14,2026-04-23,envio
C-00911,K-14,2026-04-23,envio
C-00911,K-14,2026-04-23,apertura
C-01029,K-10,2026-04-23,envio
C-01029,K-10,2026-04-23,apertura
C-01033,K-14,2026-04-23,envio
C-01033,K-14,2026-04-23,apertura
C-01033,K-14,2026-04-23,clic
C-01164,K-14,2026-04-23,envio
C-01164,K-14,2026-04-23,apertura
C-01164,K-14,2026-04-23,clic
C-01340,K-14,2026-04-23,envio
C-01340,K-14,2026-04-23,apertura
C-01340,K-14,2026-04-23,clic
C-01359,K-14,2026-04-23,envio
C-01359,K-14,2026-04-23,apertura
C-01359,K-14,2026-04-23,clic
C-01364,K-13,2026-04-23,envio
C-01364,K-06,2026-04-23,envio
C-01364,K-06,2026-04-23,apertura
C-01364,K-06,2026-04-23,clic
C-01366,K-02,2026-04-23,envio
C-01389,K-08,2026-04-23,envio
C-01389,K-08,2026-04-23,apertura
C-01389,K-08,2026-04-23,clic
C-01424,K-09,2026-04-23,envio
C-00016,K-02,2026-04-24,envio
C-00017,K-13,2026-04-24,envio
C-00150,K-09,2026-04-24,envio
C-00201,K-12,2026-04-24,envio
C-00201,K-12,2026-04-24,apertura
C-00242,K-13,2026-04-24,envio
C-00335,K-10,2026-04-24,envio
C-00358,K-14,2026-04-24,envio
C-00358,K-14,2026-04-24,apertura
C-00442,K-14,2026-04-24,envio
C-00486,K-14,2026-04-24,envio
C-00486,K-14,2026-04-24,apertura
C-00544,K-02,2026-04-24,envio
C-00544,K-02,2026-04-24,apertura
C-00564,K-14,2026-04-24,envio
C-00621,K-14,2026-04-24,envio
C-00703,K-05,2026-04-24,envio
C-00802,K-14,2026-04-24,envio
C-00821,K-07,2026-04-24,envio
C-00821,K-09,2026-04-24,envio
C-00821,K-09,2026-04-24,apertura
C-00829,K-01,2026-04-24,envio
C-01002,K-08,2026-04-24,envio
C-01057,K-09,2026-04-24,envio
C-01181,K-10,2026-04-24,envio
C-01252,K-01,2026-04-24,envio
C-01252,K-01,2026-04-24,apertura
C-01311,K-14,2026-04-24,envio
C-01357,K-08,2026-04-24,envio
C-01455,K-14,2026-04-24,envio
C-01455,K-14,2026-04-24,apertura
C-00070,K-14,2026-04-25,envio
C-00070,K-14,2026-04-25,apertura
C-00070,K-14,2026-04-25,clic
C-00094,K-05,2026-04-25,envio
C-00094,K-05,2026-04-25,apertura
C-00094,K-05,2026-04-25,clic
C-00190,K-02,2026-04-25,envio
C-00191,K-07,2026-04-25,envio
C-00319,K-14,2026-04-25,envio
C-00319,K-14,2026-04-25,apertura
C-00319,K-14,2026-04-25,clic
C-00322,K-04,2026-04-25,envio
C-00338,K-06,2026-04-25,envio
C-00388,K-14,2026-04-25,envio
C-00388,K-14,2026-04-25,apertura
C-00708,K-01,2026-04-25,envio
C-00751,K-14,2026-04-25,envio
C-00769,K-02,2026-04-25,envio
C-00818,K-14,2026-04-25,envio
C-01087,K-12,2026-04-25,envio
C-01147,K-02,2026-04-25,envio
C-01185,K-03,2026-04-25,envio
C-01185,K-03,2026-04-25,apertura
C-01203,K-14,2026-04-25,envio
C-01208,K-02,2026-04-25,envio
C-01210,K-02,2026-04-25,envio
C-01210,K-02,2026-04-25,apertura
C-01222,K-08,2026-04-25,envio
C-01236,K-14,2026-04-25,envio
C-01236,K-14,2026-04-25,apertura
C-01239,K-07,2026-04-25,envio
C-01277,K-05,2026-04-25,envio
C-01295,K-14,2026-04-25,envio
C-01338,K-13,2026-04-25,envio
C-01338,K-13,2026-04-25,apertura
C-01338,K-13,2026-04-25,clic
C-01346,K-12,2026-04-25,envio
C-01362,K-02,2026-04-25,envio
C-01409,K-08,2026-04-25,envio
C-01409,K-08,2026-04-25,apertura
C-01414,K-01,2026-04-25,envio
C-00039,K-07,2026-04-26,envio
C-00042,K-11,2026-04-26,envio
C-00137,K-10,2026-04-26,envio
C-00151,K-07,2026-04-26,envio
C-00160,K-12,2026-04-26,envio
C-00331,K-14,2026-04-26,envio
C-00331,K-14,2026-04-26,apertura
C-00427,K-08,2026-04-26,envio
C-00483,K-08,2026-04-26,envio
C-00483,K-08,2026-04-26,apertura
C-00603,K-14,2026-04-26,envio
C-00603,K-14,2026-04-26,apertura
C-00639,K-12,2026-04-26,envio
C-00639,K-12,2026-04-26,apertura
C-00697,K-14,2026-04-26,envio
C-00702,K-12,2026-04-26,envio
C-00717,K-14,2026-04-26,envio
C-00717,K-14,2026-04-26,apertura
C-00717,K-14,2026-04-26,clic
C-00809,K-14,2026-04-26,envio
C-00809,K-14,2026-04-26,apertura
C-00809,K-14,2026-04-26,clic
C-00948,K-14,2026-04-26,envio
C-00948,K-14,2026-04-26,apertura
C-01006,K-08,2026-04-26,envio
C-01006,K-08,2026-04-26,apertura
C-01006,K-08,2026-04-26,clic
C-01084,K-14,2026-04-26,envio
C-01084,K-14,2026-04-26,apertura
C-01135,K-10,2026-04-26,envio
C-01135,K-10,2026-04-26,apertura
C-01170,K-14,2026-04-26,envio
C-01170,K-14,2026-04-26,apertura
C-01195,K-05,2026-04-26,envio
C-01199,K-05,2026-04-26,envio
C-01215,K-13,2026-04-26,envio
C-01358,K-14,2026-04-26,envio
C-01394,K-08,2026-04-26,envio
C-01396,K-02,2026-04-26,envio
C-01396,K-02,2026-04-26,apertura
C-01396,K-02,2026-04-26,clic
C-01495,K-02,2026-04-26,envio
C-01495,K-02,2026-04-26,apertura
C-00094,K-05,2026-04-27,inscripcion
C-00286,K-01,2026-04-27,envio
C-00349,K-09,2026-04-27,envio
C-00483,K-07,2026-04-27,envio
C-00589,K-09,2026-04-27,envio
C-00819,K-08,2026-04-27,envio
C-00842,K-02,2026-04-27,envio
C-00842,K-02,2026-04-27,apertura
C-00855,K-01,2026-04-27,envio
C-00875,K-13,2026-04-27,envio
C-00966,K-01,2026-04-27,envio
C-01146,K-14,2026-04-27,envio
C-01200,K-14,2026-04-27,envio
C-01214,K-04,2026-04-27,envio
C-01214,K-04,2026-04-27,apertura
C-01227,K-10,2026-04-27,envio
C-01227,K-10,2026-04-27,apertura
C-01307,K-10,2026-04-27,envio
C-01316,K-13,2026-04-27,envio
C-01393,K-05,2026-04-27,envio
C-01393,K-05,2026-04-27,apertura
C-01414,K-06,2026-04-27,envio
C-01490,K-08,2026-04-27,envio
C-01490,K-08,2026-04-27,apertura
C-01490,K-08,2026-04-27,clic
C-00002,K-09,2026-04-28,envio
C-00004,K-14,2026-04-28,envio
C-00004,K-14,2026-04-28,apertura
C-00144,K-01,2026-04-28,envio
C-00155,K-01,2026-04-28,envio
C-00155,K-01,2026-04-28,apertura
C-00155,K-01,2026-04-28,clic
C-00214,K-12,2026-04-28,envio
C-00363,K-04,2026-04-28,envio
C-00383,K-14,2026-04-28,envio
C-00469,K-14,2026-04-28,envio
C-00469,K-14,2026-04-28,apertura
C-00531,K-01,2026-04-28,envio
C-00531,K-01,2026-04-28,apertura
C-00597,K-01,2026-04-28,envio
C-00612,K-10,2026-04-28,envio
C-00854,K-14,2026-04-28,envio
C-00854,K-14,2026-04-28,apertura
C-00950,K-06,2026-04-28,envio
C-01043,K-12,2026-04-28,envio
C-01139,K-12,2026-04-28,envio
C-01209,K-12,2026-04-28,envio
C-01242,K-01,2026-04-28,envio
C-01242,K-01,2026-04-28,apertura
C-01242,K-01,2026-04-28,clic
C-01249,K-14,2026-04-28,envio
C-01264,K-02,2026-04-28,envio
C-01264,K-02,2026-04-28,apertura
C-01361,K-13,2026-04-28,envio
C-01361,K-13,2026-04-28,apertura
C-01403,K-12,2026-04-28,envio
C-01421,K-14,2026-04-28,envio
C-01421,K-14,2026-04-28,apertura
C-01494,K-14,2026-04-28,envio
C-01494,K-14,2026-04-28,apertura
C-01494,K-14,2026-04-28,clic
C-00045,K-02,2026-05-01,envio
C-00106,K-04,2026-05-01,envio
C-00153,K-05,2026-05-01,envio
C-00253,K-14,2026-05-01,envio
C-00253,K-14,2026-05-01,apertura
C-00342,K-10,2026-05-01,envio
C-00384,K-07,2026-05-01,envio
C-00424,K-12,2026-05-01,envio
C-00424,K-12,2026-05-01,apertura
C-00489,K-14,2026-05-01,envio
C-00521,K-01,2026-05-01,envio
C-00521,K-01,2026-05-01,apertura
C-00521,K-01,2026-05-01,clic
C-00532,K-09,2026-05-01,envio
C-00544,K-14,2026-05-01,envio
C-00766,K-07,2026-05-01,envio
C-00803,K-14,2026-05-01,envio
C-00810,K-13,2026-05-01,envio
C-00946,K-09,2026-05-01,envio
C-00954,K-11,2026-05-01,envio
C-00981,K-14,2026-05-01,envio
C-00981,K-14,2026-05-01,apertura
C-00994,K-02,2026-05-01,envio
C-01006,K-07,2026-05-01,envio
C-01006,K-07,2026-05-01,apertura
C-01008,K-14,2026-05-01,envio
C-01055,K-03,2026-05-01,envio
C-01055,K-03,2026-05-01,apertura
C-01189,K-14,2026-05-01,envio
C-01189,K-14,2026-05-01,apertura
C-01189,K-14,2026-05-01,clic
C-01217,K-07,2026-05-01,envio
C-01218,K-01,2026-05-01,envio
C-01218,K-01,2026-05-01,apertura
C-01218,K-01,2026-05-01,clic
C-01249,K-14,2026-05-01,envio
C-01359,K-14,2026-05-01,envio
C-01371,K-14,2026-05-01,envio
C-01371,K-14,2026-05-01,apertura
C-01371,K-14,2026-05-01,clic
C-01467,K-14,2026-05-01,envio
C-01467,K-14,2026-05-01,apertura
C-01494,K-14,2026-05-01,envio
C-00010,K-14,2026-05-02,envio
C-00010,K-14,2026-05-02,apertura
C-00080,K-04,2026-05-02,envio
C-00180,K-02,2026-05-02,envio
C-00180,K-02,2026-05-02,apertura
C-00252,K-08,2026-05-02,envio
C-00252,K-08,2026-05-02,apertura
C-00252,K-08,2026-05-02,clic
C-00318,K-03,2026-05-02,envio
C-00368,K-02,2026-05-02,envio
C-00506,K-02,2026-05-02,envio
C-00537,K-14,2026-05-02,envio
C-00537,K-14,2026-05-02,apertura
C-00537,K-14,2026-05-02,clic
C-00612,K-01,2026-05-02,envio
C-00612,K-01,2026-05-02,apertura
C-00626,K-01,2026-05-02,envio
C-00720,K-14,2026-05-02,envio
C-00746,K-03,2026-05-02,envio
C-00746,K-03,2026-05-02,apertura
C-00767,K-14,2026-05-02,envio
C-00822,K-14,2026-05-02,envio
C-00822,K-14,2026-05-02,apertura
C-00822,K-14,2026-05-02,clic
C-00910,K-01,2026-05-02,envio
C-00926,K-13,2026-05-02,envio
C-00945,K-13,2026-05-02,envio
C-00949,K-14,2026-05-02,envio
C-00949,K-14,2026-05-02,apertura
C-01021,K-01,2026-05-02,envio
C-01021,K-01,2026-05-02,apertura
C-01064,K-12,2026-05-02,envio
C-01252,K-01,2026-05-02,envio
C-01316,K-14,2026-05-02,envio
C-01329,K-09,2026-05-02,envio
C-01441,K-14,2026-05-02,envio
C-00051,K-14,2026-05-03,envio
C-00051,K-14,2026-05-03,apertura
C-00061,K-09,2026-05-03,envio
C-00136,K-01,2026-05-03,envio
C-00136,K-01,2026-05-03,apertura
C-00232,K-01,2026-05-03,envio
C-00322,K-10,2026-05-03,envio
C-00322,K-10,2026-05-03,apertura
C-00422,K-14,2026-05-03,envio
C-00508,K-02,2026-05-03,envio
C-00508,K-02,2026-05-03,apertura
C-00508,K-02,2026-05-03,clic
C-00702,K-14,2026-05-03,envio
C-00702,K-14,2026-05-03,apertura
C-00715,K-14,2026-05-03,envio
C-00715,K-14,2026-05-03,apertura
C-00715,K-14,2026-05-03,clic
C-00745,K-06,2026-05-03,envio
C-00755,K-14,2026-05-03,envio
C-00814,K-09,2026-05-03,envio
C-00814,K-09,2026-05-03,apertura
C-00834,K-10,2026-05-03,envio
C-01359,K-12,2026-05-03,envio
C-00102,K-14,2026-05-04,envio
C-00130,K-02,2026-05-04,envio
C-00130,K-02,2026-05-04,apertura
C-00252,K-09,2026-05-04,envio
C-00267,K-14,2026-05-04,envio
C-00281,K-14,2026-05-04,envio
C-00432,K-05,2026-05-04,envio
C-00432,K-14,2026-05-04,envio
C-00432,K-14,2026-05-04,apertura
C-00443,K-14,2026-05-04,envio
C-00443,K-14,2026-05-04,apertura
C-00480,K-01,2026-05-04,envio
C-00480,K-01,2026-05-04,apertura
C-00505,K-03,2026-05-04,envio
C-00505,K-03,2026-05-04,apertura
C-00592,K-10,2026-05-04,envio
C-00642,K-08,2026-05-04,envio
C-00642,K-08,2026-05-04,apertura
C-00642,K-08,2026-05-04,clic
C-00723,K-11,2026-05-04,envio
C-00723,K-11,2026-05-04,apertura
C-00744,K-14,2026-05-04,envio
C-00821,K-12,2026-05-04,envio
C-00832,K-08,2026-05-04,envio
C-00832,K-08,2026-05-04,apertura
C-00833,K-02,2026-05-04,envio
C-00833,K-02,2026-05-04,apertura
C-01139,K-08,2026-05-04,envio
C-01139,K-08,2026-05-04,apertura
C-01222,K-07,2026-05-04,envio
C-01222,K-07,2026-05-04,apertura
C-01393,K-05,2026-05-04,envio
C-01413,K-11,2026-05-04,envio
C-00111,K-13,2026-05-05,envio
C-00111,K-13,2026-05-05,apertura
C-00167,K-11,2026-05-05,envio
C-00244,K-14,2026-05-05,envio
C-00315,K-04,2026-05-05,envio
C-00315,K-04,2026-05-05,apertura
C-00315,K-04,2026-05-05,clic
C-00327,K-01,2026-05-05,envio
C-00327,K-01,2026-05-05,apertura
C-00479,K-14,2026-05-05,envio
C-00511,K-13,2026-05-05,envio
C-00531,K-14,2026-05-05,envio
C-00531,K-14,2026-05-05,apertura
C-00531,K-14,2026-05-05,clic
C-00581,K-07,2026-05-05,envio
C-00588,K-14,2026-05-05,envio
C-00588,K-14,2026-05-05,apertura
C-00647,K-14,2026-05-05,envio
C-00647,K-14,2026-05-05,apertura
C-00716,K-14,2026-05-05,envio
C-00716,K-14,2026-05-05,apertura
C-00916,K-13,2026-05-05,envio
C-01091,K-14,2026-05-05,envio
C-01094,K-13,2026-05-05,envio
C-01123,K-14,2026-05-05,envio
C-01280,K-02,2026-05-05,envio
C-01280,K-02,2026-05-05,apertura
C-01285,K-09,2026-05-05,envio
C-01285,K-09,2026-05-05,apertura
C-01285,K-09,2026-05-05,clic
C-01328,K-09,2026-05-05,envio
C-01352,K-14,2026-05-05,envio
C-01471,K-02,2026-05-05,envio
C-01499,K-13,2026-05-05,envio
C-00015,K-02,2026-05-06,envio
C-00017,K-14,2026-05-06,envio
C-00056,K-12,2026-05-06,envio
C-00113,K-02,2026-05-06,envio
C-00113,K-02,2026-05-06,apertura
C-00113,K-02,2026-05-06,clic
C-00167,K-10,2026-05-06,envio
C-00167,K-10,2026-05-06,apertura
C-00239,K-07,2026-05-06,envio
C-00400,K-10,2026-05-06,envio
C-00400,K-10,2026-05-06,apertura
C-00469,K-13,2026-05-06,envio
C-00511,K-01,2026-05-06,envio
C-00614,K-01,2026-05-06,envio
C-00652,K-14,2026-05-06,envio
C-00652,K-14,2026-05-06,apertura
C-00723,K-03,2026-05-06,envio
C-00723,K-03,2026-05-06,apertura
C-00723,K-03,2026-05-06,clic
C-00737,K-05,2026-05-06,envio
C-00837,K-01,2026-05-06,envio
C-00837,K-01,2026-05-06,apertura
C-00848,K-14,2026-05-06,envio
C-00848,K-14,2026-05-06,apertura
C-00848,K-14,2026-05-06,clic
C-00891,K-12,2026-05-06,envio
C-00950,K-14,2026-05-06,envio
C-00953,K-10,2026-05-06,envio
C-00997,K-13,2026-05-06,envio
C-00997,K-13,2026-05-06,apertura
C-00997,K-13,2026-05-06,clic
C-01214,K-14,2026-05-06,envio
C-01214,K-14,2026-05-06,apertura
C-01253,K-02,2026-05-06,envio
C-01253,K-02,2026-05-06,apertura
C-01253,K-02,2026-05-06,clic
C-01270,K-12,2026-05-06,envio
C-00237,K-01,2026-05-07,envio
C-00255,K-01,2026-05-07,envio
C-00255,K-01,2026-05-07,apertura
C-00255,K-01,2026-05-07,clic
C-00366,K-14,2026-05-07,envio
C-00366,K-14,2026-05-07,apertura
C-00381,K-13,2026-05-07,envio
C-00490,K-02,2026-05-07,envio
C-00530,K-14,2026-05-07,envio
C-00530,K-14,2026-05-07,apertura
C-00726,K-13,2026-05-07,envio
C-00737,K-02,2026-05-07,envio
C-00811,K-14,2026-05-07,envio
C-00811,K-14,2026-05-07,apertura
C-00811,K-14,2026-05-07,clic
C-00843,K-12,2026-05-07,envio
C-00870,K-14,2026-05-07,envio
C-00870,K-14,2026-05-07,apertura
C-00879,K-06,2026-05-07,envio
C-00879,K-06,2026-05-07,apertura
C-00879,K-06,2026-05-07,clic
C-00925,K-14,2026-05-07,envio
C-00945,K-01,2026-05-07,envio
C-00954,K-06,2026-05-07,envio
C-00962,K-14,2026-05-07,envio
C-00962,K-14,2026-05-07,apertura
C-01087,K-07,2026-05-07,envio
C-01195,K-02,2026-05-07,envio
C-01204,K-08,2026-05-07,envio
C-01207,K-14,2026-05-07,envio
C-01331,K-14,2026-05-07,envio
C-01344,K-09,2026-05-07,envio
C-01360,K-14,2026-05-07,envio
C-01360,K-14,2026-05-07,baja
C-01389,K-12,2026-05-07,envio
C-01389,K-12,2026-05-07,apertura
C-01401,K-14,2026-05-07,envio
C-01470,K-14,2026-05-07,envio
C-00023,K-14,2026-05-08,envio
C-00210,K-10,2026-05-08,envio
C-00210,K-10,2026-05-08,apertura
C-00225,K-13,2026-05-08,envio
C-00349,K-12,2026-05-08,envio
C-00593,K-14,2026-05-08,envio
C-00593,K-14,2026-05-08,apertura
C-00814,K-12,2026-05-08,envio
C-00861,K-14,2026-05-08,envio
C-00861,K-14,2026-05-08,apertura
C-00861,K-14,2026-05-08,clic
C-00883,K-13,2026-05-08,envio
C-00883,K-04,2026-05-08,envio
C-00884,K-14,2026-05-08,envio
C-00884,K-14,2026-05-08,apertura
C-00945,K-10,2026-05-08,envio
C-00945,K-10,2026-05-08,apertura
C-00980,K-14,2026-05-08,envio
C-01018,K-13,2026-05-08,envio
C-01070,K-14,2026-05-08,envio
C-01096,K-08,2026-05-08,envio
C-01246,K-14,2026-05-08,envio
C-01303,K-08,2026-05-08,envio
C-01356,K-07,2026-05-08,envio
C-01419,K-02,2026-05-08,envio
C-01465,K-10,2026-05-08,envio
C-01465,K-10,2026-05-08,apertura
C-01465,K-10,2026-05-08,clic
C-01492,K-14,2026-05-08,envio
C-00079,K-09,2026-05-09,envio
C-00100,K-12,2026-05-09,envio
C-00100,K-07,2026-05-09,envio
C-00106,K-13,2026-05-09,envio
C-00106,K-13,2026-05-09,apertura
C-00135,K-09,2026-05-09,envio
C-00135,K-09,2026-05-09,apertura
C-00191,K-07,2026-05-09,envio
C-00191,K-07,2026-05-09,apertura
C-00210,K-11,2026-05-09,envio
C-00210,K-11,2026-05-09,apertura
C-00210,K-11,2026-05-09,clic
C-00390,K-14,2026-05-09,envio
C-00390,K-14,2026-05-09,apertura
C-00390,K-14,2026-05-09,clic
C-00397,K-14,2026-05-09,envio
C-00397,K-14,2026-05-09,apertura
C-00466,K-08,2026-05-09,envio
C-00466,K-08,2026-05-09,apertura
C-00466,K-08,2026-05-09,clic
C-00531,K-04,2026-05-09,envio
C-00531,K-04,2026-05-09,apertura
C-00626,K-13,2026-05-09,envio
C-00745,K-04,2026-05-09,envio
C-00745,K-04,2026-05-09,apertura
C-00778,K-01,2026-05-09,envio
C-00819,K-07,2026-05-09,envio
C-00891,K-03,2026-05-09,envio
C-01125,K-05,2026-05-09,envio
C-01153,K-14,2026-05-09,envio
C-01197,K-12,2026-05-09,envio
C-01252,K-05,2026-05-09,envio
C-01280,K-03,2026-05-09,envio
C-01280,K-03,2026-05-09,apertura
C-01391,K-14,2026-05-09,envio
C-01431,K-14,2026-05-09,envio
C-01431,K-14,2026-05-09,apertura
C-01460,K-01,2026-05-09,envio
C-01460,K-01,2026-05-09,apertura
C-01500,K-11,2026-05-09,envio
C-00061,K-13,2026-05-10,envio
C-00167,K-02,2026-05-10,envio
C-00189,K-04,2026-05-10,envio
C-00195,K-14,2026-05-10,envio
C-00198,K-14,2026-05-10,envio
C-00198,K-14,2026-05-10,apertura
C-00198,K-14,2026-05-10,clic
C-00205,K-07,2026-05-10,envio
C-00205,K-07,2026-05-10,apertura
C-00310,K-12,2026-05-10,envio
C-00385,K-01,2026-05-10,envio
C-00438,K-04,2026-05-10,envio
C-00438,K-04,2026-05-10,apertura
C-00479,K-02,2026-05-10,envio
C-00499,K-14,2026-05-10,envio
C-00513,K-14,2026-05-10,envio
C-00546,K-11,2026-05-10,envio
C-00639,K-10,2026-05-10,envio
C-00702,K-03,2026-05-10,envio
C-00708,K-14,2026-05-10,envio
C-00708,K-14,2026-05-10,apertura
C-00708,K-14,2026-05-10,clic
C-00715,K-02,2026-05-10,envio
C-00715,K-02,2026-05-10,apertura
C-00715,K-02,2026-05-10,clic
C-00762,K-04,2026-05-10,envio
C-00849,K-03,2026-05-10,envio
C-00849,K-03,2026-05-10,apertura
C-00858,K-12,2026-05-10,envio
C-00868,K-02,2026-05-10,envio
C-00868,K-02,2026-05-10,apertura
C-00906,K-02,2026-05-10,envio
C-00979,K-07,2026-05-10,envio
C-01072,K-14,2026-05-10,envio
C-01072,K-14,2026-05-10,apertura
C-01107,K-09,2026-05-10,envio
C-01107,K-09,2026-05-10,apertura
C-01107,K-09,2026-05-10,clic
C-01141,K-08,2026-05-10,envio
C-01229,K-10,2026-05-10,envio
C-01299,K-14,2026-05-10,envio
C-01299,K-14,2026-05-10,apertura
C-01343,K-14,2026-05-10,envio
C-01355,K-07,2026-05-10,envio
C-01389,K-07,2026-05-10,envio
C-01446,K-14,2026-05-10,envio
C-00025,K-14,2026-05-11,envio
C-00025,K-14,2026-05-11,apertura
C-00029,K-12,2026-05-11,envio
C-00086,K-06,2026-05-11,envio
C-00264,K-14,2026-05-11,envio
C-00264,K-14,2026-05-11,apertura
C-00264,K-14,2026-05-11,clic
C-00367,K-08,2026-05-11,envio
C-00369,K-14,2026-05-11,envio
C-00392,K-14,2026-05-11,envio
C-00648,K-07,2026-05-11,envio
C-00648,K-07,2026-05-11,apertura
C-00869,K-07,2026-05-11,envio
C-00869,K-07,2026-05-11,apertura
C-00883,K-02,2026-05-11,envio
C-00932,K-10,2026-05-11,envio
C-00932,K-10,2026-05-11,apertura
C-00932,K-10,2026-05-11,clic
C-00946,K-07,2026-05-11,envio
C-01016,K-14,2026-05-11,envio
C-01113,K-02,2026-05-11,envio
C-01167,K-13,2026-05-11,envio
C-01414,K-12,2026-05-11,envio
C-01414,K-12,2026-05-11,apertura
C-01461,K-02,2026-05-11,envio
C-00046,K-14,2026-05-12,envio
C-00046,K-14,2026-05-12,apertura
C-00064,K-01,2026-05-12,envio
C-00203,K-14,2026-05-12,envio
C-00203,K-14,2026-05-12,apertura
C-00207,K-14,2026-05-12,envio
C-00207,K-14,2026-05-12,apertura
C-00207,K-14,2026-05-12,clic
C-00217,K-14,2026-05-12,envio
C-00217,K-14,2026-05-12,apertura
C-00240,K-08,2026-05-12,envio
C-00240,K-08,2026-05-12,apertura
C-00240,K-08,2026-05-12,clic
C-00266,K-02,2026-05-12,envio
C-00309,K-14,2026-05-12,envio
C-00316,K-14,2026-05-12,envio
C-00316,K-14,2026-05-12,apertura
C-00322,K-13,2026-05-12,envio
C-00322,K-13,2026-05-12,apertura
C-00322,K-13,2026-05-12,clic
C-00349,K-07,2026-05-12,envio
C-00372,K-10,2026-05-12,envio
C-00458,K-14,2026-05-12,envio
C-00503,K-14,2026-05-12,envio
C-00520,K-03,2026-05-12,envio
C-00611,K-14,2026-05-12,envio
C-00612,K-10,2026-05-12,envio
C-00634,K-09,2026-05-12,envio
C-00641,K-14,2026-05-12,envio
C-00641,K-14,2026-05-12,apertura
C-00653,K-01,2026-05-12,envio
C-00669,K-14,2026-05-12,envio
C-00672,K-09,2026-05-12,envio
C-00743,K-02,2026-05-12,envio
C-00795,K-14,2026-05-12,envio
C-00833,K-14,2026-05-12,envio
C-00833,K-14,2026-05-12,apertura
C-00833,K-14,2026-05-12,clic
C-00867,K-02,2026-05-12,envio
C-00867,K-02,2026-05-12,apertura
C-00882,K-14,2026-05-12,envio
C-01082,K-01,2026-05-12,envio
C-01217,K-09,2026-05-12,envio
C-01478,K-09,2026-05-12,envio
C-00057,K-14,2026-05-13,envio
C-00057,K-14,2026-05-13,apertura
C-00101,K-14,2026-05-13,envio
C-00145,K-02,2026-05-13,envio
C-00145,K-02,2026-05-13,apertura
C-00145,K-02,2026-05-13,clic
C-00201,K-10,2026-05-13,envio
C-00301,K-14,2026-05-13,envio
C-00307,K-13,2026-05-13,envio
C-00324,K-13,2026-05-13,envio
C-00324,K-13,2026-05-13,apertura
C-00354,K-14,2026-05-13,envio
C-00388,K-14,2026-05-13,envio
C-00420,K-14,2026-05-13,envio
C-00420,K-14,2026-05-13,apertura
C-00428,K-08,2026-05-13,envio
C-00428,K-08,2026-05-13,apertura
C-00465,K-05,2026-05-13,envio
C-00595,K-14,2026-05-13,envio
C-00595,K-14,2026-05-13,apertura
C-00595,K-14,2026-05-13,clic
C-00698,K-13,2026-05-13,envio
C-00723,K-12,2026-05-13,envio
C-00723,K-12,2026-05-13,apertura
C-00723,K-12,2026-05-13,clic
C-00764,K-12,2026-05-13,envio
C-00794,K-14,2026-05-13,envio
C-00824,K-01,2026-05-13,envio
C-00824,K-01,2026-05-13,apertura
C-00826,K-14,2026-05-13,envio
C-00922,K-14,2026-05-13,envio
C-00953,K-07,2026-05-13,envio
C-00958,K-14,2026-05-13,envio
C-01087,K-10,2026-05-13,envio
C-01092,K-09,2026-05-13,envio
C-01092,K-09,2026-05-13,apertura
C-01092,K-09,2026-05-13,clic
C-01206,K-14,2026-05-13,envio
C-01210,K-14,2026-05-13,envio
C-01210,K-14,2026-05-13,apertura
C-01238,K-01,2026-05-13,envio
C-01238,K-01,2026-05-13,apertura
C-01238,K-01,2026-05-13,clic
C-01290,K-10,2026-05-13,envio
C-01290,K-10,2026-05-13,apertura
C-01294,K-09,2026-05-13,envio
C-01298,K-09,2026-05-13,envio
C-01298,K-09,2026-05-13,apertura
C-01344,K-08,2026-05-13,envio
C-01344,K-08,2026-05-13,apertura
C-01421,K-01,2026-05-13,envio
C-01421,K-01,2026-05-13,apertura
C-01472,K-08,2026-05-13,envio
C-00128,K-08,2026-05-14,envio
C-00128,K-08,2026-05-14,apertura
C-00134,K-10,2026-05-14,envio
C-00134,K-10,2026-05-14,apertura
C-00201,K-08,2026-05-14,envio
C-00371,K-10,2026-05-14,envio
C-00497,K-10,2026-05-14,envio
C-00498,K-02,2026-05-14,envio
C-00508,K-14,2026-05-14,envio
C-00606,K-14,2026-05-14,envio
C-00661,K-14,2026-05-14,envio
C-00681,K-14,2026-05-14,envio
C-00681,K-14,2026-05-14,apertura
C-00722,K-14,2026-05-14,envio
C-00746,K-04,2026-05-14,envio
C-00746,K-04,2026-05-14,apertura
C-00746,K-04,2026-05-14,clic
C-00818,K-02,2026-05-14,envio
C-00846,K-08,2026-05-14,envio
C-00846,K-08,2026-05-14,apertura
C-00946,K-10,2026-05-14,envio
C-00973,K-13,2026-05-14,envio
C-00973,K-13,2026-05-14,apertura
C-01031,K-13,2026-05-14,envio
C-01031,K-13,2026-05-14,apertura
C-01110,K-12,2026-05-14,envio
C-01209,K-10,2026-05-14,envio
C-01227,K-07,2026-05-14,envio
C-01227,K-07,2026-05-14,apertura
C-01240,K-14,2026-05-14,envio
C-01263,K-02,2026-05-14,envio
C-01263,K-02,2026-05-14,apertura
C-01272,K-14,2026-05-14,envio
C-00040,K-13,2026-05-15,envio
C-00125,K-13,2026-05-15,envio
C-00182,K-04,2026-05-15,envio
C-00182,K-04,2026-05-15,apertura
C-00521,K-13,2026-05-15,envio
C-00810,K-12,2026-05-15,envio
C-00810,K-12,2026-05-15,apertura
C-00810,K-12,2026-05-15,clic
C-00865,K-09,2026-05-15,envio
C-00956,K-14,2026-05-15,envio
C-01065,K-14,2026-05-15,envio
C-01065,K-14,2026-05-15,apertura
C-01216,K-06,2026-05-15,envio
C-01216,K-06,2026-05-15,apertura
C-01256,K-14,2026-05-15,envio
C-01277,K-05,2026-05-15,envio
C-01277,K-05,2026-05-15,apertura
C-01420,K-02,2026-05-15,envio
C-01420,K-02,2026-05-15,apertura
C-01436,K-12,2026-05-15,envio
C-01436,K-12,2026-05-15,apertura
C-00086,K-01,2026-05-16,envio
C-00136,K-03,2026-05-16,envio
C-00205,K-10,2026-05-16,envio
C-00205,K-10,2026-05-16,apertura
C-00271,K-14,2026-05-16,envio
C-00271,K-14,2026-05-16,apertura
C-00281,K-06,2026-05-16,envio
C-00281,K-06,2026-05-16,apertura
C-00282,K-02,2026-05-16,envio
C-00323,K-07,2026-05-16,envio
C-00323,K-07,2026-05-16,apertura
C-00323,K-07,2026-05-16,clic
C-00344,K-08,2026-05-16,envio
C-00442,K-02,2026-05-16,envio
C-00483,K-09,2026-05-16,envio
C-00483,K-09,2026-05-16,apertura
C-00483,K-09,2026-05-16,clic
C-00749,K-14,2026-05-16,envio
C-00847,K-14,2026-05-16,envio
C-00847,K-14,2026-05-16,apertura
C-00931,K-02,2026-05-16,envio
C-00954,K-14,2026-05-16,envio
C-01090,K-01,2026-05-16,envio
C-01125,K-14,2026-05-16,envio
C-01223,K-14,2026-05-16,envio
C-01377,K-03,2026-05-16,envio
C-01403,K-03,2026-05-16,envio
C-01408,K-10,2026-05-16,envio
C-01463,K-14,2026-05-16,envio
C-01466,K-01,2026-05-16,envio
C-01466,K-01,2026-05-16,apertura
C-01466,K-01,2026-05-16,clic
C-01500,K-05,2026-05-16,envio
C-01500,K-05,2026-05-16,apertura
C-00050,K-01,2026-05-17,envio
C-00092,K-14,2026-05-17,envio
C-00190,K-02,2026-05-17,envio
C-00330,K-13,2026-05-17,envio
C-00335,K-01,2026-05-17,envio
C-00398,K-14,2026-05-17,envio
C-00398,K-14,2026-05-17,apertura
C-00475,K-14,2026-05-17,envio
C-00475,K-14,2026-05-17,apertura
C-00532,K-10,2026-05-17,envio
C-00532,K-10,2026-05-17,apertura
C-00532,K-10,2026-05-17,clic
C-00621,K-13,2026-05-17,envio
C-01021,K-13,2026-05-17,envio
C-01075,K-14,2026-05-17,envio
C-01096,K-07,2026-05-17,envio
C-01176,K-09,2026-05-17,envio
C-01176,K-09,2026-05-17,apertura
C-01176,K-09,2026-05-17,clic
C-01460,K-13,2026-05-17,envio
C-01468,K-12,2026-05-17,envio
C-00043,K-01,2026-05-18,envio
C-00043,K-01,2026-05-18,apertura
C-00067,K-01,2026-05-18,envio
C-00155,K-01,2026-05-18,envio
C-00155,K-01,2026-05-18,apertura
C-00245,K-05,2026-05-18,envio
C-00259,K-14,2026-05-18,envio
C-00364,K-14,2026-05-18,envio
C-00462,K-14,2026-05-18,envio
C-00462,K-14,2026-05-18,apertura
C-00800,K-05,2026-05-18,envio
C-00800,K-05,2026-05-18,apertura
C-00831,K-08,2026-05-18,envio
C-00909,K-14,2026-05-18,envio
C-00948,K-14,2026-05-18,envio
C-00999,K-02,2026-05-18,envio
C-01041,K-14,2026-05-18,envio
C-01122,K-14,2026-05-18,envio
C-01242,K-01,2026-05-18,envio
C-01242,K-01,2026-05-18,apertura
C-01355,K-09,2026-05-18,envio
C-01399,K-14,2026-05-18,envio
C-01487,K-14,2026-05-18,envio
C-00114,K-14,2026-05-19,envio
C-00114,K-14,2026-05-19,baja
C-00134,K-09,2026-05-19,envio
C-00198,K-01,2026-05-19,envio
C-00281,K-01,2026-05-19,envio
C-00328,K-01,2026-05-19,envio
C-00328,K-01,2026-05-19,apertura
C-00497,K-12,2026-05-19,envio
C-00497,K-12,2026-05-19,apertura
C-00548,K-02,2026-05-19,envio
C-00579,K-05,2026-05-19,envio
C-00579,K-05,2026-05-19,apertura
C-00978,K-08,2026-05-19,envio
C-00982,K-04,2026-05-19,envio
C-00982,K-04,2026-05-19,apertura
C-00982,K-04,2026-05-19,clic
C-01005,K-04,2026-05-19,envio
C-01057,K-10,2026-05-19,envio
C-01099,K-14,2026-05-19,envio
C-01245,K-10,2026-05-19,envio
C-01245,K-10,2026-05-19,apertura
C-01429,K-02,2026-05-19,envio
C-01444,K-14,2026-05-19,envio
C-00159,K-06,2026-05-20,envio
C-00163,K-12,2026-05-20,envio
C-00163,K-12,2026-05-20,apertura
C-00187,K-11,2026-05-20,envio
C-00207,K-05,2026-05-20,envio
C-00224,K-14,2026-05-20,envio
C-00224,K-14,2026-05-20,apertura
C-00330,K-01,2026-05-20,envio
C-00372,K-11,2026-05-20,envio
C-00590,K-07,2026-05-20,envio
C-00727,K-14,2026-05-20,envio
C-00935,K-08,2026-05-20,envio
C-01108,K-08,2026-05-20,envio
C-01108,K-08,2026-05-20,apertura
C-01184,K-01,2026-05-20,envio
C-01233,K-07,2026-05-20,envio
C-01264,K-14,2026-05-20,envio
C-01415,K-11,2026-05-20,envio
C-01415,K-11,2026-05-20,apertura
C-01481,K-08,2026-05-20,envio
C-01481,K-08,2026-05-20,apertura
C-01481,K-08,2026-05-20,clic
C-00011,K-14,2026-05-21,envio
C-00031,K-04,2026-05-21,envio
C-00077,K-01,2026-05-21,envio
C-00077,K-01,2026-05-21,apertura
C-00125,K-14,2026-05-21,envio
C-00125,K-14,2026-05-21,apertura
C-00180,K-01,2026-05-21,envio
C-00275,K-14,2026-05-21,envio
C-00275,K-14,2026-05-21,apertura
C-00275,K-14,2026-05-21,clic
C-00297,K-05,2026-05-21,envio
C-00309,K-03,2026-05-21,envio
C-00580,K-08,2026-05-21,envio
C-00580,K-08,2026-05-21,apertura
C-00580,K-08,2026-05-21,clic
C-00587,K-02,2026-05-21,envio
C-00705,K-05,2026-05-21,envio
C-00705,K-05,2026-05-21,apertura
C-00919,K-01,2026-05-21,envio
C-00919,K-01,2026-05-21,apertura
C-00953,K-09,2026-05-21,envio
C-00953,K-08,2026-05-21,envio
C-00982,K-04,2026-05-21,inscripcion
C-01055,K-14,2026-05-21,envio
C-01055,K-14,2026-05-21,apertura
C-01055,K-14,2026-05-21,clic
C-01330,K-14,2026-05-21,envio
C-01346,K-03,2026-05-21,envio
C-01414,K-06,2026-05-21,envio
C-01455,K-14,2026-05-21,envio
C-01455,K-14,2026-05-21,apertura
C-01471,K-01,2026-05-21,envio
C-01471,K-01,2026-05-21,apertura
C-00025,K-11,2026-05-22,envio
C-00062,K-13,2026-05-22,envio
C-00062,K-13,2026-05-22,apertura
C-00077,K-14,2026-05-22,envio
C-00086,K-02,2026-05-22,envio
C-00086,K-02,2026-05-22,apertura
C-00187,K-02,2026-05-22,envio
C-00321,K-09,2026-05-22,envio
C-00321,K-09,2026-05-22,apertura
C-00321,K-09,2026-05-22,clic
C-00449,K-14,2026-05-22,envio
C-00544,K-05,2026-05-22,envio
C-00544,K-05,2026-05-22,apertura
C-00551,K-03,2026-05-22,envio
C-00587,K-14,2026-05-22,envio
C-00587,K-14,2026-05-22,apertura
C-00637,K-02,2026-05-22,envio
C-00649,K-13,2026-05-22,envio
C-00649,K-13,2026-05-22,apertura
C-00658,K-09,2026-05-22,envio
C-00660,K-10,2026-05-22,envio
C-00666,K-14,2026-05-22,envio
C-00746,K-14,2026-05-22,envio
C-00746,K-14,2026-05-22,apertura
C-00804,K-14,2026-05-22,envio
C-00894,K-14,2026-05-22,envio
C-00898,K-14,2026-05-22,envio
C-00898,K-14,2026-05-22,apertura
C-00912,K-04,2026-05-22,envio
C-00931,K-14,2026-05-22,envio
C-01092,K-08,2026-05-22,envio
C-01092,K-08,2026-05-22,apertura
C-01116,K-10,2026-05-22,envio
C-01116,K-10,2026-05-22,apertura
C-01191,K-02,2026-05-22,envio
C-01292,K-05,2026-05-22,envio
C-01293,K-14,2026-05-22,envio
C-01293,K-14,2026-05-22,apertura
C-01334,K-08,2026-05-22,envio
C-01481,K-09,2026-05-22,envio
C-00022,K-13,2026-05-23,envio
C-00331,K-14,2026-05-23,envio
C-00331,K-14,2026-05-23,apertura
C-00338,K-04,2026-05-23,envio
C-00338,K-04,2026-05-23,apertura
C-00353,K-14,2026-05-23,envio
C-00353,K-14,2026-05-23,apertura
C-00353,K-14,2026-05-23,clic
C-00452,K-14,2026-05-23,envio
C-00628,K-08,2026-05-23,envio
C-00670,K-14,2026-05-23,envio
C-00685,K-12,2026-05-23,envio
C-00782,K-10,2026-05-23,envio
C-00782,K-10,2026-05-23,apertura
C-00791,K-02,2026-05-23,envio
C-00791,K-02,2026-05-23,apertura
C-00839,K-05,2026-05-23,envio
C-00909,K-13,2026-05-23,envio
C-00909,K-13,2026-05-23,apertura
C-00909,K-13,2026-05-23,clic
C-00934,K-03,2026-05-23,envio
C-00934,K-03,2026-05-23,apertura
C-01029,K-11,2026-05-23,envio
C-01227,K-10,2026-05-23,envio
C-01436,K-10,2026-05-23,envio
C-01436,K-10,2026-05-23,apertura
C-00016,K-14,2026-05-24,envio
C-00016,K-14,2026-05-24,apertura
C-00031,K-01,2026-05-24,envio
C-00031,K-01,2026-05-24,apertura
C-00042,K-11,2026-05-24,envio
C-00210,K-14,2026-05-24,envio
C-00210,K-14,2026-05-24,apertura
C-00215,K-14,2026-05-24,envio
C-00238,K-14,2026-05-24,envio
C-00285,K-05,2026-05-24,envio
C-00285,K-05,2026-05-24,apertura
C-00294,K-13,2026-05-24,envio
C-00385,K-03,2026-05-24,envio
C-00399,K-12,2026-05-24,envio
C-00423,K-08,2026-05-24,envio
C-00478,K-04,2026-05-24,envio
C-00478,K-04,2026-05-24,apertura
C-00478,K-04,2026-05-24,clic
C-00480,K-02,2026-05-24,envio
C-00480,K-02,2026-05-24,apertura
C-00577,K-01,2026-05-24,envio
C-00577,K-01,2026-05-24,apertura
C-00627,K-07,2026-05-24,envio
C-00764,K-10,2026-05-24,envio
C-00850,K-13,2026-05-24,envio
C-00974,K-14,2026-05-24,envio
C-00974,K-14,2026-05-24,apertura
C-00974,K-14,2026-05-24,clic
C-00984,K-14,2026-05-24,envio
C-01043,K-14,2026-05-24,envio
C-01338,K-02,2026-05-24,envio
C-01338,K-02,2026-05-24,baja
C-01379,K-14,2026-05-24,envio
C-01379,K-14,2026-05-24,apertura
C-01403,K-14,2026-05-24,envio
C-01441,K-11,2026-05-24,envio
C-01441,K-11,2026-05-24,apertura
C-01441,K-11,2026-05-24,clic
C-00100,K-09,2026-05-25,envio
C-00100,K-09,2026-05-25,apertura
C-00357,K-14,2026-05-25,envio
C-00452,K-02,2026-05-25,envio
C-00452,K-02,2026-05-25,apertura
C-00460,K-13,2026-05-25,envio
C-00460,K-13,2026-05-25,apertura
C-00470,K-09,2026-05-25,envio
C-00470,K-09,2026-05-25,apertura
C-00470,K-09,2026-05-25,clic
C-00473,K-01,2026-05-25,envio
C-00473,K-01,2026-05-25,apertura
C-00540,K-14,2026-05-25,envio
C-00701,K-06,2026-05-25,envio
C-00705,K-14,2026-05-25,envio
C-00705,K-14,2026-05-25,apertura
C-00710,K-13,2026-05-25,envio
C-00836,K-08,2026-05-25,envio
C-00899,K-14,2026-05-25,envio
C-00903,K-06,2026-05-25,envio
C-00950,K-13,2026-05-25,envio
C-01109,K-13,2026-05-25,envio
C-01181,K-10,2026-05-25,envio
C-01229,K-09,2026-05-25,envio
C-01338,K-14,2026-05-25,envio
C-01366,K-14,2026-05-25,envio
C-00041,K-14,2026-05-26,envio
C-00067,K-14,2026-05-26,envio
C-00132,K-05,2026-05-26,envio
C-00178,K-01,2026-05-26,envio
C-00178,K-01,2026-05-26,apertura
C-00261,K-09,2026-05-26,envio
C-00395,K-04,2026-05-26,envio
C-00472,K-14,2026-05-26,envio
C-00472,K-14,2026-05-26,apertura
C-00485,K-14,2026-05-26,envio
C-00544,K-07,2026-05-26,envio
C-00655,K-14,2026-05-26,envio
C-00659,K-14,2026-05-26,envio
C-00688,K-14,2026-05-26,envio
C-00688,K-14,2026-05-26,apertura
C-00688,K-14,2026-05-26,clic
C-00855,K-02,2026-05-26,envio
C-00855,K-02,2026-05-26,apertura
C-01003,K-14,2026-05-26,envio
C-01055,K-12,2026-05-26,envio
C-01073,K-14,2026-05-26,envio
C-01073,K-14,2026-05-26,apertura
C-01120,K-02,2026-05-26,envio
C-01120,K-02,2026-05-26,apertura
C-01156,K-14,2026-05-26,envio
C-01156,K-14,2026-05-26,apertura
C-01156,K-14,2026-05-26,clic
C-01185,K-02,2026-05-26,envio
C-01185,K-02,2026-05-26,apertura
C-01336,K-02,2026-05-26,envio
C-01360,K-13,2026-05-26,envio
C-01390,K-11,2026-05-26,envio
C-01390,K-11,2026-05-26,apertura
C-01390,K-11,2026-05-26,clic
C-01391,K-02,2026-05-26,envio
C-01391,K-02,2026-05-26,apertura
C-01391,K-02,2026-05-26,clic
C-01441,K-11,2026-05-26,canje
C-01472,K-12,2026-05-26,envio
C-01472,K-12,2026-05-26,apertura
C-00099,K-14,2026-05-27,envio
C-00115,K-14,2026-05-27,envio
C-00164,K-01,2026-05-27,envio
C-00211,K-14,2026-05-27,envio
C-00211,K-14,2026-05-27,apertura
C-00261,K-12,2026-05-27,envio
C-00310,K-14,2026-05-27,envio
C-00406,K-14,2026-05-27,envio
C-00495,K-12,2026-05-27,envio
C-00545,K-01,2026-05-27,envio
C-00564,K-14,2026-05-27,envio
C-00660,K-14,2026-05-27,envio
C-00660,K-14,2026-05-27,apertura
C-00819,K-10,2026-05-27,envio
C-00819,K-10,2026-05-27,apertura
C-00849,K-14,2026-05-27,envio
C-01128,K-01,2026-05-27,envio
C-01144,K-03,2026-05-27,envio
C-01144,K-03,2026-05-27,apertura
C-01144,K-03,2026-05-27,clic
C-01205,K-14,2026-05-27,envio
C-01205,K-14,2026-05-27,apertura
C-01346,K-11,2026-05-27,envio
C-01392,K-13,2026-05-27,envio
C-01392,K-13,2026-05-27,apertura
C-01437,K-01,2026-05-27,envio
C-01437,K-01,2026-05-27,apertura
C-01476,K-05,2026-05-27,envio
C-00009,K-03,2026-05-28,envio
C-00034,K-02,2026-05-28,envio
C-00035,K-13,2026-05-28,envio
C-00035,K-13,2026-05-28,apertura
C-00097,K-14,2026-05-28,envio
C-00136,K-12,2026-05-28,envio
C-00178,K-02,2026-05-28,envio
C-00178,K-02,2026-05-28,apertura
C-00182,K-06,2026-05-28,envio
C-00182,K-06,2026-05-28,apertura
C-00240,K-12,2026-05-28,envio
C-00243,K-13,2026-05-28,envio
C-00243,K-13,2026-05-28,apertura
C-00275,K-01,2026-05-28,envio
C-00276,K-08,2026-05-28,envio
C-00276,K-08,2026-05-28,apertura
C-00276,K-08,2026-05-28,clic
C-00283,K-13,2026-05-28,envio
C-00300,K-05,2026-05-28,envio
C-00363,K-01,2026-05-28,envio
C-00363,K-01,2026-05-28,apertura
C-00376,K-14,2026-05-28,envio
C-00384,K-12,2026-05-28,envio
C-00384,K-12,2026-05-28,apertura
C-00384,K-12,2026-05-28,clic
C-00397,K-01,2026-05-28,envio
C-00412,K-14,2026-05-28,envio
C-00482,K-03,2026-05-28,envio
C-00600,K-13,2026-05-28,envio
C-00653,K-03,2026-05-28,envio
C-00808,K-09,2026-05-28,envio
C-00930,K-14,2026-05-28,envio
C-00954,K-01,2026-05-28,envio
C-00954,K-01,2026-05-28,apertura
C-00957,K-14,2026-05-28,envio
C-00992,K-14,2026-05-28,envio
C-00992,K-14,2026-05-28,apertura
C-01169,K-10,2026-05-28,envio
C-01184,K-02,2026-05-28,envio
C-01238,K-04,2026-05-28,envio
C-01238,K-04,2026-05-28,apertura
C-01270,K-10,2026-05-28,envio
C-01270,K-10,2026-05-28,apertura
C-01274,K-14,2026-05-28,envio
C-01274,K-14,2026-05-28,apertura
C-01274,K-14,2026-05-28,clic
C-01309,K-01,2026-05-28,envio
C-01309,K-01,2026-05-28,apertura
C-01309,K-13,2026-05-28,envio
C-01309,K-13,2026-05-28,apertura
C-01319,K-11,2026-05-28,envio
C-01364,K-10,2026-05-28,envio
C-01434,K-01,2026-05-28,envio
C-00021,K-14,2026-05-31,envio
C-00050,K-03,2026-05-31,envio
C-00087,K-14,2026-05-31,envio
C-00172,K-02,2026-05-31,envio
C-00279,K-09,2026-05-31,envio
C-00279,K-09,2026-05-31,apertura
C-00279,K-09,2026-05-31,clic
C-00322,K-13,2026-05-31,envio
C-00322,K-13,2026-05-31,apertura
C-00322,K-13,2026-05-31,clic
C-00343,K-12,2026-05-31,envio
C-00395,K-06,2026-05-31,envio
C-00431,K-14,2026-05-31,envio
C-00431,K-14,2026-05-31,apertura
C-00442,K-05,2026-05-31,envio
C-00505,K-03,2026-05-31,envio
C-00505,K-03,2026-05-31,apertura
C-00661,K-14,2026-05-31,envio
C-00661,K-14,2026-05-31,apertura
C-00661,K-14,2026-05-31,clic
C-00693,K-13,2026-05-31,envio
C-00843,K-10,2026-05-31,envio
C-00843,K-10,2026-05-31,apertura
C-00844,K-13,2026-05-31,envio
C-00950,K-06,2026-05-31,envio
C-01093,K-09,2026-05-31,envio
C-01119,K-14,2026-05-31,envio
C-01119,K-14,2026-05-31,apertura
C-01209,K-03,2026-05-31,envio
C-01209,K-14,2026-05-31,envio
C-01252,K-01,2026-05-31,envio
C-01256,K-14,2026-05-31,envio
C-01303,K-09,2026-05-31,envio
C-01303,K-09,2026-05-31,apertura
C-01303,K-09,2026-05-31,clic
C-01305,K-10,2026-05-31,envio
C-01309,K-14,2026-05-31,envio
C-01389,K-12,2026-05-31,envio
C-01389,K-12,2026-05-31,apertura
C-01389,K-10,2026-05-31,envio
C-01389,K-10,2026-05-31,apertura
C-01442,K-01,2026-05-31,envio
C-00038,K-09,2026-06-01,envio
C-00309,K-12,2026-06-01,envio
C-00349,K-12,2026-06-01,envio
C-00376,K-05,2026-06-01,envio
C-00376,K-05,2026-06-01,apertura
C-00506,K-02,2026-06-01,envio
C-00580,K-05,2026-06-01,envio
C-00589,K-09,2026-06-01,envio
C-00589,K-09,2026-06-01,apertura
C-00589,K-09,2026-06-01,clic
C-00592,K-02,2026-06-01,envio
C-00696,K-14,2026-06-01,envio
C-00748,K-14,2026-06-01,envio
C-00748,K-14,2026-06-01,apertura
C-00782,K-02,2026-06-01,envio
C-00822,K-14,2026-06-01,envio
C-00953,K-09,2026-06-01,envio
C-00953,K-09,2026-06-01,apertura
C-01021,K-06,2026-06-01,envio
C-01070,K-13,2026-06-01,envio
C-01309,K-06,2026-06-01,envio
C-01309,K-06,2026-06-01,apertura
C-01500,K-05,2026-06-01,envio
C-01500,K-05,2026-06-01,apertura
C-01500,K-05,2026-06-01,clic
C-00130,K-01,2026-06-02,envio
C-00143,K-01,2026-06-02,envio
C-00237,K-03,2026-06-02,envio
C-00237,K-03,2026-06-02,apertura
C-00237,K-03,2026-06-02,clic
C-00369,K-14,2026-06-02,envio
C-00369,K-14,2026-06-02,apertura
C-00426,K-14,2026-06-02,envio
C-00426,K-14,2026-06-02,apertura
C-00475,K-14,2026-06-02,envio
C-00475,K-14,2026-06-02,apertura
C-00521,K-01,2026-06-02,envio
C-00529,K-02,2026-06-02,envio
C-00652,K-14,2026-06-02,envio
C-00685,K-12,2026-06-02,envio
C-00685,K-12,2026-06-02,apertura
C-00756,K-14,2026-06-02,envio
C-00796,K-14,2026-06-02,envio
C-00818,K-02,2026-06-02,envio
C-00837,K-04,2026-06-02,envio
C-00837,K-04,2026-06-02,apertura
C-00837,K-04,2026-06-02,clic
C-00933,K-14,2026-06-02,envio
C-00933,K-14,2026-06-02,apertura
C-00933,K-14,2026-06-02,clic
C-01056,K-02,2026-06-02,envio
C-01287,K-14,2026-06-02,envio
C-01359,K-03,2026-06-02,envio
C-01359,K-03,2026-06-02,apertura
C-01359,K-03,2026-06-02,clic
C-01368,K-01,2026-06-02,envio
C-01396,K-14,2026-06-02,envio
C-01396,K-14,2026-06-02,apertura
C-01433,K-14,2026-06-02,envio
C-00153,K-14,2026-06-03,envio
C-00153,K-14,2026-06-03,apertura
C-00153,K-14,2026-06-03,clic
C-00183,K-01,2026-06-03,envio
C-00190,K-14,2026-06-03,envio
C-00259,K-11,2026-06-03,envio
C-00350,K-14,2026-06-03,envio
C-00360,K-14,2026-06-03,envio
C-00384,K-07,2026-06-03,envio
C-00385,K-01,2026-06-03,envio
C-00385,K-01,2026-06-03,apertura
C-00385,K-01,2026-06-03,clic
C-00432,K-02,2026-06-03,envio
C-00432,K-02,2026-06-03,apertura
C-00651,K-07,2026-06-03,envio
C-00651,K-07,2026-06-03,apertura
C-00826,K-06,2026-06-03,envio
C-00826,K-06,2026-06-03,apertura
C-00853,K-14,2026-06-03,envio
C-00866,K-14,2026-06-03,envio
C-00896,K-14,2026-06-03,envio
C-00896,K-14,2026-06-03,apertura
C-01057,K-09,2026-06-03,envio
C-01094,K-13,2026-06-03,envio
C-01120,K-02,2026-06-03,envio
C-01153,K-14,2026-06-03,envio
C-01156,K-02,2026-06-03,envio
C-01156,K-02,2026-06-03,apertura
C-01156,K-02,2026-06-03,clic
C-01230,K-14,2026-06-03,envio
C-00067,K-13,2026-06-04,envio
C-00132,K-09,2026-06-04,envio
C-00183,K-04,2026-06-04,envio
C-00309,K-14,2026-06-04,envio
C-00400,K-11,2026-06-04,envio
C-00435,K-14,2026-06-04,envio
C-00443,K-14,2026-06-04,envio
C-00490,K-14,2026-06-04,envio
C-00490,K-03,2026-06-04,envio
C-00653,K-14,2026-06-04,envio
C-00757,K-01,2026-06-04,envio
C-00758,K-14,2026-06-04,envio
C-00762,K-01,2026-06-04,envio
C-00766,K-10,2026-06-04,envio
C-00766,K-10,2026-06-04,apertura
C-00781,K-09,2026-06-04,envio
C-00810,K-01,2026-06-04,envio
C-00810,K-01,2026-06-04,apertura
C-00847,K-14,2026-06-04,envio
C-00847,K-14,2026-06-04,apertura
C-00847,K-14,2026-06-04,clic
C-01091,K-02,2026-06-04,envio
C-01098,K-08,2026-06-04,envio
C-01369,K-06,2026-06-04,envio
C-01377,K-06,2026-06-04,envio
C-01420,K-14,2026-06-04,envio
C-01443,K-14,2026-06-04,envio
C-01450,K-08,2026-06-04,envio
C-01450,K-08,2026-06-04,apertura
C-01455,K-14,2026-06-04,envio
C-01455,K-14,2026-06-04,apertura
C-00099,K-04,2026-06-05,envio
C-00163,K-10,2026-06-05,envio
C-00246,K-14,2026-06-05,envio
C-00298,K-07,2026-06-05,envio
C-00353,K-01,2026-06-05,envio
C-00353,K-01,2026-06-05,apertura
C-00500,K-11,2026-06-05,envio
C-00531,K-14,2026-06-05,envio
C-00531,K-14,2026-06-05,apertura
C-00601,K-13,2026-06-05,envio
C-00639,K-08,2026-06-05,envio
C-00660,K-10,2026-06-05,envio
C-00683,K-14,2026-06-05,envio
C-00759,K-01,2026-06-05,envio
C-00814,K-09,2026-06-05,envio
C-00814,K-09,2026-06-05,baja
C-00845,K-14,2026-06-05,envio
C-00845,K-14,2026-06-05,apertura
C-00865,K-09,2026-06-05,envio
C-00932,K-14,2026-06-05,envio
C-00934,K-04,2026-06-05,envio
C-00936,K-05,2026-06-05,envio
C-01036,K-06,2026-06-05,envio
C-01036,K-06,2026-06-05,apertura
C-01043,K-14,2026-06-05,envio
C-01111,K-02,2026-06-05,envio
C-01141,K-08,2026-06-05,envio
C-01141,K-08,2026-06-05,apertura
C-01166,K-09,2026-06-05,envio
C-01166,K-09,2026-06-05,apertura
C-01308,K-14,2026-06-05,envio
C-01308,K-14,2026-06-05,apertura
C-01308,K-14,2026-06-05,clic
C-01404,K-14,2026-06-05,envio
C-01436,K-09,2026-06-05,envio
C-01436,K-09,2026-06-05,apertura
C-01449,K-14,2026-06-05,envio
C-01449,K-14,2026-06-05,apertura
C-01449,K-14,2026-06-05,clic
C-01451,K-13,2026-06-05,envio
C-01459,K-04,2026-06-05,envio
C-01471,K-05,2026-06-05,envio
C-01471,K-05,2026-06-05,apertura
C-00039,K-12,2026-06-06,envio
C-00039,K-12,2026-06-06,apertura
C-00086,K-01,2026-06-06,envio
C-00093,K-14,2026-06-06,envio
C-00093,K-14,2026-06-06,apertura
C-00093,K-14,2026-06-06,queja
C-00198,K-01,2026-06-06,envio
C-00230,K-14,2026-06-06,envio
C-00254,K-14,2026-06-06,envio
C-00256,K-09,2026-06-06,envio
C-00314,K-14,2026-06-06,envio
C-00526,K-14,2026-06-06,envio
C-00604,K-13,2026-06-06,envio
C-00652,K-01,2026-06-06,envio
C-00652,K-01,2026-06-06,apertura
C-00652,K-01,2026-06-06,clic
C-00688,K-14,2026-06-06,envio
C-00764,K-12,2026-06-06,envio
C-00846,K-07,2026-06-06,envio
C-00881,K-01,2026-06-06,envio
C-00881,K-01,2026-06-06,apertura
C-00903,K-02,2026-06-06,envio
C-00903,K-02,2026-06-06,apertura
C-00943,K-14,2026-06-06,envio
C-01013,K-10,2026-06-06,envio
C-01052,K-14,2026-06-06,envio
C-01089,K-14,2026-06-06,envio
C-01091,K-14,2026-06-06,envio
C-01094,K-04,2026-06-06,envio
C-01245,K-14,2026-06-06,envio
C-01245,K-14,2026-06-06,apertura
C-01245,K-14,2026-06-06,clic
C-01253,K-14,2026-06-06,envio
C-01415,K-14,2026-06-06,envio
C-01437,K-10,2026-06-06,envio
C-01468,K-08,2026-06-06,envio
C-01468,K-08,2026-06-06,apertura
C-01490,K-09,2026-06-06,envio
C-00029,K-14,2026-06-07,envio
C-00029,K-14,2026-06-07,apertura
C-00053,K-02,2026-06-07,envio
C-00053,K-02,2026-06-07,apertura
C-00067,K-14,2026-06-07,envio
C-00067,K-14,2026-06-07,apertura
C-00067,K-14,2026-06-07,clic
C-00135,K-08,2026-06-07,envio
C-00285,K-05,2026-06-07,envio
C-00296,K-09,2026-06-07,envio
C-00296,K-09,2026-06-07,apertura
C-00324,K-01,2026-06-07,envio
C-00324,K-01,2026-06-07,apertura
C-00324,K-01,2026-06-07,clic
C-00383,K-14,2026-06-07,envio
C-00383,K-14,2026-06-07,apertura
C-00456,K-14,2026-06-07,envio
C-00469,K-04,2026-06-07,envio
C-00477,K-05,2026-06-07,envio
C-00477,K-05,2026-06-07,apertura
C-00477,K-05,2026-06-07,clic
C-00489,K-01,2026-06-07,envio
C-00505,K-01,2026-06-07,envio
C-00505,K-01,2026-06-07,apertura
C-00509,K-06,2026-06-07,envio
C-00546,K-10,2026-06-07,envio
C-00614,K-13,2026-06-07,envio
C-00614,K-13,2026-06-07,apertura
C-00652,K-13,2026-06-07,envio
C-00652,K-13,2026-06-07,apertura
C-00702,K-14,2026-06-07,envio
C-00711,K-02,2026-06-07,envio
C-00714,K-13,2026-06-07,envio
C-00735,K-07,2026-06-07,envio
C-00764,K-10,2026-06-07,envio
C-01322,K-14,2026-06-07,envio
C-01396,K-05,2026-06-07,envio
C-00022,K-06,2026-06-08,envio
C-00183,K-13,2026-06-08,envio
C-00194,K-14,2026-06-08,envio
C-00265,K-14,2026-06-08,envio
C-00265,K-14,2026-06-08,apertura
C-00265,K-14,2026-06-08,clic
C-00444,K-10,2026-06-08,envio
C-00511,K-13,2026-06-08,envio
C-00511,K-13,2026-06-08,apertura
C-00581,K-10,2026-06-08,envio
C-00610,K-14,2026-06-08,envio
C-00610,K-14,2026-06-08,apertura
C-00660,K-01,2026-06-08,envio
C-00663,K-14,2026-06-08,envio
C-00735,K-12,2026-06-08,envio
C-00735,K-12,2026-06-08,apertura
C-00807,K-14,2026-06-08,envio
C-00807,K-14,2026-06-08,apertura
C-00807,K-14,2026-06-08,clic
C-01071,K-14,2026-06-08,envio
C-01249,K-14,2026-06-08,envio
C-01300,K-01,2026-06-08,envio
C-01300,K-01,2026-06-08,apertura
C-00035,K-13,2026-06-09,envio
C-00036,K-13,2026-06-09,envio
C-00155,K-14,2026-06-09,envio
C-00167,K-14,2026-06-09,envio
C-00317,K-09,2026-06-09,envio
C-00317,K-09,2026-06-09,apertura
C-00317,K-09,2026-06-09,clic
C-00376,K-14,2026-06-09,envio
C-00376,K-14,2026-06-09,apertura
C-00377,K-02,2026-06-09,envio
C-00405,K-08,2026-06-09,envio
C-00405,K-08,2026-06-09,apertura
C-00477,K-05,2026-06-09,inscripcion
C-00546,K-14,2026-06-09,envio
C-00581,K-02,2026-06-09,envio
C-00760,K-07,2026-06-09,envio
C-00760,K-07,2026-06-09,apertura
C-00836,K-07,2026-06-09,envio
C-00856,K-02,2026-06-09,envio
C-01123,K-14,2026-06-09,envio
C-01123,K-14,2026-06-09,apertura
C-01186,K-01,2026-06-09,envio
C-01186,K-01,2026-06-09,apertura
C-01274,K-14,2026-06-09,envio
C-01307,K-07,2026-06-09,envio
C-01328,K-08,2026-06-09,envio
C-01328,K-08,2026-06-09,apertura
C-01328,K-08,2026-06-09,clic
C-01336,K-02,2026-06-09,envio
C-01435,K-09,2026-06-09,envio
C-01448,K-14,2026-06-09,envio
C-01474,K-08,2026-06-09,envio
C-01474,K-08,2026-06-09,apertura
C-00019,K-14,2026-06-10,envio
C-00019,K-14,2026-06-10,apertura
C-00177,K-14,2026-06-10,envio
C-00178,K-01,2026-06-10,envio
C-00195,K-14,2026-06-10,envio
C-00195,K-14,2026-06-10,apertura
C-00195,K-14,2026-06-10,clic
C-00228,K-02,2026-06-10,envio
C-00275,K-13,2026-06-10,envio
C-00275,K-13,2026-06-10,apertura
C-00294,K-04,2026-06-10,envio
C-00294,K-04,2026-06-10,apertura
C-00294,K-04,2026-06-10,clic
C-00308,K-14,2026-06-10,envio
C-00404,K-12,2026-06-10,envio
C-00404,K-12,2026-06-10,apertura
C-00597,K-01,2026-06-10,envio
C-00634,K-12,2026-06-10,envio
C-00649,K-04,2026-06-10,envio
C-00671,K-14,2026-06-10,envio
C-00710,K-04,2026-06-10,envio
C-00829,K-13,2026-06-10,envio
C-00846,K-10,2026-06-10,envio
C-00846,K-10,2026-06-10,apertura
C-00932,K-11,2026-06-10,envio
C-00944,K-14,2026-06-10,envio
C-00944,K-14,2026-06-10,apertura
C-00944,K-14,2026-06-10,clic
C-00956,K-14,2026-06-10,envio
C-00956,K-14,2026-06-10,apertura
C-01102,K-13,2026-06-10,envio
C-01124,K-14,2026-06-10,envio
C-01124,K-14,2026-06-10,apertura
C-01149,K-04,2026-06-10,envio
C-01149,K-04,2026-06-10,apertura
C-01149,K-04,2026-06-10,clic
C-01228,K-14,2026-06-10,envio
C-01256,K-04,2026-06-10,envio
C-01416,K-12,2026-06-10,envio
C-01416,K-12,2026-06-10,apertura
C-00064,K-13,2026-06-11,envio
C-00111,K-04,2026-06-11,envio
C-00163,K-08,2026-06-11,envio
C-00163,K-08,2026-06-11,apertura
C-00189,K-01,2026-06-11,envio
C-00318,K-03,2026-06-11,envio
C-00365,K-08,2026-06-11,envio
C-00365,K-08,2026-06-11,apertura
C-00455,K-10,2026-06-11,envio
C-00473,K-04,2026-06-11,envio
C-00503,K-14,2026-06-11,envio
C-00516,K-14,2026-06-11,envio
C-00518,K-14,2026-06-11,envio
C-00518,K-14,2026-06-11,apertura
C-00518,K-14,2026-06-11,clic
C-00685,K-07,2026-06-11,envio
C-00701,K-14,2026-06-11,envio
C-00818,K-14,2026-06-11,envio
C-00850,K-01,2026-06-11,envio
C-00903,K-13,2026-06-11,envio
C-00903,K-13,2026-06-11,apertura
C-00903,K-13,2026-06-11,clic
C-00945,K-11,2026-06-11,envio
C-00950,K-04,2026-06-11,envio
C-01035,K-14,2026-06-11,envio
C-01109,K-13,2026-06-11,envio
C-01414,K-01,2026-06-11,envio
C-01414,K-01,2026-06-11,apertura
C-01414,K-01,2026-06-11,clic
C-01449,K-01,2026-06-11,envio
C-01449,K-01,2026-06-11,apertura
C-01449,K-01,2026-06-11,clic
C-00036,K-01,2026-06-12,envio
C-00036,K-01,2026-06-12,apertura
C-00201,K-07,2026-06-12,envio
C-00201,K-07,2026-06-12,apertura
C-00215,K-04,2026-06-12,envio
C-00239,K-07,2026-06-12,envio
C-00239,K-07,2026-06-12,apertura
C-00252,K-12,2026-06-12,envio
C-00252,K-12,2026-06-12,apertura
C-00342,K-08,2026-06-12,envio
C-00405,K-09,2026-06-12,envio
C-00427,K-07,2026-06-12,envio
C-00463,K-01,2026-06-12,envio
C-00498,K-02,2026-06-12,envio
C-00537,K-04,2026-06-12,envio
C-00681,K-10,2026-06-12,envio
C-00681,K-10,2026-06-12,apertura
C-00703,K-05,2026-06-12,envio
C-00703,K-05,2026-06-12,apertura
C-00708,K-13,2026-06-12,envio
C-00801,K-12,2026-06-12,envio
C-00813,K-02,2026-06-12,envio
C-00876,K-01,2026-06-12,envio
C-00888,K-14,2026-06-12,envio
C-00888,K-14,2026-06-12,apertura
C-00934,K-12,2026-06-12,envio
C-00938,K-09,2026-06-12,envio
C-00973,K-13,2026-06-12,envio
C-01307,K-08,2026-06-12,envio
C-01393,K-14,2026-06-12,envio
C-01437,K-02,2026-06-12,envio
C-01437,K-02,2026-06-12,apertura
C-01497,K-02,2026-06-12,envio
C-01500,K-14,2026-06-12,envio
C-01500,K-14,2026-06-12,apertura
C-00169,K-14,2026-06-13,envio
C-00169,K-14,2026-06-13,apertura
C-00169,K-14,2026-06-13,clic
C-00200,K-14,2026-06-13,envio
C-00359,K-14,2026-06-13,envio
C-00359,K-14,2026-06-13,apertura
C-00359,K-14,2026-06-13,clic
C-00447,K-03,2026-06-13,envio
C-00452,K-14,2026-06-13,envio
C-00452,K-14,2026-06-13,apertura
C-00530,K-03,2026-06-13,envio
C-00530,K-03,2026-06-13,apertura
C-00597,K-13,2026-06-13,envio
C-00647,K-14,2026-06-13,envio
C-00647,K-14,2026-06-13,apertura
C-00695,K-07,2026-06-13,envio
C-00766,K-09,2026-06-13,envio
C-00814,K-08,2026-06-13,envio
C-00876,K-06,2026-06-13,envio
C-00879,K-01,2026-06-13,envio
C-00882,K-13,2026-06-13,envio
C-00882,K-13,2026-06-13,apertura
C-01022,K-14,2026-06-13,envio
C-01063,K-13,2026-06-13,envio
C-01077,K-13,2026-06-13,envio
C-01120,K-14,2026-06-13,envio
C-01191,K-14,2026-06-13,envio
C-01198,K-14,2026-06-13,envio
C-01247,K-12,2026-06-13,envio
C-01262,K-14,2026-06-13,envio
C-01380,K-09,2026-06-13,envio
C-01408,K-09,2026-06-13,envio
C-01442,K-06,2026-06-13,envio
C-01468,K-07,2026-06-13,envio
C-01468,K-07,2026-06-13,apertura
C-01478,K-07,2026-06-13,envio
C-01478,K-07,2026-06-13,apertura
C-00077,K-09,2026-06-14,envio
C-00178,K-13,2026-06-14,envio
C-00205,K-12,2026-06-14,envio
C-00205,K-12,2026-06-14,apertura
C-00242,K-13,2026-06-14,envio
C-00243,K-02,2026-06-14,envio
C-00243,K-02,2026-06-14,apertura
C-00341,K-14,2026-06-14,envio
C-00381,K-06,2026-06-14,envio
C-00381,K-06,2026-06-14,apertura
C-00381,K-06,2026-06-14,clic
C-00478,K-01,2026-06-14,envio
C-00508,K-02,2026-06-14,envio
C-00508,K-02,2026-06-14,apertura
C-00508,K-02,2026-06-14,clic
C-00653,K-03,2026-06-14,envio
C-00745,K-13,2026-06-14,envio
C-00799,K-13,2026-06-14,envio
C-00837,K-13,2026-06-14,envio
C-01082,K-13,2026-06-14,envio
C-01234,K-14,2026-06-14,envio
C-01250,K-14,2026-06-14,envio
C-01251,K-12,2026-06-14,envio
C-01251,K-12,2026-06-14,apertura
C-00144,K-14,2026-06-15,envio
C-00144,K-14,2026-06-15,apertura
C-00158,K-14,2026-06-15,envio
C-00158,K-14,2026-06-15,apertura
C-00215,K-14,2026-06-15,envio
C-00366,K-13,2026-06-15,envio
C-00463,K-02,2026-06-15,envio
C-00463,K-02,2026-06-15,apertura
C-00463,K-02,2026-06-15,clic
C-00478,K-14,2026-06-15,envio
C-00478,K-14,2026-06-15,apertura
C-00492,K-14,2026-06-15,envio
C-00500,K-10,2026-06-15,envio
C-00513,K-14,2026-06-15,envio
C-00513,K-14,2026-06-15,apertura
C-00607,K-14,2026-06-15,envio
C-00614,K-02,2026-06-15,envio
C-00625,K-14,2026-06-15,envio
C-00871,K-14,2026-06-15,envio
C-01151,K-14,2026-06-15,envio
C-01183,K-14,2026-06-15,envio
C-01210,K-11,2026-06-15,envio
C-01210,K-11,2026-06-15,apertura
C-01210,K-11,2026-06-15,clic
C-01442,K-14,2026-06-15,envio
C-00014,K-10,2026-06-16,envio
C-00044,K-14,2026-06-16,envio
C-00077,K-04,2026-06-16,envio
C-00172,K-14,2026-06-16,envio
C-00240,K-07,2026-06-16,envio
C-00240,K-07,2026-06-16,apertura
C-00240,K-07,2026-06-16,clic
C-00368,K-02,2026-06-16,envio
C-00381,K-06,2026-06-16,canje
C-00496,K-14,2026-06-16,envio
C-00504,K-13,2026-06-16,envio
C-00690,K-09,2026-06-16,envio
C-00690,K-09,2026-06-16,apertura
C-00726,K-04,2026-06-16,envio
C-00814,K-12,2026-06-16,envio
C-00814,K-12,2026-06-16,apertura
C-00879,K-04,2026-06-16,envio
C-00879,K-04,2026-06-16,apertura
C-00946,K-09,2026-06-16,envio
C-01195,K-14,2026-06-16,envio
C-01238,K-01,2026-06-16,envio
C-01238,K-01,2026-06-16,apertura
C-01238,K-01,2026-06-16,clic
C-01256,K-01,2026-06-16,envio
C-01256,K-01,2026-06-16,apertura
C-01398,K-04,2026-06-16,envio
C-01398,K-04,2026-06-16,apertura
C-01398,K-04,2026-06-16,clic
C-01474,K-10,2026-06-16,envio
C-01474,K-10,2026-06-16,apertura
C-01479,K-14,2026-06-16,envio
C-00012,K-11,2026-06-17,envio
C-00290,K-14,2026-06-17,envio
C-00371,K-07,2026-06-17,envio
C-00476,K-05,2026-06-17,envio
C-00478,K-13,2026-06-17,envio
C-00485,K-11,2026-06-17,envio
C-00485,K-11,2026-06-17,apertura
C-00485,K-11,2026-06-17,clic
C-00532,K-08,2026-06-17,envio
C-00532,K-08,2026-06-17,apertura
C-00532,K-08,2026-06-17,clic
C-00539,K-14,2026-06-17,envio
C-00606,K-14,2026-06-17,envio
C-00606,K-14,2026-06-17,apertura
C-00606,K-14,2026-06-17,clic
C-00720,K-14,2026-06-17,envio
C-00820,K-08,2026-06-17,envio
C-00828,K-14,2026-06-17,envio
C-00867,K-02,2026-06-17,envio
C-00867,K-02,2026-06-17,apertura
C-00986,K-04,2026-06-17,envio
C-01014,K-14,2026-06-17,envio
C-01176,K-07,2026-06-17,envio
C-01210,K-11,2026-06-17,canje
C-01245,K-11,2026-06-17,envio
C-01245,K-11,2026-06-17,apertura
C-01247,K-08,2026-06-17,envio
C-01247,K-08,2026-06-17,apertura
C-01334,K-07,2026-06-17,envio
C-00038,K-10,2026-06-18,envio
C-00261,K-10,2026-06-18,envio
C-00261,K-10,2026-06-18,apertura
C-00268,K-13,2026-06-18,envio
C-00268,K-13,2026-06-18,apertura
C-00381,K-04,2026-06-18,envio
C-00381,K-04,2026-06-18,apertura
C-00402,K-11,2026-06-18,envio
C-00402,K-11,2026-06-18,apertura
C-00444,K-08,2026-06-18,envio
C-00444,K-08,2026-06-18,apertura
C-00547,K-07,2026-06-18,envio
C-00698,K-13,2026-06-18,envio
C-00744,K-14,2026-06-18,envio
C-00760,K-12,2026-06-18,envio
C-00810,K-06,2026-06-18,envio
C-00855,K-13,2026-06-18,envio
C-01007,K-13,2026-06-18,envio
C-01007,K-13,2026-06-18,apertura
C-01015,K-14,2026-06-18,envio
C-01015,K-14,2026-06-18,apertura
C-01182,K-08,2026-06-18,envio
C-01209,K-12,2026-06-18,envio
C-01357,K-09,2026-06-18,envio
C-01376,K-14,2026-06-18,envio
C-01376,K-14,2026-06-18,apertura
C-01409,K-09,2026-06-18,envio
C-01409,K-09,2026-06-18,apertura
C-01409,K-09,2026-06-18,clic
C-01436,K-10,2026-06-18,envio
C-01436,K-10,2026-06-18,apertura
C-00119,K-01,2026-06-19,envio
C-00119,K-01,2026-06-19,apertura
C-00162,K-03,2026-06-19,envio
C-00212,K-14,2026-06-19,envio
C-00294,K-13,2026-06-19,envio
C-00294,K-13,2026-06-19,apertura
C-00306,K-02,2026-06-19,envio
C-00378,K-12,2026-06-19,envio
C-00378,K-12,2026-06-19,apertura
C-00378,K-12,2026-06-19,clic
C-00379,K-01,2026-06-19,envio
C-00379,K-01,2026-06-19,apertura
C-00379,K-01,2026-06-19,clic
C-00443,K-12,2026-06-19,envio
C-00464,K-14,2026-06-19,envio
C-00485,K-11,2026-06-19,canje
C-00532,K-10,2026-06-19,envio
C-00532,K-10,2026-06-19,apertura
C-00587,K-02,2026-06-19,envio
C-00587,K-02,2026-06-19,apertura
C-00590,K-10,2026-06-19,envio
C-00595,K-14,2026-06-19,envio
C-00595,K-14,2026-06-19,apertura
C-00595,K-14,2026-06-19,clic
C-00636,K-04,2026-06-19,envio
C-00636,K-04,2026-06-19,apertura
C-00636,K-04,2026-06-19,clic
C-00649,K-01,2026-06-19,envio
C-00649,K-01,2026-06-19,apertura
C-00849,K-14,2026-06-19,envio
C-00902,K-14,2026-06-19,envio
C-00902,K-14,2026-06-19,apertura
C-00916,K-06,2026-06-19,envio
C-00942,K-14,2026-06-19,envio
C-00942,K-14,2026-06-19,apertura
C-00953,K-12,2026-06-19,envio
C-00953,K-12,2026-06-19,apertura
C-00994,K-01,2026-06-19,envio
C-00994,K-01,2026-06-19,apertura
C-01182,K-10,2026-06-19,envio
C-01240,K-14,2026-06-19,envio
C-01355,K-07,2026-06-19,envio
C-01424,K-09,2026-06-19,envio
C-01451,K-14,2026-06-19,envio
C-01451,K-14,2026-06-19,apertura
C-00009,K-14,2026-06-20,envio
C-00009,K-14,2026-06-20,apertura
C-00042,K-11,2026-06-20,envio
C-00112,K-14,2026-06-20,envio
C-00205,K-10,2026-06-20,envio
C-00236,K-08,2026-06-20,envio
C-00236,K-08,2026-06-20,apertura
C-00300,K-01,2026-06-20,envio
C-00421,K-09,2026-06-20,envio
C-00421,K-09,2026-06-20,apertura
C-00421,K-09,2026-06-20,clic
C-00501,K-10,2026-06-20,envio
C-00601,K-14,2026-06-20,envio
C-00623,K-12,2026-06-20,envio
C-00623,K-12,2026-06-20,apertura
C-00627,K-10,2026-06-20,envio
C-00723,K-10,2026-06-20,envio
C-00950,K-12,2026-06-20,envio
C-00973,K-01,2026-06-20,envio
C-01052,K-01,2026-06-20,envio
C-01070,K-14,2026-06-20,envio
C-01070,K-14,2026-06-20,apertura
C-01087,K-08,2026-06-20,envio
C-01294,K-09,2026-06-20,envio
C-01316,K-13,2026-06-20,envio
C-01316,K-13,2026-06-20,apertura
C-01374,K-01,2026-06-20,envio
C-01414,K-06,2026-06-20,envio
C-01478,K-09,2026-06-20,envio
C-00136,K-03,2026-06-21,envio
C-00136,K-03,2026-06-21,apertura
C-00175,K-03,2026-06-21,envio
C-00294,K-01,2026-06-21,envio
C-00333,K-07,2026-06-21,envio
C-00333,K-07,2026-06-21,apertura
C-00333,K-07,2026-06-21,clic
C-00421,K-08,2026-06-21,envio
C-00421,K-08,2026-06-21,apertura
C-00566,K-13,2026-06-21,envio
C-00566,K-13,2026-06-21,apertura
C-00576,K-11,2026-06-21,envio
C-00576,K-11,2026-06-21,apertura
C-00576,K-11,2026-06-21,clic
C-00674,K-14,2026-06-21,envio
C-00674,K-14,2026-06-21,apertura
C-00681,K-11,2026-06-21,envio
C-00834,K-11,2026-06-21,envio
C-00903,K-06,2026-06-21,envio
C-00903,K-06,2026-06-21,apertura
C-00910,K-13,2026-06-21,envio
C-00912,K-04,2026-06-21,envio
C-00950,K-01,2026-06-21,envio
C-01065,K-14,2026-06-21,envio
C-01065,K-14,2026-06-21,apertura
C-01154,K-14,2026-06-21,envio
C-01177,K-14,2026-06-21,envio
C-01177,K-14,2026-06-21,apertura
C-01178,K-05,2026-06-21,envio
C-01284,K-14,2026-06-21,envio
C-01284,K-14,2026-06-21,apertura
C-01294,K-08,2026-06-21,envio
C-01295,K-14,2026-06-21,envio
C-01434,K-04,2026-06-21,envio
C-01499,K-13,2026-06-21,envio
C-00058,K-14,2026-06-22,envio
C-00080,K-14,2026-06-22,envio
C-00080,K-14,2026-06-22,apertura
C-00206,K-01,2026-06-22,envio
C-00206,K-01,2026-06-22,apertura
C-00206,K-01,2026-06-22,clic
C-00259,K-10,2026-06-22,envio
C-00259,K-10,2026-06-22,baja
C-00371,K-10,2026-06-22,envio
C-00403,K-14,2026-06-22,envio
C-00403,K-14,2026-06-22,baja
C-00448,K-14,2026-06-22,envio
C-00479,K-14,2026-06-22,envio
C-00479,K-14,2026-06-22,apertura
C-00479,K-14,2026-06-22,clic
C-00488,K-14,2026-06-22,envio
C-00507,K-13,2026-06-22,envio
C-00530,K-13,2026-06-22,envio
C-00530,K-13,2026-06-22,apertura
C-00577,K-01,2026-06-22,envio
C-00577,K-01,2026-06-22,apertura
C-00694,K-14,2026-06-22,envio
C-00694,K-14,2026-06-22,apertura
C-00714,K-01,2026-06-22,envio
C-00726,K-11,2026-06-22,envio
C-00772,K-14,2026-06-22,envio
C-00819,K-09,2026-06-22,envio
C-00819,K-09,2026-06-22,apertura
C-00856,K-05,2026-06-22,envio
C-00946,K-10,2026-06-22,envio
C-00946,K-10,2026-06-22,apertura
C-01106,K-05,2026-06-22,envio
C-01158,K-14,2026-06-22,envio
C-01331,K-14,2026-06-22,envio
C-01331,K-14,2026-06-22,apertura
C-00051,K-14,2026-06-23,envio
C-00137,K-09,2026-06-23,envio
C-00312,K-06,2026-06-23,envio
C-00312,K-06,2026-06-23,apertura
C-00312,K-06,2026-06-23,clic
C-00417,K-11,2026-06-23,envio
C-00469,K-07,2026-06-23,envio
C-00500,K-03,2026-06-23,envio
C-00599,K-01,2026-06-23,envio
C-00599,K-01,2026-06-23,apertura
C-00627,K-07,2026-06-23,envio
C-00627,K-07,2026-06-23,apertura
C-00679,K-14,2026-06-23,envio
C-00833,K-02,2026-06-23,envio
C-00833,K-02,2026-06-23,apertura
C-00833,K-02,2026-06-23,clic
C-00911,K-14,2026-06-23,envio
C-00921,K-14,2026-06-23,envio
C-00921,K-14,2026-06-23,apertura
C-00971,K-14,2026-06-23,envio
C-01029,K-14,2026-06-23,envio
C-01029,K-14,2026-06-23,apertura
C-01042,K-14,2026-06-23,envio
C-01042,K-14,2026-06-23,apertura
C-01087,K-10,2026-06-23,envio
C-01088,K-09,2026-06-23,envio
C-01088,K-09,2026-06-23,apertura
C-01146,K-03,2026-06-23,envio
C-01156,K-05,2026-06-23,envio
C-01279,K-13,2026-06-23,envio
C-01291,K-14,2026-06-23,envio
C-01291,K-14,2026-06-23,apertura
C-01291,K-14,2026-06-23,clic
C-01306,K-14,2026-06-23,envio
C-01311,K-14,2026-06-23,envio
C-01365,K-14,2026-06-23,envio
C-01377,K-14,2026-06-23,envio
C-01474,K-12,2026-06-23,envio
C-01494,K-14,2026-06-23,envio
C-01494,K-14,2026-06-23,apertura
C-00154,K-08,2026-06-24,envio
C-00171,K-07,2026-06-24,envio
C-00171,K-07,2026-06-24,apertura
C-00180,K-01,2026-06-24,envio
C-00219,K-14,2026-06-24,envio
C-00221,K-14,2026-06-24,envio
C-00258,K-14,2026-06-24,envio
C-00342,K-12,2026-06-24,envio
C-00355,K-13,2026-06-24,envio
C-00355,K-13,2026-06-24,apertura
C-00355,K-13,2026-06-24,clic
C-00372,K-11,2026-06-24,envio
C-00428,K-08,2026-06-24,envio
C-00444,K-09,2026-06-24,envio
C-00444,K-09,2026-06-24,apertura
C-00498,K-03,2026-06-24,envio
C-00657,K-14,2026-06-24,envio
C-00690,K-08,2026-06-24,envio
C-00692,K-14,2026-06-24,envio
C-00873,K-11,2026-06-24,envio
C-00873,K-11,2026-06-24,apertura
C-00881,K-08,2026-06-24,envio
C-00881,K-08,2026-06-24,apertura
C-00881,K-08,2026-06-24,clic
C-01050,K-14,2026-06-24,envio
C-01134,K-10,2026-06-24,envio
C-01282,K-04,2026-06-24,envio
C-01316,K-03,2026-06-24,envio
C-01316,K-03,2026-06-24,apertura
C-01409,K-10,2026-06-24,envio
C-00249,K-04,2026-06-25,envio
C-00500,K-14,2026-06-25,envio
C-00654,K-14,2026-06-25,envio
C-00701,K-04,2026-06-25,envio
C-00745,K-01,2026-06-25,envio
C-00856,K-14,2026-06-25,envio
C-00856,K-14,2026-06-25,apertura
C-00891,K-03,2026-06-25,envio
C-00955,K-14,2026-06-25,envio
C-00966,K-14,2026-06-25,envio
C-00986,K-01,2026-06-25,envio
C-01051,K-14,2026-06-25,envio
C-01359,K-12,2026-06-25,envio
C-01369,K-11,2026-06-25,envio
C-01369,K-11,2026-06-25,apertura
C-01412,K-14,2026-06-25,envio
C-01452,K-14,2026-06-25,envio
C-01452,K-14,2026-06-25,apertura
C-01497,K-03,2026-06-25,envio
C-01497,K-03,2026-06-25,apertura
C-00050,K-01,2026-06-26,envio
C-00061,K-09,2026-06-26,envio
C-00321,K-08,2026-06-26,envio
C-00570,K-14,2026-06-26,envio
C-00570,K-14,2026-06-26,apertura
C-00570,K-14,2026-06-26,clic
C-00591,K-14,2026-06-26,envio
C-00620,K-03,2026-06-26,envio
C-00620,K-03,2026-06-26,apertura
C-00764,K-08,2026-06-26,envio
C-00764,K-08,2026-06-26,apertura
C-00786,K-04,2026-06-26,envio
C-00786,K-13,2026-06-26,envio
C-00808,K-09,2026-06-26,envio
C-00809,K-14,2026-06-26,envio
C-00948,K-14,2026-06-26,envio
C-00948,K-14,2026-06-26,apertura
C-01006,K-10,2026-06-26,envio
C-01006,K-10,2026-06-26,apertura
C-01042,K-01,2026-06-26,envio
C-01082,K-14,2026-06-26,envio
C-01259,K-14,2026-06-26,envio
C-01259,K-14,2026-06-26,apertura
C-01346,K-11,2026-06-26,envio
C-01349,K-06,2026-06-26,envio
C-01362,K-02,2026-06-26,envio
C-01478,K-08,2026-06-26,envio
C-00042,K-02,2026-06-27,envio
C-00042,K-02,2026-06-27,apertura
C-00077,K-01,2026-06-27,envio
C-00126,K-14,2026-06-27,envio
C-00126,K-14,2026-06-27,apertura
C-00126,K-14,2026-06-27,clic
C-00197,K-14,2026-06-27,envio
C-00197,K-14,2026-06-27,apertura
C-00215,K-10,2026-06-27,envio
C-00225,K-04,2026-06-27,envio
C-00255,K-08,2026-06-27,envio
C-00451,K-02,2026-06-27,envio
C-00639,K-09,2026-06-27,envio
C-00868,K-01,2026-06-27,envio
C-00928,K-08,2026-06-27,envio
C-00928,K-08,2026-06-27,apertura
C-00958,K-10,2026-06-27,envio
C-00958,K-10,2026-06-27,apertura
C-00981,K-10,2026-06-27,envio
C-00981,K-10,2026-06-27,apertura
C-01026,K-02,2026-06-27,envio
C-01026,K-02,2026-06-27,apertura
C-01033,K-14,2026-06-27,envio
C-01096,K-12,2026-06-27,envio
C-01096,K-12,2026-06-27,apertura
C-01120,K-13,2026-06-27,envio
C-01243,K-01,2026-06-27,envio
C-01255,K-14,2026-06-27,envio
C-01255,K-14,2026-06-27,apertura
C-01279,K-14,2026-06-27,envio
C-01280,K-14,2026-06-27,envio
C-01280,K-14,2026-06-27,apertura
C-01321,K-14,2026-06-27,envio
C-01321,K-14,2026-06-27,apertura
C-01344,K-12,2026-06-27,envio
C-01351,K-14,2026-06-27,envio
C-01388,K-14,2026-06-27,envio
C-01398,K-13,2026-06-27,envio
C-01398,K-13,2026-06-27,apertura
C-01398,K-13,2026-06-27,clic
C-01495,K-02,2026-06-27,envio
C-00057,K-14,2026-06-30,envio
C-00057,K-14,2026-06-30,apertura
C-00158,K-14,2026-06-30,envio
C-00178,K-05,2026-06-30,envio
C-00204,K-14,2026-06-30,envio
C-00288,K-13,2026-06-30,envio
C-00288,K-13,2026-06-30,apertura
C-00310,K-03,2026-06-30,envio
C-00310,K-03,2026-06-30,apertura
C-00343,K-05,2026-06-30,envio
C-00343,K-05,2026-06-30,apertura
C-00357,K-07,2026-06-30,envio
C-00387,K-09,2026-06-30,envio
C-00482,K-02,2026-06-30,envio
C-00552,K-14,2026-06-30,envio
C-00587,K-14,2026-06-30,envio
C-00658,K-12,2026-06-30,envio
C-00714,K-13,2026-06-30,envio
C-00723,K-14,2026-06-30,envio
C-00734,K-14,2026-06-30,envio
C-00921,K-14,2026-06-30,envio
C-01020,K-08,2026-06-30,envio
C-01020,K-08,2026-06-30,apertura
C-01118,K-14,2026-06-30,envio
C-01118,K-14,2026-06-30,apertura
C-01128,K-02,2026-06-30,envio
C-01128,K-02,2026-06-30,apertura
C-01148,K-09,2026-06-30,envio
C-01238,K-14,2026-06-30,envio
C-01238,K-14,2026-06-30,apertura
C-01267,K-02,2026-06-30,envio
C-01357,K-09,2026-06-30,envio
C-01413,K-13,2026-06-30,envio
C-01413,K-13,2026-06-30,apertura
C-01413,K-13,2026-06-30,clic
C-01440,K-14,2026-06-30,envio
C-00032,K-09,2026-07-01,envio
C-00086,K-04,2026-07-01,envio
C-00101,K-14,2026-07-01,envio
C-00101,K-14,2026-07-01,apertura
C-00101,K-14,2026-07-01,clic
C-00178,K-01,2026-07-01,envio
C-00180,K-02,2026-07-01,envio
C-00180,K-02,2026-07-01,apertura
C-00307,K-01,2026-07-01,envio
C-00307,K-01,2026-07-01,apertura
C-00326,K-14,2026-07-01,envio
C-00430,K-14,2026-07-01,envio
C-00430,K-14,2026-07-01,apertura
C-00469,K-13,2026-07-01,envio
C-00533,K-13,2026-07-01,envio
C-00533,K-13,2026-07-01,apertura
C-00672,K-08,2026-07-01,envio
C-00678,K-02,2026-07-01,envio
C-00678,K-02,2026-07-01,apertura
C-00726,K-10,2026-07-01,envio
C-00769,K-02,2026-07-01,envio
C-00825,K-14,2026-07-01,envio
C-00857,K-13,2026-07-01,envio
C-00861,K-14,2026-07-01,envio
C-00861,K-14,2026-07-01,apertura
C-00919,K-01,2026-07-01,envio
C-00960,K-14,2026-07-01,envio
C-00960,K-14,2026-07-01,apertura
C-01007,K-02,2026-07-01,envio
C-01306,K-13,2026-07-01,envio
C-01306,K-13,2026-07-01,apertura
C-01325,K-13,2026-07-01,envio
C-01328,K-12,2026-07-01,envio
C-01349,K-06,2026-07-01,envio
C-01411,K-14,2026-07-01,envio
C-01419,K-13,2026-07-01,envio
C-01468,K-10,2026-07-01,envio
C-01468,K-10,2026-07-01,apertura
C-01486,K-14,2026-07-01,envio
C-01486,K-14,2026-07-01,apertura
C-00001,K-13,2026-07-02,envio
C-00035,K-05,2026-07-02,envio
C-00035,K-05,2026-07-02,apertura
C-00039,K-09,2026-07-02,envio
C-00039,K-09,2026-07-02,apertura
C-00151,K-09,2026-07-02,envio
C-00151,K-09,2026-07-02,apertura
C-00151,K-09,2026-07-02,clic
C-00246,K-13,2026-07-02,envio
C-00246,K-13,2026-07-02,apertura
C-00246,K-13,2026-07-02,clic
C-00278,K-14,2026-07-02,envio
C-00278,K-14,2026-07-02,apertura
C-00343,K-14,2026-07-02,envio
C-00343,K-14,2026-07-02,apertura
C-00346,K-14,2026-07-02,envio
C-00356,K-14,2026-07-02,envio
C-00435,K-14,2026-07-02,envio
C-00473,K-05,2026-07-02,envio
C-00478,K-06,2026-07-02,envio
C-00478,K-06,2026-07-02,apertura
C-00478,K-06,2026-07-02,clic
C-00639,K-09,2026-07-02,envio
C-00639,K-09,2026-07-02,apertura
C-00735,K-12,2026-07-02,envio
C-00735,K-12,2026-07-02,apertura
C-00843,K-09,2026-07-02,envio
C-00883,K-04,2026-07-02,envio
C-01003,K-14,2026-07-02,envio
C-01058,K-02,2026-07-02,envio
C-01134,K-02,2026-07-02,envio
C-01134,K-02,2026-07-02,apertura
C-01392,K-13,2026-07-02,envio
C-01479,K-14,2026-07-02,envio
C-00094,K-14,2026-07-03,envio
C-00094,K-14,2026-07-03,apertura
C-00208,K-10,2026-07-03,envio
C-00208,K-10,2026-07-03,apertura
C-00212,K-14,2026-07-03,envio
C-00245,K-06,2026-07-03,envio
C-00476,K-02,2026-07-03,envio
C-00476,K-02,2026-07-03,apertura
C-00476,K-02,2026-07-03,clic
C-00501,K-07,2026-07-03,envio
C-00531,K-01,2026-07-03,envio
C-00590,K-08,2026-07-03,envio
C-00600,K-02,2026-07-03,envio
C-00600,K-02,2026-07-03,apertura
C-00601,K-14,2026-07-03,envio
C-00601,K-14,2026-07-03,apertura
C-00602,K-14,2026-07-03,envio
C-00602,K-14,2026-07-03,apertura
C-00623,K-10,2026-07-03,envio
C-00623,K-10,2026-07-03,apertura
C-00761,K-13,2026-07-03,envio
C-00761,K-13,2026-07-03,apertura
C-00912,K-13,2026-07-03,envio
C-00920,K-02,2026-07-03,envio
C-00947,K-14,2026-07-03,envio
C-00947,K-14,2026-07-03,apertura
C-00947,K-14,2026-07-03,clic
C-00948,K-14,2026-07-03,envio
C-01029,K-14,2026-07-03,envio
C-01029,K-14,2026-07-03,apertura
C-01038,K-14,2026-07-03,envio
C-01038,K-14,2026-07-03,apertura
C-01134,K-10,2026-07-03,envio
C-01245,K-14,2026-07-03,envio
C-01245,K-14,2026-07-03,apertura
C-01245,K-14,2026-07-03,clic
C-01280,K-03,2026-07-03,envio
C-01280,K-03,2026-07-03,apertura
C-01280,K-03,2026-07-03,clic
C-01478,K-10,2026-07-03,envio
C-01495,K-13,2026-07-03,envio
C-00061,K-13,2026-07-04,envio
C-00158,K-02,2026-07-04,envio
C-00158,K-02,2026-07-04,apertura
C-00183,K-06,2026-07-04,envio
C-00203,K-14,2026-07-04,envio
C-00365,K-08,2026-07-04,envio
C-00397,K-14,2026-07-04,envio
C-00397,K-14,2026-07-04,apertura
C-00454,K-13,2026-07-04,envio
C-00477,K-05,2026-07-04,envio
C-00478,K-06,2026-07-04,canje
C-00483,K-08,2026-07-04,envio
C-00483,K-08,2026-07-04,apertura
C-00483,K-08,2026-07-04,clic
C-00487,K-14,2026-07-04,envio
C-00553,K-02,2026-07-04,envio
C-00636,K-04,2026-07-04,envio
C-00636,K-04,2026-07-04,apertura
C-00636,K-04,2026-07-04,clic
C-00810,K-12,2026-07-04,envio
C-00810,K-12,2026-07-04,apertura
C-00936,K-05,2026-07-04,envio
C-00974,K-09,2026-07-04,envio
C-00974,K-09,2026-07-04,apertura
C-00986,K-13,2026-07-04,envio
C-01122,K-14,2026-07-04,envio
C-01167,K-02,2026-07-04,envio
C-01167,K-02,2026-07-04,apertura
C-01191,K-02,2026-07-04,envio
C-01203,K-13,2026-07-04,envio
C-01208,K-14,2026-07-04,envio
C-01216,K-06,2026-07-04,envio
C-01220,K-14,2026-07-04,envio
C-01220,K-14,2026-07-04,apertura
C-01309,K-01,2026-07-04,envio
C-01309,K-01,2026-07-04,apertura
C-01309,K-01,2026-07-04,clic
C-01364,K-14,2026-07-04,envio
C-01451,K-01,2026-07-04,envio
C-01451,K-01,2026-07-04,apertura
C-01451,K-01,2026-07-04,clic
C-01494,K-14,2026-07-04,envio
C-00029,K-02,2026-07-05,envio
C-00064,K-14,2026-07-05,envio
C-00094,K-05,2026-07-05,envio
C-00213,K-14,2026-07-05,envio
C-00216,K-14,2026-07-05,envio
C-00216,K-14,2026-07-05,apertura
C-00232,K-01,2026-07-05,envio
C-00234,K-14,2026-07-05,envio
C-00300,K-02,2026-07-05,envio
C-00498,K-05,2026-07-05,envio
C-00579,K-01,2026-07-05,envio
C-00614,K-05,2026-07-05,envio
C-00614,K-05,2026-07-05,apertura
C-00614,K-05,2026-07-05,clic
C-00669,K-01,2026-07-05,envio
C-00677,K-08,2026-07-05,envio
C-00687,K-14,2026-07-05,envio
C-00715,K-06,2026-07-05,envio
C-00715,K-06,2026-07-05,apertura
C-00816,K-14,2026-07-05,envio
C-00816,K-14,2026-07-05,apertura
C-01199,K-14,2026-07-05,envio
C-01227,K-10,2026-07-05,envio
C-01300,K-13,2026-07-05,envio
C-01320,K-13,2026-07-05,envio
C-01346,K-14,2026-07-05,envio
C-01500,K-14,2026-07-05,envio
C-00014,K-12,2026-07-06,envio
C-00033,K-14,2026-07-06,envio
C-00137,K-09,2026-07-06,envio
C-00196,K-14,2026-07-06,envio
C-00196,K-14,2026-07-06,apertura
C-00250,K-14,2026-07-06,envio
C-00274,K-06,2026-07-06,envio
C-00324,K-13,2026-07-06,envio
C-00342,K-12,2026-07-06,envio
C-00342,K-12,2026-07-06,apertura
C-00345,K-14,2026-07-06,envio
C-00345,K-14,2026-07-06,apertura
C-00345,K-14,2026-07-06,clic
C-00465,K-14,2026-07-06,envio
C-00465,K-14,2026-07-06,apertura
C-00530,K-01,2026-07-06,envio
C-00548,K-14,2026-07-06,envio
C-00622,K-14,2026-07-06,envio
C-00646,K-01,2026-07-06,envio
C-00646,K-01,2026-07-06,apertura
C-00646,K-01,2026-07-06,clic
C-00654,K-14,2026-07-06,envio
C-00745,K-03,2026-07-06,envio
C-00745,K-03,2026-07-06,apertura
C-00766,K-12,2026-07-06,envio
C-00766,K-12,2026-07-06,apertura
C-00778,K-13,2026-07-06,envio
C-00792,K-02,2026-07-06,envio
C-00824,K-01,2026-07-06,envio
C-00824,K-01,2026-07-06,apertura
C-00932,K-10,2026-07-06,envio
C-00979,K-10,2026-07-06,envio
C-00979,K-10,2026-07-06,apertura
C-00979,K-10,2026-07-06,clic
C-01021,K-06,2026-07-06,envio
C-01021,K-06,2026-07-06,baja
C-01032,K-14,2026-07-06,envio
C-01032,K-14,2026-07-06,apertura
C-01072,K-14,2026-07-06,envio
C-01073,K-14,2026-07-06,envio
C-01128,K-05,2026-07-06,envio
C-01128,K-05,2026-07-06,apertura
C-01319,K-10,2026-07-06,envio
C-01319,K-10,2026-07-06,apertura
C-01408,K-12,2026-07-06,envio
C-01416,K-13,2026-07-06,envio
C-00174,K-09,2026-07-07,envio
C-00174,K-09,2026-07-07,apertura
C-00187,K-02,2026-07-07,envio
C-00472,K-14,2026-07-07,envio
C-00500,K-11,2026-07-07,envio
C-00500,K-11,2026-07-07,apertura
C-00500,K-11,2026-07-07,clic
C-00697,K-14,2026-07-07,envio
C-00710,K-01,2026-07-07,envio
C-00715,K-04,2026-07-07,envio
C-00745,K-13,2026-07-07,envio
C-00978,K-08,2026-07-07,envio
C-01086,K-14,2026-07-07,envio
C-01086,K-14,2026-07-07,apertura
C-01135,K-14,2026-07-07,envio
C-01135,K-14,2026-07-07,apertura
C-01135,K-14,2026-07-07,clic
C-01182,K-07,2026-07-07,envio
C-01182,K-07,2026-07-07,apertura
C-01259,K-14,2026-07-07,envio
C-01292,K-05,2026-07-07,envio
C-01303,K-07,2026-07-07,envio
C-01303,K-07,2026-07-07,apertura
C-01323,K-02,2026-07-07,envio
C-01402,K-02,2026-07-07,envio
C-01474,K-10,2026-07-07,envio
C-01474,K-10,2026-07-07,apertura
C-01474,K-10,2026-07-07,queja
C-00153,K-14,2026-07-08,envio
C-00153,K-14,2026-07-08,apertura
C-00153,K-14,2026-07-08,clic
C-00156,K-14,2026-07-08,envio
C-00293,K-14,2026-07-08,envio
C-00320,K-14,2026-07-08,envio
C-00383,K-14,2026-07-08,envio
C-00383,K-14,2026-07-08,apertura
C-00488,K-14,2026-07-08,envio
C-00558,K-14,2026-07-08,envio
C-00669,K-06,2026-07-08,envio
C-00669,K-06,2026-07-08,apertura
C-00762,K-14,2026-07-08,envio
C-00762,K-14,2026-07-08,apertura
C-00762,K-14,2026-07-08,clic
C-00796,K-01,2026-07-08,envio
C-00816,K-02,2026-07-08,envio
C-00937,K-14,2026-07-08,envio
C-00937,K-14,2026-07-08,apertura
C-01011,K-14,2026-07-08,envio
C-01011,K-14,2026-07-08,apertura
C-01097,K-14,2026-07-08,envio
C-01097,K-14,2026-07-08,apertura
C-01099,K-14,2026-07-08,envio
C-01139,K-08,2026-07-08,envio
C-01169,K-08,2026-07-08,envio
C-01246,K-14,2026-07-08,envio
C-01384,K-14,2026-07-08,envio
C-01430,K-14,2026-07-08,envio
C-01430,K-14,2026-07-08,apertura
C-01432,K-09,2026-07-08,envio
C-01432,K-09,2026-07-08,apertura
C-01444,K-14,2026-07-08,envio
C-00042,K-14,2026-07-09,envio
C-00042,K-14,2026-07-09,apertura
C-00064,K-01,2026-07-09,envio
C-00064,K-01,2026-07-09,apertura
C-00162,K-14,2026-07-09,envio
C-00377,K-01,2026-07-09,envio
C-00377,K-02,2026-07-09,envio
C-00378,K-12,2026-07-09,envio
C-00378,K-12,2026-07-09,apertura
C-00500,K-11,2026-07-09,canje
C-00567,K-14,2026-07-09,envio
C-00590,K-09,2026-07-09,envio
C-00590,K-09,2026-07-09,apertura
C-00621,K-13,2026-07-09,envio
C-00621,K-13,2026-07-09,apertura
C-00643,K-13,2026-07-09,envio
C-00726,K-13,2026-07-09,envio
C-00973,K-14,2026-07-09,envio
C-00973,K-14,2026-07-09,apertura
C-00978,K-09,2026-07-09,envio
C-00978,K-09,2026-07-09,apertura
C-00978,K-09,2026-07-09,clic
C-01035,K-14,2026-07-09,envio
C-01035,K-14,2026-07-09,apertura
C-01136,K-14,2026-07-09,envio
C-01136,K-14,2026-07-09,apertura
C-01170,K-14,2026-07-09,envio
C-01170,K-14,2026-07-09,apertura
C-01270,K-07,2026-07-09,envio
C-01281,K-14,2026-07-09,envio
C-01281,K-14,2026-07-09,apertura
C-01387,K-14,2026-07-09,envio
C-01387,K-14,2026-07-09,apertura
C-01483,K-13,2026-07-09,envio
C-01483,K-13,2026-07-09,apertura
C-00086,K-06,2026-07-10,envio
C-00231,K-01,2026-07-10,envio
C-00231,K-01,2026-07-10,apertura
C-00268,K-14,2026-07-10,envio
C-00314,K-14,2026-07-10,envio
C-00362,K-14,2026-07-10,envio
C-00373,K-12,2026-07-10,envio
C-00402,K-10,2026-07-10,envio
C-00402,K-10,2026-07-10,apertura
C-00437,K-01,2026-07-10,envio
C-00572,K-14,2026-07-10,envio
C-00572,K-14,2026-07-10,apertura
C-00763,K-09,2026-07-10,envio
C-00763,K-09,2026-07-10,apertura
C-00763,K-09,2026-07-10,clic
C-00843,K-08,2026-07-10,envio
C-00856,K-01,2026-07-10,envio
C-00856,K-01,2026-07-10,apertura
C-00892,K-12,2026-07-10,envio
C-00892,K-12,2026-07-10,apertura
C-00950,K-01,2026-07-10,envio
C-00964,K-01,2026-07-10,envio
C-01073,K-11,2026-07-10,envio
C-01073,K-11,2026-07-10,apertura
C-01073,K-11,2026-07-10,clic
C-01290,K-14,2026-07-10,envio
C-01290,K-14,2026-07-10,apertura
C-01290,K-14,2026-07-10,clic
C-01305,K-08,2026-07-10,envio
C-01437,K-01,2026-07-10,envio
C-00187,K-10,2026-07-11,envio
C-00285,K-14,2026-07-11,envio
C-00289,K-14,2026-07-11,envio
C-00323,K-07,2026-07-11,envio
C-00323,K-07,2026-07-11,apertura
C-00376,K-02,2026-07-11,envio
C-00376,K-02,2026-07-11,apertura
C-00376,K-02,2026-07-11,clic
C-00584,K-14,2026-07-11,envio
C-00714,K-06,2026-07-11,envio
C-00714,K-06,2026-07-11,apertura
C-00825,K-02,2026-07-11,envio
C-00825,K-02,2026-07-11,apertura
C-00839,K-05,2026-07-11,envio
C-00839,K-05,2026-07-11,apertura
C-00954,K-01,2026-07-11,envio
C-00954,K-01,2026-07-11,apertura
C-01190,K-14,2026-07-11,envio
C-01191,K-01,2026-07-11,envio
C-01277,K-02,2026-07-11,envio
C-01364,K-11,2026-07-11,envio
C-00007,K-14,2026-07-12,envio
C-00007,K-14,2026-07-12,apertura
C-00058,K-14,2026-07-12,envio
C-00202,K-14,2026-07-12,envio
C-00202,K-14,2026-07-12,apertura
C-00246,K-01,2026-07-12,envio
C-00261,K-07,2026-07-12,envio
C-00281,K-12,2026-07-12,envio
C-00281,K-12,2026-07-12,apertura
C-00434,K-07,2026-07-12,envio
C-00447,K-03,2026-07-12,envio
C-00447,K-03,2026-07-12,apertura
C-00511,K-14,2026-07-12,envio
C-00511,K-14,2026-07-12,apertura
C-00627,K-10,2026-07-12,envio
C-00627,K-10,2026-07-12,apertura
C-00707,K-14,2026-07-12,envio
C-00756,K-14,2026-07-12,envio
C-00756,K-14,2026-07-12,apertura
C-00766,K-10,2026-07-12,envio
C-00826,K-12,2026-07-12,envio
C-00950,K-04,2026-07-12,envio
C-00971,K-14,2026-07-12,envio
C-00999,K-02,2026-07-12,envio
C-00999,K-02,2026-07-12,apertura
C-01075,K-14,2026-07-12,envio
C-01330,K-02,2026-07-12,envio
C-01400,K-05,2026-07-12,envio
C-01431,K-01,2026-07-12,envio
C-01468,K-12,2026-07-12,envio
C-01468,K-12,2026-07-12,apertura
C-00036,K-04,2026-07-13,envio
C-00036,K-04,2026-07-13,apertura
C-00036,K-04,2026-07-13,clic
C-00564,K-14,2026-07-13,envio
C-00846,K-10,2026-07-13,envio
C-00846,K-10,2026-07-13,apertura
C-00909,K-01,2026-07-13,envio
C-00946,K-09,2026-07-13,envio
C-00948,K-13,2026-07-13,envio
C-00948,K-13,2026-07-13,apertura
C-00948,K-13,2026-07-13,clic
C-00966,K-01,2026-07-13,envio
C-00992,K-14,2026-07-13,envio
C-01000,K-09,2026-07-13,envio
C-01000,K-09,2026-07-13,apertura
C-01000,K-09,2026-07-13,clic
C-01029,K-10,2026-07-13,envio
C-01191,K-13,2026-07-13,envio
C-01191,K-13,2026-07-13,apertura
C-01243,K-13,2026-07-13,envio
C-01283,K-14,2026-07-13,envio
C-01349,K-03,2026-07-13,envio
C-01349,K-03,2026-07-13,apertura
C-01360,K-14,2026-07-13,envio
C-00050,K-13,2026-07-14,envio
C-00050,K-13,2026-07-14,apertura
C-00180,K-14,2026-07-14,envio
C-00180,K-14,2026-07-14,apertura
C-00180,K-14,2026-07-14,clic
C-00210,K-10,2026-07-14,envio
C-00210,K-10,2026-07-14,apertura
C-00255,K-14,2026-07-14,envio
C-00303,K-14,2026-07-14,envio
C-00411,K-14,2026-07-14,envio
C-00411,K-14,2026-07-14,apertura
C-00550,K-14,2026-07-14,envio
C-00550,K-14,2026-07-14,apertura
C-00657,K-14,2026-07-14,envio
C-00702,K-12,2026-07-14,envio
C-00702,K-12,2026-07-14,apertura
C-00702,K-12,2026-07-14,clic
C-00781,K-09,2026-07-14,envio
C-00781,K-09,2026-07-14,apertura
C-00931,K-02,2026-07-14,envio
C-01010,K-01,2026-07-14,envio
C-01026,K-14,2026-07-14,envio
C-01026,K-14,2026-07-14,apertura
C-01119,K-14,2026-07-14,envio
C-01119,K-14,2026-07-14,apertura
C-01127,K-09,2026-07-14,envio
C-01188,K-08,2026-07-14,envio
C-01209,K-10,2026-07-14,envio
C-01223,K-14,2026-07-14,envio
C-01414,K-13,2026-07-14,envio
C-01414,K-13,2026-07-14,apertura
C-00009,K-14,2026-07-15,envio
C-00161,K-01,2026-07-15,envio
C-00281,K-01,2026-07-15,envio
C-00331,K-14,2026-07-15,envio
C-00331,K-14,2026-07-15,apertura
C-00331,K-14,2026-07-15,clic
C-00349,K-09,2026-07-15,envio
C-00349,K-09,2026-07-15,apertura
C-00368,K-14,2026-07-15,envio
C-00368,K-14,2026-07-15,apertura
C-00403,K-14,2026-07-15,envio
C-00463,K-01,2026-07-15,envio
C-00463,K-01,2026-07-15,apertura
C-00525,K-08,2026-07-15,envio
C-00611,K-14,2026-07-15,envio
C-00639,K-10,2026-07-15,envio
C-00639,K-10,2026-07-15,apertura
C-00736,K-09,2026-07-15,envio
C-00736,K-09,2026-07-15,apertura
C-00781,K-08,2026-07-15,envio
C-00781,K-08,2026-07-15,apertura
C-00795,K-14,2026-07-15,envio
C-00823,K-14,2026-07-15,envio
C-00823,K-14,2026-07-15,apertura
C-00823,K-14,2026-07-15,clic
C-00883,K-14,2026-07-15,envio
C-00893,K-14,2026-07-15,envio
C-01006,K-10,2026-07-15,envio
C-01006,K-10,2026-07-15,apertura
C-01053,K-14,2026-07-15,envio
C-01082,K-13,2026-07-15,envio
C-01209,K-11,2026-07-15,envio
C-01285,K-12,2026-07-15,envio
C-01285,K-12,2026-07-15,apertura
C-01290,K-11,2026-07-15,envio
C-01355,K-09,2026-07-15,envio
C-01403,K-13,2026-07-15,envio
C-01403,K-13,2026-07-15,apertura
C-01414,K-04,2026-07-15,envio
C-01414,K-04,2026-07-15,apertura
C-00034,K-14,2026-07-16,envio
C-00089,K-14,2026-07-16,envio
C-00089,K-14,2026-07-16,apertura
C-00102,K-14,2026-07-16,envio
C-00113,K-02,2026-07-16,envio
C-00201,K-09,2026-07-16,envio
C-00201,K-09,2026-07-16,apertura
C-00294,K-04,2026-07-16,envio
C-00386,K-14,2026-07-16,envio
C-00422,K-01,2026-07-16,envio
C-00474,K-08,2026-07-16,envio
C-00480,K-04,2026-07-16,envio
C-00480,K-04,2026-07-16,apertura
C-00579,K-05,2026-07-16,envio
C-00579,K-05,2026-07-16,apertura
C-00579,K-05,2026-07-16,clic
C-00732,K-07,2026-07-16,envio
C-00814,K-12,2026-07-16,envio
C-00842,K-02,2026-07-16,envio
C-00842,K-02,2026-07-16,apertura
C-00846,K-12,2026-07-16,envio
C-00846,K-12,2026-07-16,apertura
C-00856,K-05,2026-07-16,envio
C-00895,K-14,2026-07-16,envio
C-00982,K-04,2026-07-16,envio
C-01036,K-14,2026-07-16,envio
C-01267,K-05,2026-07-16,envio
C-01337,K-13,2026-07-16,envio
C-01372,K-10,2026-07-16,envio
C-01387,K-01,2026-07-16,envio
C-01387,K-01,2026-07-16,apertura
C-01474,K-09,2026-07-16,envio
C-01474,K-09,2026-07-16,apertura
C-00038,K-09,2026-07-17,envio
C-00092,K-14,2026-07-17,envio
C-00152,K-14,2026-07-17,envio
C-00275,K-01,2026-07-17,envio
C-00334,K-14,2026-07-17,envio
C-00334,K-14,2026-07-17,apertura
C-00434,K-12,2026-07-17,envio
C-00483,K-10,2026-07-17,envio
C-00483,K-10,2026-07-17,apertura
C-00483,K-10,2026-07-17,clic
C-00759,K-01,2026-07-17,envio
C-00824,K-06,2026-07-17,envio
C-00827,K-05,2026-07-17,envio
C-00827,K-05,2026-07-17,apertura
C-00843,K-07,2026-07-17,envio
C-00843,K-07,2026-07-17,apertura
C-00843,K-07,2026-07-17,clic
C-00864,K-10,2026-07-17,envio
C-00903,K-13,2026-07-17,envio
C-00903,K-13,2026-07-17,apertura
C-00903,K-13,2026-07-17,clic
C-00912,K-04,2026-07-17,envio
C-00912,K-04,2026-07-17,apertura
C-00954,K-10,2026-07-17,envio
C-01135,K-10,2026-07-17,envio
C-01135,K-10,2026-07-17,apertura
C-01135,K-10,2026-07-17,clic
C-01152,K-14,2026-07-17,envio
C-01152,K-14,2026-07-17,apertura
C-01160,K-14,2026-07-17,envio
C-01197,K-09,2026-07-17,envio
C-01233,K-09,2026-07-17,envio
C-01333,K-01,2026-07-17,envio
C-01333,K-01,2026-07-17,apertura
C-01333,K-01,2026-07-17,clic
C-01465,K-07,2026-07-17,envio
C-00047,K-02,2026-07-18,envio
C-00047,K-02,2026-07-18,apertura
C-00047,K-02,2026-07-18,clic
C-00115,K-14,2026-07-18,envio
C-00115,K-14,2026-07-18,apertura
C-00275,K-06,2026-07-18,envio
C-00297,K-02,2026-07-18,envio
C-00306,K-02,2026-07-18,envio
C-00306,K-02,2026-07-18,apertura
C-00306,K-02,2026-07-18,clic
C-00382,K-13,2026-07-18,envio
C-00701,K-13,2026-07-18,envio
C-00701,K-13,2026-07-18,apertura
C-00715,K-14,2026-07-18,envio
C-00743,K-02,2026-07-18,envio
C-00782,K-14,2026-07-18,envio
C-00782,K-14,2026-07-18,apertura
C-00782,K-14,2026-07-18,clic
C-00792,K-05,2026-07-18,envio
C-00938,K-08,2026-07-18,envio
C-00975,K-14,2026-07-18,envio
C-01071,K-14,2026-07-18,envio
C-01071,K-14,2026-07-18,apertura
C-01072,K-02,2026-07-18,envio
C-01072,K-02,2026-07-18,apertura
C-01139,K-07,2026-07-18,envio
C-01139,K-07,2026-07-18,apertura
C-01139,K-07,2026-07-18,clic
C-01169,K-10,2026-07-18,envio
C-01353,K-14,2026-07-18,envio
C-01459,K-01,2026-07-18,envio
C-01486,K-13,2026-07-18,envio
C-00013,K-05,2026-07-19,envio
C-00095,K-14,2026-07-19,envio
C-00114,K-14,2026-07-19,envio
C-00142,K-14,2026-07-19,envio
C-00175,K-14,2026-07-19,envio
C-00184,K-14,2026-07-19,envio
C-00227,K-02,2026-07-19,envio
C-00227,K-02,2026-07-19,apertura
C-00249,K-08,2026-07-19,envio
C-00337,K-06,2026-07-19,envio
C-00462,K-01,2026-07-19,envio
C-00634,K-07,2026-07-19,envio
C-00710,K-13,2026-07-19,envio
C-00740,K-14,2026-07-19,envio
C-00740,K-14,2026-07-19,apertura
C-00822,K-14,2026-07-19,envio
C-00822,K-14,2026-07-19,apertura
C-00868,K-14,2026-07-19,envio
C-00868,K-14,2026-07-19,apertura
C-00929,K-14,2026-07-19,envio
C-00929,K-14,2026-07-19,apertura
C-00929,K-14,2026-07-19,clic
C-00994,K-14,2026-07-19,envio
C-00994,K-14,2026-07-19,apertura
C-00994,K-14,2026-07-19,clic
C-01042,K-01,2026-07-19,envio
C-01042,K-01,2026-07-19,apertura
C-01073,K-13,2026-07-19,envio
C-01179,K-14,2026-07-19,envio
C-01182,K-09,2026-07-19,envio
C-01194,K-08,2026-07-19,envio
C-01239,K-12,2026-07-19,envio
C-01308,K-14,2026-07-19,envio
C-01308,K-14,2026-07-19,apertura
C-01366,K-02,2026-07-19,envio
C-01385,K-14,2026-07-19,envio
C-01385,K-14,2026-07-19,apertura
C-01385,K-14,2026-07-19,clic
C-01490,K-07,2026-07-19,envio
C-00014,K-07,2026-07-20,envio
C-00240,K-07,2026-07-20,envio
C-00240,K-07,2026-07-20,apertura
C-00298,K-10,2026-07-20,envio
C-00298,K-10,2026-07-20,apertura
C-00321,K-10,2026-07-20,envio
C-00335,K-13,2026-07-20,envio
C-00414,K-14,2026-07-20,envio
C-00414,K-14,2026-07-20,apertura
C-00414,K-14,2026-07-20,clic
C-00562,K-14,2026-07-20,envio
C-00562,K-14,2026-07-20,apertura
C-00562,K-14,2026-07-20,clic
C-00604,K-13,2026-07-20,envio
C-00612,K-14,2026-07-20,envio
C-00637,K-01,2026-07-20,envio
C-00641,K-14,2026-07-20,envio
C-00641,K-14,2026-07-20,apertura
C-00764,K-08,2026-07-20,envio
C-00808,K-07,2026-07-20,envio
C-00868,K-01,2026-07-20,envio
C-01102,K-01,2026-07-20,envio
C-01256,K-02,2026-07-20,envio
C-01409,K-08,2026-07-20,envio
C-01462,K-01,2026-07-20,envio
C-01471,K-05,2026-07-20,envio
C-00116,K-14,2026-07-21,envio
C-00132,K-05,2026-07-21,envio
C-00132,K-05,2026-07-21,apertura
C-00132,K-05,2026-07-21,clic
C-00189,K-13,2026-07-21,envio
C-00232,K-14,2026-07-21,envio
C-00344,K-08,2026-07-21,envio
C-00344,K-08,2026-07-21,apertura
C-00363,K-06,2026-07-21,envio
C-00363,K-06,2026-07-21,apertura
C-00445,K-14,2026-07-21,envio
C-00486,K-14,2026-07-21,envio
C-00505,K-01,2026-07-21,envio
C-00505,K-01,2026-07-21,apertura
C-00570,K-02,2026-07-21,envio
C-00703,K-12,2026-07-21,envio
C-00916,K-04,2026-07-21,envio
C-00916,K-13,2026-07-21,envio
C-00916,K-13,2026-07-21,apertura
C-01064,K-09,2026-07-21,envio
C-01070,K-13,2026-07-21,envio
C-01084,K-02,2026-07-21,envio
C-01133,K-14,2026-07-21,envio
C-01141,K-09,2026-07-21,envio
C-01141,K-09,2026-07-21,apertura
C-01150,K-14,2026-07-21,envio
C-01162,K-14,2026-07-21,envio
C-01169,K-12,2026-07-21,envio
C-01197,K-08,2026-07-21,envio
C-01197,K-08,2026-07-21,apertura
C-01298,K-08,2026-07-21,envio
C-01315,K-14,2026-07-21,envio
C-01386,K-07,2026-07-21,envio
C-01417,K-04,2026-07-21,envio
C-01429,K-13,2026-07-21,envio
C-01429,K-13,2026-07-21,apertura
C-01429,K-13,2026-07-21,clic
C-01486,K-02,2026-07-21,envio
C-01486,K-02,2026-07-21,apertura
C-01499,K-14,2026-07-21,envio
C-00029,K-03,2026-07-22,envio
C-00060,K-02,2026-07-22,envio
C-00077,K-01,2026-07-22,envio
C-00077,K-01,2026-07-22,apertura
C-00077,K-01,2026-07-22,clic
C-00125,K-13,2026-07-22,envio
C-00134,K-08,2026-07-22,envio
C-00134,K-08,2026-07-22,apertura
C-00134,K-08,2026-07-22,clic
C-00207,K-05,2026-07-22,envio
C-00207,K-05,2026-07-22,apertura
C-00207,K-05,2026-07-22,clic
C-00242,K-14,2026-07-22,envio
C-00245,K-14,2026-07-22,envio
C-00261,K-12,2026-07-22,envio
C-00315,K-14,2026-07-22,envio
C-00455,K-08,2026-07-22,envio
C-00493,K-14,2026-07-22,envio
C-00493,K-14,2026-07-22,apertura
C-00501,K-12,2026-07-22,envio
C-00501,K-12,2026-07-22,apertura
C-00518,K-14,2026-07-22,envio
C-00518,K-14,2026-07-22,apertura
C-00518,K-14,2026-07-22,clic
C-00595,K-14,2026-07-22,envio
C-00627,K-09,2026-07-22,envio
C-00627,K-09,2026-07-22,apertura
C-00627,K-09,2026-07-22,clic
C-00685,K-12,2026-07-22,envio
C-00685,K-12,2026-07-22,apertura
C-00744,K-14,2026-07-22,envio
C-01013,K-08,2026-07-22,envio
C-01091,K-14,2026-07-22,envio
C-01184,K-13,2026-07-22,envio
C-01184,K-13,2026-07-22,apertura
C-01184,K-13,2026-07-22,clic
C-01215,K-01,2026-07-22,envio
C-01250,K-14,2026-07-22,envio
C-01250,K-14,2026-07-22,apertura
C-01258,K-14,2026-07-22,envio
C-01296,K-14,2026-07-22,envio
C-01398,K-01,2026-07-22,envio
C-01398,K-01,2026-07-22,apertura
C-01433,K-14,2026-07-22,envio
C-01474,K-08,2026-07-22,envio
C-00048,K-01,2026-07-23,envio
C-00100,K-12,2026-07-23,envio
C-00100,K-12,2026-07-23,apertura
C-00100,K-12,2026-07-23,clic
C-00132,K-05,2026-07-23,inscripcion
C-00136,K-13,2026-07-23,envio
C-00136,K-13,2026-07-23,apertura
C-00427,K-12,2026-07-23,envio
C-00427,K-12,2026-07-23,apertura
C-00650,K-14,2026-07-23,envio
C-00695,K-07,2026-07-23,envio
C-00695,K-07,2026-07-23,apertura
C-00695,K-07,2026-07-23,clic
C-00698,K-14,2026-07-23,envio
C-00698,K-14,2026-07-23,apertura
C-00819,K-07,2026-07-23,envio
C-00819,K-07,2026-07-23,apertura
C-00912,K-01,2026-07-23,envio
C-00982,K-14,2026-07-23,envio
C-01106,K-05,2026-07-23,envio
C-01145,K-02,2026-07-23,envio
C-01145,K-02,2026-07-23,apertura
C-01145,K-02,2026-07-23,clic
C-01186,K-03,2026-07-23,envio
C-01186,K-03,2026-07-23,apertura
C-01186,K-03,2026-07-23,clic
C-01194,K-09,2026-07-23,envio
C-01290,K-02,2026-07-23,envio
C-01309,K-14,2026-07-23,envio
C-01323,K-14,2026-07-23,envio
C-01323,K-14,2026-07-23,apertura
C-01323,K-14,2026-07-23,clic
C-01382,K-14,2026-07-23,envio
C-01386,K-14,2026-07-23,envio
C-01421,K-01,2026-07-23,envio
C-01421,K-01,2026-07-23,apertura
C-01421,K-01,2026-07-23,clic
C-01465,K-10,2026-07-23,envio
C-01495,K-14,2026-07-23,envio
C-01495,K-14,2026-07-23,apertura
C-00191,K-07,2026-07-24,envio
C-00237,K-06,2026-07-24,envio
C-00339,K-14,2026-07-24,envio
C-00339,K-14,2026-07-24,apertura
C-00339,K-14,2026-07-24,clic
C-00800,K-05,2026-07-24,envio
C-00800,K-05,2026-07-24,apertura
C-00832,K-08,2026-07-24,envio
C-00836,K-12,2026-07-24,envio
C-00836,K-12,2026-07-24,apertura
C-00836,K-12,2026-07-24,clic
C-00934,K-01,2026-07-24,envio
C-00966,K-14,2026-07-24,envio
C-00966,K-14,2026-07-24,apertura
C-01112,K-09,2026-07-24,envio
C-01123,K-14,2026-07-24,envio
C-01158,K-14,2026-07-24,envio
C-01158,K-14,2026-07-24,apertura
C-01158,K-14,2026-07-24,clic
C-01305,K-09,2026-07-24,envio
C-01499,K-01,2026-07-24,envio
C-00036,K-13,2026-07-25,envio
C-00038,K-12,2026-07-25,envio
C-00109,K-14,2026-07-25,envio
C-00109,K-14,2026-07-25,apertura
C-00109,K-14,2026-07-25,clic
C-00185,K-14,2026-07-25,envio
C-00214,K-12,2026-07-25,envio
C-00225,K-03,2026-07-25,envio
C-00225,K-03,2026-07-25,apertura
C-00304,K-14,2026-07-25,envio
C-00304,K-14,2026-07-25,apertura
C-00413,K-14,2026-07-25,envio
C-00413,K-14,2026-07-25,apertura
C-00489,K-13,2026-07-25,envio
C-00615,K-14,2026-07-25,envio
C-00615,K-14,2026-07-25,apertura
C-00615,K-14,2026-07-25,clic
C-00775,K-14,2026-07-25,envio
C-00829,K-02,2026-07-25,envio
C-00829,K-02,2026-07-25,apertura
C-00829,K-02,2026-07-25,clic
C-00846,K-09,2026-07-25,envio
C-00849,K-03,2026-07-25,envio
C-00849,K-03,2026-07-25,apertura
C-00868,K-02,2026-07-25,envio
C-00879,K-14,2026-07-25,envio
C-00964,K-14,2026-07-25,envio
C-00976,K-14,2026-07-25,envio
C-00976,K-14,2026-07-25,apertura
C-01047,K-14,2026-07-25,envio
C-01047,K-14,2026-07-25,apertura
C-01067,K-14,2026-07-25,envio
C-01166,K-09,2026-07-25,envio
C-01166,K-09,2026-07-25,apertura
C-01168,K-14,2026-07-25,envio
C-01253,K-02,2026-07-25,envio
C-01295,K-02,2026-07-25,envio
C-01295,K-02,2026-07-25,apertura
C-01295,K-02,2026-07-25,clic
C-01408,K-10,2026-07-25,envio
C-00003,K-08,2026-07-26,envio
C-00039,K-12,2026-07-26,envio
C-00063,K-14,2026-07-26,envio
C-00073,K-14,2026-07-26,envio
C-00073,K-14,2026-07-26,apertura
C-00164,K-14,2026-07-26,envio
C-00392,K-14,2026-07-26,envio
C-00392,K-14,2026-07-26,apertura
C-00392,K-14,2026-07-26,clic
C-00526,K-01,2026-07-26,envio
C-00715,K-13,2026-07-26,envio
C-00715,K-13,2026-07-26,apertura
C-00727,K-11,2026-07-26,envio
C-00727,K-11,2026-07-26,apertura
C-00873,K-14,2026-07-26,envio
C-00873,K-14,2026-07-26,apertura
C-00876,K-13,2026-07-26,envio
C-00903,K-04,2026-07-26,envio
C-01028,K-14,2026-07-26,envio
C-01028,K-14,2026-07-26,apertura
C-01120,K-02,2026-07-26,envio
C-01203,K-14,2026-07-26,envio
C-01217,K-10,2026-07-26,envio
C-01217,K-10,2026-07-26,apertura
C-01355,K-08,2026-07-26,envio
C-01369,K-11,2026-07-26,envio
C-01409,K-07,2026-07-26,envio
C-01475,K-14,2026-07-26,envio
C-01475,K-14,2026-07-26,apertura
C-00035,K-06,2026-07-27,envio
C-00035,K-06,2026-07-27,apertura
C-00035,K-06,2026-07-27,clic
C-00205,K-08,2026-07-27,envio
C-00323,K-14,2026-07-27,envio
C-00353,K-01,2026-07-27,envio
C-00490,K-03,2026-07-27,envio
C-00608,K-08,2026-07-27,envio
C-00754,K-12,2026-07-27,envio
C-00754,K-12,2026-07-27,apertura
C-00754,K-12,2026-07-27,clic
C-00804,K-14,2026-07-27,envio
C-00804,K-14,2026-07-27,apertura
C-00804,K-14,2026-07-27,clic
C-00900,K-14,2026-07-27,envio
C-00909,K-14,2026-07-27,envio
C-00910,K-01,2026-07-27,envio
C-00925,K-14,2026-07-27,envio
C-00925,K-14,2026-07-27,apertura
C-00959,K-14,2026-07-27,envio
C-00983,K-14,2026-07-27,envio
C-00983,K-14,2026-07-27,apertura
C-01022,K-14,2026-07-27,envio
C-01041,K-14,2026-07-27,envio
C-01074,K-14,2026-07-27,envio
C-01081,K-12,2026-07-27,envio
C-01081,K-12,2026-07-27,apertura
C-01081,K-12,2026-07-27,clic
C-01096,K-10,2026-07-27,envio
C-01120,K-13,2026-07-27,envio
C-01160,K-13,2026-07-27,envio
C-01228,K-14,2026-07-27,envio
C-01332,K-14,2026-07-27,envio
C-01336,K-05,2026-07-27,envio
C-01336,K-05,2026-07-27,apertura
C-01394,K-09,2026-07-27,envio
C-01394,K-09,2026-07-27,apertura
C-00031,K-04,2026-07-30,envio
C-00031,K-04,2026-07-30,apertura
C-00031,K-04,2026-07-30,clic
C-00042,K-14,2026-07-30,envio
C-00152,K-14,2026-07-30,envio
C-00152,K-14,2026-07-30,apertura
C-00215,K-06,2026-07-30,envio
C-00237,K-13,2026-07-30,envio
C-00240,K-07,2026-07-30,envio
C-00285,K-14,2026-07-30,envio
C-00298,K-12,2026-07-30,envio
C-00298,K-12,2026-07-30,apertura
C-00298,K-12,2026-07-30,clic
C-00316,K-14,2026-07-30,envio
C-00316,K-14,2026-07-30,apertura
C-00316,K-14,2026-07-30,clic
C-00461,K-14,2026-07-30,envio
C-00505,K-13,2026-07-30,envio
C-00841,K-14,2026-07-30,envio
C-00856,K-13,2026-07-30,envio
C-00895,K-14,2026-07-30,envio
C-00895,K-14,2026-07-30,apertura
C-00905,K-12,2026-07-30,envio
C-00916,K-13,2026-07-30,envio
C-01029,K-11,2026-07-30,envio
C-01082,K-14,2026-07-30,envio
C-01082,K-14,2026-07-30,apertura
C-01323,K-14,2026-07-30,envio
C-01334,K-12,2026-07-30,envio
C-01380,K-09,2026-07-30,envio
C-00003,K-08,2026-07-31,envio
C-00062,K-14,2026-07-31,envio
C-00062,K-14,2026-07-31,apertura
C-00083,K-14,2026-07-31,envio
C-00343,K-05,2026-07-31,envio
C-00486,K-14,2026-07-31,envio
C-00486,K-14,2026-07-31,apertura
C-00500,K-10,2026-07-31,envio
C-00511,K-14,2026-07-31,envio
C-00511,K-14,2026-07-31,apertura
C-00617,K-14,2026-07-31,envio
C-00646,K-01,2026-07-31,envio
C-00766,K-12,2026-07-31,envio
C-00766,K-12,2026-07-31,apertura
C-00820,K-09,2026-07-31,envio
C-00832,K-09,2026-07-31,envio
C-00837,K-01,2026-07-31,envio
C-00882,K-01,2026-07-31,envio
C-01013,K-12,2026-07-31,envio
C-01013,K-12,2026-07-31,apertura
C-01389,K-12,2026-07-31,envio
C-01389,K-12,2026-07-31,apertura
C-01444,K-10,2026-07-31,envio
C-01446,K-14,2026-07-31,envio
C-01465,K-09,2026-07-31,envio
C-01465,K-09,2026-07-31,apertura
C-00001,K-01,2026-08-01,envio
C-00029,K-12,2026-08-01,envio
C-00180,K-14,2026-08-01,envio
C-00191,K-08,2026-08-01,envio
C-00278,K-02,2026-08-01,envio
C-00278,K-02,2026-08-01,apertura
C-00297,K-11,2026-08-01,envio
C-00550,K-12,2026-08-01,envio
C-00580,K-14,2026-08-01,envio
C-00580,K-14,2026-08-01,apertura
C-00580,K-14,2026-08-01,clic
C-00693,K-01,2026-08-01,envio
C-00693,K-01,2026-08-01,apertura
C-00705,K-05,2026-08-01,envio
C-00735,K-12,2026-08-01,envio
C-00735,K-12,2026-08-01,apertura
C-00780,K-14,2026-08-01,envio
C-00780,K-14,2026-08-01,apertura
C-00818,K-02,2026-08-01,envio
C-00837,K-14,2026-08-01,envio
C-01026,K-02,2026-08-01,envio
C-01026,K-02,2026-08-01,apertura
C-01030,K-14,2026-08-01,envio
C-01030,K-14,2026-08-01,apertura
C-01042,K-13,2026-08-01,envio
C-01106,K-05,2026-08-01,envio
C-01181,K-08,2026-08-01,envio
C-01238,K-01,2026-08-01,envio
C-01238,K-01,2026-08-01,apertura
C-01336,K-14,2026-08-01,envio
C-01355,K-10,2026-08-01,envio
C-01418,K-14,2026-08-01,envio
C-01418,K-14,2026-08-01,apertura
C-01418,K-14,2026-08-01,clic
C-00036,K-14,2026-08-02,envio
C-00036,K-14,2026-08-02,apertura
C-00097,K-02,2026-08-02,envio
C-00097,K-02,2026-08-02,apertura
C-00097,K-02,2026-08-02,clic
C-00100,K-08,2026-08-02,envio
C-00100,K-08,2026-08-02,apertura
C-00132,K-05,2026-08-02,envio
C-00132,K-05,2026-08-02,apertura
C-00132,K-05,2026-08-02,clic
C-00136,K-12,2026-08-02,envio
C-00136,K-12,2026-08-02,apertura
C-00272,K-02,2026-08-02,envio
C-00275,K-04,2026-08-02,envio
C-00295,K-02,2026-08-02,envio
C-00343,K-02,2026-08-02,envio
C-00343,K-02,2026-08-02,apertura
C-00452,K-05,2026-08-02,envio
C-00576,K-14,2026-08-02,envio
C-00576,K-14,2026-08-02,apertura
C-00632,K-14,2026-08-02,envio
C-00701,K-04,2026-08-02,envio
C-00816,K-02,2026-08-02,envio
C-00816,K-02,2026-08-02,apertura
C-00876,K-04,2026-08-02,envio
C-00879,K-13,2026-08-02,envio
C-00879,K-13,2026-08-02,apertura
C-00879,K-13,2026-08-02,clic
C-00963,K-10,2026-08-02,envio
C-00986,K-14,2026-08-02,envio
C-00986,K-14,2026-08-02,apertura
C-01169,K-10,2026-08-02,envio
C-01279,K-06,2026-08-02,envio
C-01314,K-07,2026-08-02,envio
C-01334,K-09,2026-08-02,envio
C-01395,K-14,2026-08-02,envio
C-00021,K-01,2026-08-03,envio
C-00171,K-07,2026-08-03,envio
C-00246,K-13,2026-08-03,envio
C-00471,K-12,2026-08-03,envio
C-00607,K-14,2026-08-03,envio
C-00625,K-13,2026-08-03,envio
C-00678,K-14,2026-08-03,envio
C-00693,K-14,2026-08-03,envio
C-00710,K-04,2026-08-03,envio
C-00770,K-08,2026-08-03,envio
C-00844,K-14,2026-08-03,envio
C-00844,K-14,2026-08-03,apertura
C-00844,K-14,2026-08-03,clic
C-00844,K-13,2026-08-03,envio
C-00844,K-13,2026-08-03,apertura
C-00946,K-12,2026-08-03,envio
C-01006,K-10,2026-08-03,envio
C-01006,K-10,2026-08-03,apertura
C-01154,K-02,2026-08-03,envio
C-01217,K-10,2026-08-03,envio
C-01243,K-14,2026-08-03,envio
C-01320,K-04,2026-08-03,envio
C-01457,K-14,2026-08-03,envio
C-01483,K-02,2026-08-03,envio
C-01483,K-02,2026-08-03,apertura
C-00017,K-02,2026-08-04,envio
C-00025,K-14,2026-08-04,envio
C-00025,K-14,2026-08-04,apertura
C-00060,K-02,2026-08-04,envio
C-00094,K-05,2026-08-04,envio
C-00094,K-05,2026-08-04,apertura
C-00112,K-02,2026-08-04,envio
C-00208,K-10,2026-08-04,envio
C-00284,K-14,2026-08-04,envio
C-00427,K-08,2026-08-04,envio
C-00444,K-07,2026-08-04,envio
C-00465,K-05,2026-08-04,envio
C-00525,K-09,2026-08-04,envio
C-00533,K-01,2026-08-04,envio
C-00597,K-13,2026-08-04,envio
C-00920,K-02,2026-08-04,envio
C-00920,K-02,2026-08-04,apertura
C-00945,K-11,2026-08-04,envio
C-00945,K-11,2026-08-04,apertura
C-00945,K-11,2026-08-04,clic
C-00978,K-08,2026-08-04,envio
C-01129,K-01,2026-08-04,envio
C-01165,K-14,2026-08-04,envio
C-01204,K-09,2026-08-04,envio
C-01232,K-14,2026-08-04,envio
C-01309,K-13,2026-08-04,envio
C-01338,K-02,2026-08-04,envio
C-01338,K-02,2026-08-04,apertura
C-01386,K-14,2026-08-04,envio
C-01420,K-01,2026-08-04,envio
C-01439,K-14,2026-08-04,envio
C-01468,K-09,2026-08-04,envio
C-01468,K-09,2026-08-04,apertura
C-01468,K-09,2026-08-04,clic
C-01484,K-09,2026-08-04,envio
C-00022,K-06,2026-08-05,envio
C-00165,K-14,2026-08-05,envio
C-00255,K-13,2026-08-05,envio
C-00261,K-08,2026-08-05,envio
C-00292,K-14,2026-08-05,envio
C-00309,K-12,2026-08-05,envio
C-00402,K-10,2026-08-05,envio
C-00418,K-14,2026-08-05,envio
C-00418,K-14,2026-08-05,apertura
C-00585,K-14,2026-08-05,envio
C-00585,K-14,2026-08-05,apertura
C-00585,K-14,2026-08-05,clic
C-00653,K-13,2026-08-05,envio
C-00653,K-13,2026-08-05,apertura
C-00701,K-14,2026-08-05,envio
C-00705,K-02,2026-08-05,envio
C-00737,K-05,2026-08-05,envio
C-00737,K-05,2026-08-05,apertura
C-00763,K-08,2026-08-05,envio
C-00801,K-07,2026-08-05,envio
C-00845,K-08,2026-08-05,envio
C-00935,K-12,2026-08-05,envio
C-01073,K-11,2026-08-05,envio
C-01107,K-08,2026-08-05,envio
C-01107,K-08,2026-08-05,apertura
C-01169,K-09,2026-08-05,envio
C-01186,K-01,2026-08-05,envio
C-01222,K-12,2026-08-05,envio
C-01222,K-12,2026-08-05,apertura
C-01255,K-14,2026-08-05,envio
C-01307,K-12,2026-08-05,envio
C-01307,K-12,2026-08-05,apertura
C-01307,K-12,2026-08-05,clic
C-01401,K-14,2026-08-05,envio
C-01401,K-14,2026-08-05,apertura
C-01434,K-04,2026-08-05,envio
C-01476,K-05,2026-08-05,envio
C-01488,K-03,2026-08-05,envio
C-00022,K-13,2026-08-06,envio
C-00038,K-08,2026-08-06,envio
C-00038,K-08,2026-08-06,apertura
C-00171,K-14,2026-08-06,envio
C-00232,K-13,2026-08-06,envio
C-00281,K-13,2026-08-06,envio
C-00298,K-09,2026-08-06,envio
C-00298,K-09,2026-08-06,apertura
C-00342,K-10,2026-08-06,envio
C-00342,K-10,2026-08-06,apertura
C-00342,K-10,2026-08-06,clic
C-00364,K-14,2026-08-06,envio
C-00404,K-07,2026-08-06,envio
C-00637,K-13,2026-08-06,envio
C-00670,K-14,2026-08-06,envio
C-00746,K-04,2026-08-06,envio
C-00746,K-04,2026-08-06,apertura
C-00746,K-04,2026-08-06,clic
C-00857,K-13,2026-08-06,envio
C-00893,K-14,2026-08-06,envio
C-00893,K-14,2026-08-06,apertura
C-00893,K-14,2026-08-06,clic
C-00929,K-02,2026-08-06,envio
C-00929,K-02,2026-08-06,apertura
C-00929,K-02,2026-08-06,clic
C-00945,K-11,2026-08-06,canje
C-01065,K-05,2026-08-06,envio
C-01065,K-05,2026-08-06,apertura
C-01065,K-05,2026-08-06,clic
C-01124,K-13,2026-08-06,envio
C-01135,K-11,2026-08-06,envio
C-01159,K-09,2026-08-06,envio
C-01161,K-14,2026-08-06,envio
C-01209,K-10,2026-08-06,envio
C-01329,K-09,2026-08-06,envio
C-01334,K-08,2026-08-06,envio
C-01341,K-14,2026-08-06,envio
C-01349,K-14,2026-08-06,envio
C-01382,K-14,2026-08-06,envio
C-01382,K-14,2026-08-06,apertura
C-01390,K-14,2026-08-06,envio
C-01390,K-14,2026-08-06,apertura
C-01390,K-14,2026-08-06,clic
C-00134,K-08,2026-08-07,envio
C-00139,K-05,2026-08-07,envio
C-00167,K-09,2026-08-07,envio
C-00167,K-09,2026-08-07,apertura
C-00230,K-14,2026-08-07,envio
C-00230,K-14,2026-08-07,apertura
C-00345,K-14,2026-08-07,envio
C-00345,K-14,2026-08-07,apertura
C-00417,K-11,2026-08-07,envio
C-00434,K-10,2026-08-07,envio
C-00434,K-10,2026-08-07,apertura
C-00478,K-01,2026-08-07,envio
C-00478,K-01,2026-08-07,apertura
C-00570,K-01,2026-08-07,envio
C-00570,K-01,2026-08-07,apertura
C-00853,K-14,2026-08-07,envio
C-00853,K-14,2026-08-07,apertura
C-00935,K-10,2026-08-07,envio
C-00946,K-07,2026-08-07,envio
C-00954,K-11,2026-08-07,envio
C-00954,K-11,2026-08-07,apertura
C-00954,K-01,2026-08-07,envio
C-01002,K-09,2026-08-07,envio
C-01031,K-01,2026-08-07,envio
C-01209,K-03,2026-08-07,envio
C-01247,K-08,2026-08-07,envio
C-01274,K-14,2026-08-07,envio
C-01280,K-03,2026-08-07,envio
C-01280,K-03,2026-08-07,apertura
C-01288,K-02,2026-08-07,envio
C-01293,K-14,2026-08-07,envio
C-01309,K-01,2026-08-07,envio
C-01309,K-01,2026-08-07,apertura
C-01358,K-14,2026-08-07,envio
C-01389,K-07,2026-08-07,envio
C-01389,K-07,2026-08-07,apertura
C-01458,K-14,2026-08-07,envio
C-01458,K-14,2026-08-07,apertura
C-01458,K-14,2026-08-07,clic
C-00111,K-13,2026-08-08,envio
C-00111,K-13,2026-08-08,apertura
C-00146,K-14,2026-08-08,envio
C-00146,K-14,2026-08-08,apertura
C-00205,K-12,2026-08-08,envio
C-00205,K-12,2026-08-08,apertura
C-00229,K-05,2026-08-08,envio
C-00229,K-05,2026-08-08,apertura
C-00262,K-14,2026-08-08,envio
C-00262,K-14,2026-08-08,apertura
C-00335,K-06,2026-08-08,envio
C-00539,K-14,2026-08-08,envio
C-00539,K-14,2026-08-08,apertura
C-00539,K-14,2026-08-08,clic
C-00558,K-14,2026-08-08,envio
C-00597,K-01,2026-08-08,envio
C-00685,K-08,2026-08-08,envio
C-00742,K-09,2026-08-08,envio
C-00768,K-03,2026-08-08,envio
C-00768,K-03,2026-08-08,apertura
C-00881,K-10,2026-08-08,envio
C-00964,K-02,2026-08-08,envio
C-00964,K-02,2026-08-08,apertura
C-01005,K-04,2026-08-08,envio
C-01005,K-04,2026-08-08,apertura
C-01005,K-04,2026-08-08,clic
C-01096,K-10,2026-08-08,envio
C-01096,K-10,2026-08-08,apertura
C-01096,K-10,2026-08-08,clic
C-01100,K-08,2026-08-08,envio
C-01145,K-02,2026-08-08,envio
C-01145,K-02,2026-08-08,apertura
C-01256,K-14,2026-08-08,envio
C-01279,K-03,2026-08-08,envio
C-01384,K-14,2026-08-08,envio
C-01384,K-14,2026-08-08,apertura
C-01414,K-06,2026-08-08,envio
C-01442,K-14,2026-08-08,envio
C-00036,K-13,2026-08-09,envio
C-00036,K-13,2026-08-09,apertura
C-00038,K-12,2026-08-09,envio
C-00038,K-12,2026-08-09,apertura
C-00053,K-14,2026-08-09,envio
C-00119,K-01,2026-08-09,envio
C-00119,K-01,2026-08-09,apertura
C-00119,K-01,2026-08-09,clic
C-00164,K-13,2026-08-09,envio
C-00180,K-01,2026-08-09,envio
C-00180,K-01,2026-08-09,apertura
C-00180,K-01,2026-08-09,clic
C-00237,K-14,2026-08-09,envio
C-00351,K-06,2026-08-09,envio
C-00373,K-14,2026-08-09,envio
C-00395,K-13,2026-08-09,envio
C-00432,K-02,2026-08-09,envio
C-00442,K-05,2026-08-09,envio
C-00444,K-12,2026-08-09,envio
C-00590,K-10,2026-08-09,envio
C-00647,K-03,2026-08-09,envio
C-00647,K-03,2026-08-09,apertura
C-00736,K-08,2026-08-09,envio
C-00883,K-02,2026-08-09,envio
C-00923,K-14,2026-08-09,envio
C-00923,K-14,2026-08-09,apertura
C-00933,K-14,2026-08-09,envio
C-00933,K-14,2026-08-09,apertura
C-00933,K-14,2026-08-09,clic
C-00998,K-10,2026-08-09,envio
C-01058,K-03,2026-08-09,envio
C-01072,K-02,2026-08-09,envio
C-01117,K-14,2026-08-09,envio
C-01247,K-10,2026-08-09,envio
C-01247,K-10,2026-08-09,apertura
C-01250,K-14,2026-08-09,envio
C-01256,K-06,2026-08-09,envio
C-01285,K-09,2026-08-09,envio
C-01330,K-14,2026-08-09,envio
C-01366,K-02,2026-08-09,envio
C-00050,K-01,2026-08-10,envio
C-00086,K-06,2026-08-10,envio
C-00136,K-14,2026-08-10,envio
C-00136,K-14,2026-08-10,apertura
C-00360,K-14,2026-08-10,envio
C-00366,K-14,2026-08-10,envio
C-00366,K-14,2026-08-10,apertura
C-00366,K-14,2026-08-10,clic
C-00372,K-11,2026-08-10,envio
C-00372,K-11,2026-08-10,apertura
C-00521,K-13,2026-08-10,envio
C-00521,K-13,2026-08-10,apertura
C-00544,K-05,2026-08-10,envio
C-00552,K-13,2026-08-10,envio
C-00610,K-14,2026-08-10,envio
C-00610,K-14,2026-08-10,apertura
C-00764,K-07,2026-08-10,envio
C-00995,K-14,2026-08-10,envio
C-01023,K-09,2026-08-10,envio
C-01047,K-14,2026-08-10,envio
C-01209,K-14,2026-08-10,envio
C-01291,K-14,2026-08-10,envio
C-01291,K-14,2026-08-10,apertura
C-01408,K-09,2026-08-10,envio
C-00178,K-13,2026-08-11,envio
C-00178,K-13,2026-08-11,apertura
C-00178,K-13,2026-08-11,clic
C-00243,K-02,2026-08-11,envio
C-00249,K-12,2026-08-11,envio
C-00281,K-06,2026-08-11,envio
C-00351,K-13,2026-08-11,envio
C-00363,K-04,2026-08-11,envio
C-00385,K-14,2026-08-11,envio
C-00404,K-09,2026-08-11,envio
C-00404,K-09,2026-08-11,apertura
C-00501,K-12,2026-08-11,envio
C-00501,K-12,2026-08-11,apertura
C-00527,K-14,2026-08-11,envio
C-00749,K-14,2026-08-11,envio
C-00749,K-14,2026-08-11,apertura
C-00837,K-13,2026-08-11,envio
C-00855,K-01,2026-08-11,envio
C-00892,K-14,2026-08-11,envio
C-00974,K-09,2026-08-11,envio
C-00974,K-09,2026-08-11,apertura
C-00990,K-14,2026-08-11,envio
C-01116,K-10,2026-08-11,envio
C-01116,K-10,2026-08-11,apertura
C-01138,K-14,2026-08-11,envio
C-01162,K-14,2026-08-11,envio
C-01214,K-13,2026-08-11,envio
C-01402,K-14,2026-08-11,envio
C-00178,K-14,2026-08-12,envio
C-00178,K-14,2026-08-12,apertura
C-00178,K-14,2026-08-12,clic
C-00201,K-12,2026-08-12,envio
C-00201,K-12,2026-08-12,apertura
C-00249,K-07,2026-08-12,envio
C-00315,K-04,2026-08-12,envio
C-00315,K-04,2026-08-12,apertura
C-00353,K-06,2026-08-12,envio
C-00376,K-05,2026-08-12,envio
C-00376,K-05,2026-08-12,apertura
C-00376,K-05,2026-08-12,clic
C-00470,K-09,2026-08-12,envio
C-00761,K-01,2026-08-12,envio
C-00800,K-05,2026-08-12,envio
C-00821,K-07,2026-08-12,envio
C-00821,K-07,2026-08-12,apertura
C-00934,K-14,2026-08-12,envio
C-01087,K-10,2026-08-12,envio
C-01127,K-08,2026-08-12,envio
C-01227,K-07,2026-08-12,envio
C-01247,K-12,2026-08-12,envio
C-01360,K-04,2026-08-12,envio
C-01390,K-10,2026-08-12,envio
C-01390,K-10,2026-08-12,apertura
C-01486,K-14,2026-08-12,envio
C-01486,K-14,2026-08-12,apertura
C-00001,K-13,2026-08-13,envio
C-00001,K-13,2026-08-13,apertura
C-00109,K-12,2026-08-13,envio
C-00115,K-14,2026-08-13,envio
C-00115,K-14,2026-08-13,apertura
C-00115,K-14,2026-08-13,clic
C-00139,K-02,2026-08-13,envio
C-00139,K-02,2026-08-13,apertura
C-00219,K-13,2026-08-13,envio
C-00219,K-13,2026-08-13,apertura
C-00257,K-14,2026-08-13,envio
C-00312,K-13,2026-08-13,envio
C-00327,K-01,2026-08-13,envio
C-00327,K-01,2026-08-13,apertura
C-00355,K-13,2026-08-13,envio
C-00480,K-02,2026-08-13,envio
C-00484,K-14,2026-08-13,envio
C-00484,K-14,2026-08-13,apertura
C-00501,K-09,2026-08-13,envio
C-00501,K-09,2026-08-13,apertura
C-00531,K-01,2026-08-13,envio
C-00537,K-13,2026-08-13,envio
C-00537,K-13,2026-08-13,apertura
C-00537,K-13,2026-08-13,clic
C-00636,K-14,2026-08-13,envio
C-00658,K-12,2026-08-13,envio
C-00714,K-06,2026-08-13,envio
C-00751,K-14,2026-08-13,envio
C-00751,K-14,2026-08-13,apertura
C-00751,K-14,2026-08-13,clic
C-00858,K-10,2026-08-13,envio
C-00986,K-01,2026-08-13,envio
C-00986,K-01,2026-08-13,apertura
C-01063,K-13,2026-08-13,envio
C-01212,K-14,2026-08-13,envio
C-01279,K-01,2026-08-13,envio
C-01314,K-12,2026-08-13,envio
C-00026,K-14,2026-08-14,envio
C-00026,K-14,2026-08-14,apertura
C-00195,K-14,2026-08-14,envio
C-00211,K-14,2026-08-14,envio
C-00231,K-14,2026-08-14,envio
C-00286,K-14,2026-08-14,envio
C-00376,K-05,2026-08-14,inscripcion
C-00406,K-13,2026-08-14,envio
C-00406,K-13,2026-08-14,apertura
C-00469,K-04,2026-08-14,envio
C-00796,K-13,2026-08-14,envio
C-00858,K-12,2026-08-14,envio
C-00858,K-12,2026-08-14,apertura
C-00858,K-12,2026-08-14,clic
C-00950,K-12,2026-08-14,envio
C-00956,K-14,2026-08-14,envio
C-01063,K-01,2026-08-14,envio
C-01084,K-02,2026-08-14,envio
C-01185,K-05,2026-08-14,envio
C-01216,K-11,2026-08-14,envio
C-01221,K-14,2026-08-14,envio
C-01221,K-14,2026-08-14,apertura
C-01409,K-12,2026-08-14,envio
C-01409,K-12,2026-08-14,apertura
C-01420,K-13,2026-08-14,envio
C-00031,K-06,2026-08-15,envio
C-00143,K-01,2026-08-15,envio
C-00237,K-06,2026-08-15,envio
C-00237,K-06,2026-08-15,apertura
C-00302,K-14,2026-08-15,envio
C-00312,K-04,2026-08-15,envio
C-00312,K-04,2026-08-15,apertura
C-00387,K-10,2026-08-15,envio
C-00500,K-11,2026-08-15,envio
C-00937,K-14,2026-08-15,envio
C-00937,K-14,2026-08-15,apertura
C-00982,K-06,2026-08-15,envio
C-01016,K-13,2026-08-15,envio
C-01020,K-07,2026-08-15,envio
C-01020,K-07,2026-08-15,apertura
C-01023,K-12,2026-08-15,envio
C-01057,K-10,2026-08-15,envio
C-01088,K-08,2026-08-15,envio
C-01088,K-08,2026-08-15,apertura
C-01088,K-08,2026-08-15,clic
C-01442,K-06,2026-08-15,envio
C-01442,K-06,2026-08-15,apertura
C-01499,K-04,2026-08-15,envio
C-01499,K-04,2026-08-15,apertura
C-00136,K-01,2026-08-16,envio
C-00136,K-01,2026-08-16,apertura
C-00218,K-14,2026-08-16,envio
C-00387,K-09,2026-08-16,envio
C-00387,K-09,2026-08-16,apertura
C-00389,K-03,2026-08-16,envio
C-00389,K-03,2026-08-16,apertura
C-00708,K-13,2026-08-16,envio
C-00720,K-14,2026-08-16,envio
C-00742,K-08,2026-08-16,envio
C-00742,K-08,2026-08-16,apertura
C-00772,K-14,2026-08-16,envio
C-00772,K-14,2026-08-16,apertura
C-00892,K-12,2026-08-16,envio
C-00892,K-12,2026-08-16,apertura
C-00954,K-06,2026-08-16,envio
C-00957,K-14,2026-08-16,envio
C-01055,K-12,2026-08-16,envio
C-01055,K-12,2026-08-16,apertura
C-01057,K-08,2026-08-16,envio
C-01191,K-13,2026-08-16,envio
C-01194,K-09,2026-08-16,envio
C-01303,K-10,2026-08-16,envio
C-01303,K-10,2026-08-16,apertura
C-01303,K-10,2026-08-16,clic
C-01337,K-13,2026-08-16,envio
C-01337,K-13,2026-08-16,apertura
C-01337,K-13,2026-08-16,clic
C-01391,K-14,2026-08-16,envio
C-01419,K-02,2026-08-16,envio
C-01426,K-14,2026-08-16,envio
C-01426,K-14,2026-08-16,apertura
C-01432,K-09,2026-08-16,envio
C-01435,K-09,2026-08-16,envio
C-01487,K-14,2026-08-16,envio
C-00317,K-09,2026-08-17,envio
C-00349,K-10,2026-08-17,envio
C-00349,K-10,2026-08-17,apertura
C-00451,K-05,2026-08-17,envio
C-00469,K-01,2026-08-17,envio
C-00469,K-01,2026-08-17,apertura
C-00504,K-14,2026-08-17,envio
C-00504,K-14,2026-08-17,apertura
C-00573,K-04,2026-08-17,envio
C-00619,K-14,2026-08-17,envio
C-00736,K-12,2026-08-17,envio
C-00810,K-06,2026-08-17,envio
C-00835,K-14,2026-08-17,envio
C-00879,K-06,2026-08-17,envio
C-01062,K-14,2026-08-17,envio
C-01094,K-13,2026-08-17,envio
C-01095,K-02,2026-08-17,envio
C-01095,K-02,2026-08-17,apertura
C-01169,K-08,2026-08-17,envio
C-01169,K-08,2026-08-17,apertura
C-01169,K-08,2026-08-17,clic
C-01186,K-13,2026-08-17,envio
C-01186,K-13,2026-08-17,apertura
C-01190,K-14,2026-08-17,envio
C-01267,K-02,2026-08-17,envio
C-01316,K-12,2026-08-17,envio
C-01474,K-09,2026-08-17,envio
C-01474,K-09,2026-08-17,apertura
C-01474,K-09,2026-08-17,clic
C-00026,K-10,2026-08-18,envio
C-00026,K-10,2026-08-18,apertura
C-00033,K-02,2026-08-18,envio
C-00033,K-02,2026-08-18,apertura
C-00094,K-02,2026-08-18,envio
C-00094,K-02,2026-08-18,apertura
C-00154,K-09,2026-08-18,envio
C-00164,K-06,2026-08-18,envio
C-00462,K-13,2026-08-18,envio
C-00477,K-05,2026-08-18,envio
C-00497,K-12,2026-08-18,envio
C-00497,K-12,2026-08-18,apertura
C-00497,K-12,2026-08-18,clic
C-00603,K-11,2026-08-18,envio
C-00686,K-02,2026-08-18,envio
C-00686,K-02,2026-08-18,apertura
C-00686,K-02,2026-08-18,clic
C-00723,K-12,2026-08-18,envio
C-00776,K-14,2026-08-18,envio
C-00776,K-14,2026-08-18,apertura
C-00778,K-01,2026-08-18,envio
C-00856,K-06,2026-08-18,envio
C-00894,K-14,2026-08-18,envio
C-00894,K-14,2026-08-18,apertura
C-00918,K-03,2026-08-18,envio
C-00918,K-03,2026-08-18,apertura
C-01065,K-01,2026-08-18,envio
C-01091,K-02,2026-08-18,envio
C-01225,K-14,2026-08-18,envio
C-01299,K-14,2026-08-18,envio
C-01299,K-14,2026-08-18,apertura
C-01299,K-14,2026-08-18,clic
C-01378,K-14,2026-08-18,envio
C-00077,K-01,2026-08-19,envio
C-00196,K-14,2026-08-19,envio
C-00210,K-02,2026-08-19,envio
C-00210,K-02,2026-08-19,apertura
C-00285,K-05,2026-08-19,envio
C-00337,K-04,2026-08-19,envio
C-00469,K-14,2026-08-19,envio
C-00559,K-14,2026-08-19,envio
C-00559,K-14,2026-08-19,apertura
C-00708,K-14,2026-08-19,envio
C-00723,K-10,2026-08-19,envio
C-00782,K-11,2026-08-19,envio
C-00782,K-11,2026-08-19,apertura
C-00782,K-11,2026-08-19,clic
C-00837,K-04,2026-08-19,envio
C-00934,K-04,2026-08-19,envio
C-00950,K-14,2026-08-19,envio
C-01043,K-14,2026-08-19,envio
C-01110,K-06,2026-08-19,envio
C-01125,K-02,2026-08-19,envio
C-01167,K-13,2026-08-19,envio
C-01239,K-12,2026-08-19,envio
C-01285,K-08,2026-08-19,envio
C-01459,K-06,2026-08-19,envio
C-01459,K-06,2026-08-19,apertura
C-01459,K-06,2026-08-19,clic
C-00050,K-04,2026-08-20,envio
C-00056,K-12,2026-08-20,envio
C-00087,K-14,2026-08-20,envio
C-00106,K-13,2026-08-20,envio
C-00177,K-14,2026-08-20,envio
C-00207,K-02,2026-08-20,envio
C-00283,K-01,2026-08-20,envio
C-00310,K-14,2026-08-20,envio
C-00434,K-07,2026-08-20,envio
C-00579,K-05,2026-08-20,envio
C-00579,K-05,2026-08-20,apertura
C-00579,K-05,2026-08-20,clic
C-00581,K-12,2026-08-20,envio
C-00581,K-12,2026-08-20,apertura
C-00659,K-14,2026-08-20,envio
C-00734,K-01,2026-08-20,envio
C-00743,K-14,2026-08-20,envio
C-00762,K-04,2026-08-20,envio
C-00781,K-09,2026-08-20,envio
C-00900,K-14,2026-08-20,envio
C-00900,K-14,2026-08-20,apertura
C-00905,K-07,2026-08-20,envio
C-00939,K-14,2026-08-20,envio
C-00939,K-14,2026-08-20,apertura
C-01167,K-05,2026-08-20,envio
C-01167,K-05,2026-08-20,apertura
C-01195,K-02,2026-08-20,envio
C-01195,K-02,2026-08-20,apertura
C-01236,K-14,2026-08-20,envio
C-01256,K-02,2026-08-20,envio
C-01256,K-02,2026-08-20,apertura
C-01410,K-13,2026-08-20,envio
C-01491,K-14,2026-08-20,envio
C-01491,K-14,2026-08-20,apertura
C-00059,K-14,2026-08-21,envio
C-00190,K-02,2026-08-21,envio
C-00190,K-02,2026-08-21,apertura
C-00190,K-02,2026-08-21,clic
C-00304,K-03,2026-08-21,envio
C-00304,K-03,2026-08-21,apertura
C-00421,K-10,2026-08-21,envio
C-00471,K-07,2026-08-21,envio
C-00501,K-08,2026-08-21,envio
C-00501,K-08,2026-08-21,apertura
C-00501,K-08,2026-08-21,clic
C-00530,K-13,2026-08-21,envio
C-00782,K-11,2026-08-21,canje
C-00904,K-14,2026-08-21,envio
C-00904,K-14,2026-08-21,apertura
C-00909,K-13,2026-08-21,envio
C-00910,K-14,2026-08-21,envio
C-00910,K-14,2026-08-21,apertura
C-00912,K-04,2026-08-21,envio
C-00916,K-01,2026-08-21,envio
C-00918,K-14,2026-08-21,envio
C-00951,K-13,2026-08-21,envio
C-00959,K-14,2026-08-21,envio
C-00959,K-14,2026-08-21,apertura
C-00980,K-14,2026-08-21,envio
C-01094,K-02,2026-08-21,envio
C-01094,K-02,2026-08-21,apertura
C-01094,K-02,2026-08-21,clic
C-01116,K-14,2026-08-21,envio
C-01176,K-07,2026-08-21,envio
C-01176,K-07,2026-08-21,apertura
C-01176,K-07,2026-08-21,clic
C-01188,K-07,2026-08-21,envio
C-01225,K-03,2026-08-21,envio
C-01225,K-03,2026-08-21,apertura
C-01239,K-07,2026-08-21,envio
C-01314,K-10,2026-08-21,envio
C-01314,K-10,2026-08-21,apertura
C-01393,K-05,2026-08-21,envio
C-01459,K-06,2026-08-21,canje
C-01465,K-08,2026-08-21,envio
C-00064,K-01,2026-08-22,envio
C-00293,K-14,2026-08-22,envio
C-00322,K-04,2026-08-22,envio
C-00374,K-14,2026-08-22,envio
C-00399,K-10,2026-08-22,envio
C-00442,K-14,2026-08-22,envio
C-00483,K-12,2026-08-22,envio
C-00483,K-12,2026-08-22,apertura
C-00513,K-14,2026-08-22,envio
C-00522,K-14,2026-08-22,envio
C-00522,K-14,2026-08-22,apertura
C-00522,K-14,2026-08-22,clic
C-00623,K-12,2026-08-22,envio
C-00623,K-12,2026-08-22,apertura
C-00642,K-09,2026-08-22,envio
C-00644,K-14,2026-08-22,envio
C-00644,K-14,2026-08-22,apertura
C-00644,K-14,2026-08-22,clic
C-00662,K-14,2026-08-22,envio
C-00662,K-14,2026-08-22,apertura
C-00726,K-10,2026-08-22,envio
C-00778,K-13,2026-08-22,envio
C-00818,K-14,2026-08-22,envio
C-00823,K-14,2026-08-22,envio
C-00823,K-14,2026-08-22,apertura
C-00851,K-14,2026-08-22,envio
C-00903,K-13,2026-08-22,envio
C-00903,K-13,2026-08-22,apertura
C-00912,K-13,2026-08-22,envio
C-01006,K-12,2026-08-22,envio
C-01134,K-05,2026-08-22,envio
C-01156,K-02,2026-08-22,envio
C-01264,K-13,2026-08-22,envio
C-01264,K-13,2026-08-22,apertura
C-01310,K-14,2026-08-22,envio
C-01328,K-12,2026-08-22,envio
C-01355,K-08,2026-08-22,envio
C-01488,K-05,2026-08-22,envio
C-00039,K-10,2026-08-23,envio
C-00039,K-10,2026-08-23,apertura
C-00048,K-01,2026-08-23,envio
C-00048,K-01,2026-08-23,apertura
C-00156,K-14,2026-08-23,envio
C-00193,K-12,2026-08-23,envio
C-00206,K-01,2026-08-23,envio
C-00215,K-01,2026-08-23,envio
C-00245,K-01,2026-08-23,envio
C-00253,K-14,2026-08-23,envio
C-00258,K-14,2026-08-23,envio
C-00281,K-04,2026-08-23,envio
C-00318,K-14,2026-08-23,envio
C-00318,K-14,2026-08-23,apertura
C-00386,K-14,2026-08-23,envio
C-00476,K-14,2026-08-23,envio
C-00476,K-14,2026-08-23,apertura
C-00537,K-04,2026-08-23,envio
C-00679,K-14,2026-08-23,envio
C-00683,K-02,2026-08-23,envio
C-00844,K-01,2026-08-23,envio
C-00844,K-01,2026-08-23,apertura
C-00996,K-14,2026-08-23,envio
C-01208,K-14,2026-08-23,envio
C-01222,K-07,2026-08-23,envio
C-01300,K-14,2026-08-23,envio
C-01344,K-09,2026-08-23,envio
C-01355,K-07,2026-08-23,envio
C-00099,K-04,2026-08-24,envio
C-00099,K-04,2026-08-24,apertura
C-00111,K-01,2026-08-24,envio
C-00111,K-01,2026-08-24,apertura
C-00111,K-01,2026-08-24,clic
C-00159,K-14,2026-08-24,envio
C-00161,K-13,2026-08-24,envio
C-00161,K-13,2026-08-24,apertura
C-00225,K-14,2026-08-24,envio
C-00308,K-14,2026-08-24,envio
C-00353,K-04,2026-08-24,envio
C-00379,K-13,2026-08-24,envio
C-00379,K-13,2026-08-24,apertura
C-00379,K-13,2026-08-24,clic
C-00454,K-02,2026-08-24,envio
C-00479,K-14,2026-08-24,envio
C-00479,K-14,2026-08-24,apertura
C-00530,K-14,2026-08-24,envio
C-00530,K-14,2026-08-24,apertura
C-00669,K-01,2026-08-24,envio
C-00669,K-01,2026-08-24,apertura
C-00682,K-05,2026-08-24,envio
C-00682,K-05,2026-08-24,apertura
C-00682,K-05,2026-08-24,clic
C-00696,K-14,2026-08-24,envio
C-00701,K-06,2026-08-24,envio
C-00836,K-10,2026-08-24,envio
C-00836,K-10,2026-08-24,apertura
C-00897,K-01,2026-08-24,envio
C-00897,K-01,2026-08-24,apertura
C-00897,K-01,2026-08-24,clic
C-00935,K-07,2026-08-24,envio
C-00981,K-14,2026-08-24,envio
C-01037,K-08,2026-08-24,envio
C-01108,K-09,2026-08-24,envio
C-01109,K-02,2026-08-24,envio
C-01121,K-14,2026-08-24,envio
C-01409,K-08,2026-08-24,envio
C-01409,K-08,2026-08-24,apertura
C-01409,K-08,2026-08-24,clic
C-01461,K-13,2026-08-24,envio
C-01461,K-13,2026-08-24,apertura
C-01461,K-13,2026-08-24,clic
C-00036,K-02,2026-08-25,envio
C-00092,K-14,2026-08-25,envio
C-00092,K-14,2026-08-25,apertura
C-00139,K-14,2026-08-25,envio
C-00139,K-14,2026-08-25,apertura
C-00139,K-14,2026-08-25,clic
C-00294,K-13,2026-08-25,envio
C-00301,K-14,2026-08-25,envio
C-00301,K-14,2026-08-25,apertura
C-00301,K-14,2026-08-25,clic
C-00322,K-06,2026-08-25,envio
C-00377,K-14,2026-08-25,envio
C-00480,K-14,2026-08-25,envio
C-00497,K-09,2026-08-25,envio
C-00497,K-09,2026-08-25,apertura
C-00562,K-14,2026-08-25,envio
C-00562,K-14,2026-08-25,apertura
C-00562,K-14,2026-08-25,clic
C-00599,K-14,2026-08-25,envio
C-00624,K-14,2026-08-25,envio
C-00738,K-14,2026-08-25,envio
C-00738,K-14,2026-08-25,apertura
C-01164,K-14,2026-08-25,envio
C-01164,K-14,2026-08-25,apertura
C-01243,K-01,2026-08-25,envio
C-01243,K-01,2026-08-25,apertura
C-01360,K-14,2026-08-25,envio
C-01360,K-14,2026-08-25,apertura
C-01408,K-08,2026-08-25,envio
C-01411,K-08,2026-08-25,envio
C-01497,K-14,2026-08-25,envio
C-01497,K-14,2026-08-25,apertura
C-00036,K-01,2026-08-26,envio
C-00174,K-09,2026-08-26,envio
C-00194,K-14,2026-08-26,envio
C-00194,K-14,2026-08-26,apertura
C-00222,K-02,2026-08-26,envio
C-00246,K-12,2026-08-26,envio
C-00246,K-12,2026-08-26,apertura
C-00246,K-12,2026-08-26,clic
C-00258,K-03,2026-08-26,envio
C-00259,K-14,2026-08-26,envio
C-00330,K-01,2026-08-26,envio
C-00330,K-01,2026-08-26,apertura
C-00340,K-07,2026-08-26,envio
C-00451,K-02,2026-08-26,envio
C-00649,K-06,2026-08-26,envio
C-00649,K-06,2026-08-26,apertura
C-00668,K-02,2026-08-26,envio
C-00682,K-05,2026-08-26,inscripcion
C-00702,K-14,2026-08-26,envio
C-00766,K-08,2026-08-26,envio
C-00766,K-08,2026-08-26,apertura
C-00769,K-14,2026-08-26,envio
C-00947,K-14,2026-08-26,envio
C-01000,K-09,2026-08-26,envio
C-01325,K-13,2026-08-26,envio
C-00056,K-07,2026-08-29,envio
C-00077,K-06,2026-08-29,envio
C-00077,K-06,2026-08-29,apertura
C-00077,K-06,2026-08-29,clic
C-00246,K-03,2026-08-29,envio
C-00324,K-14,2026-08-29,envio
C-00324,K-14,2026-08-29,apertura
C-00498,K-02,2026-08-29,envio
C-00498,K-02,2026-08-29,apertura
C-00603,K-14,2026-08-29,envio
C-00629,K-01,2026-08-29,envio
C-00747,K-14,2026-08-29,envio
C-00747,K-14,2026-08-29,apertura
C-00763,K-09,2026-08-29,envio
C-00825,K-14,2026-08-29,envio
C-00883,K-14,2026-08-29,envio
C-00912,K-04,2026-08-29,envio
C-00912,K-04,2026-08-29,apertura
C-00912,K-13,2026-08-29,envio
C-00912,K-13,2026-08-29,apertura
C-00998,K-07,2026-08-29,envio
C-00999,K-02,2026-08-29,envio
C-01208,K-14,2026-08-29,envio
C-01216,K-10,2026-08-29,envio
C-01273,K-10,2026-08-29,envio
C-01273,K-10,2026-08-29,apertura
C-01288,K-02,2026-08-29,envio
C-01307,K-09,2026-08-29,envio
C-01350,K-14,2026-08-29,envio
C-01350,K-14,2026-08-29,apertura
C-01410,K-14,2026-08-29,envio
C-01415,K-11,2026-08-29,envio
C-01415,K-11,2026-08-29,apertura
C-01415,K-11,2026-08-29,clic
C-01468,K-08,2026-08-29,envio
C-01468,K-08,2026-08-29,apertura
C-01468,K-08,2026-08-29,clic
C-00017,K-01,2026-08-30,envio
C-00160,K-14,2026-08-30,envio
C-00200,K-14,2026-08-30,envio
C-00349,K-07,2026-08-30,envio
C-00425,K-14,2026-08-30,envio
C-00483,K-07,2026-08-30,envio
C-00509,K-14,2026-08-30,envio
C-00509,K-14,2026-08-30,apertura
C-00533,K-01,2026-08-30,envio
C-00533,K-01,2026-08-30,apertura
C-00623,K-12,2026-08-30,envio
C-00637,K-13,2026-08-30,envio
C-00637,K-14,2026-08-30,envio
C-00686,K-02,2026-08-30,envio
C-00686,K-02,2026-08-30,apertura
C-00686,K-02,2026-08-30,clic
C-00746,K-14,2026-08-30,envio
C-00800,K-02,2026-08-30,envio
C-00846,K-10,2026-08-30,envio
C-00905,K-12,2026-08-30,envio
C-00935,K-08,2026-08-30,envio
C-00935,K-08,2026-08-30,apertura
C-00944,K-14,2026-08-30,envio
C-01000,K-08,2026-08-30,envio
C-01007,K-02,2026-08-30,envio
C-01020,K-09,2026-08-30,envio
C-01020,K-09,2026-08-30,apertura
C-01146,K-14,2026-08-30,envio
C-01146,K-14,2026-08-30,apertura
C-01148,K-09,2026-08-30,envio
C-01179,K-14,2026-08-30,envio
C-01179,K-14,2026-08-30,apertura
C-01216,K-14,2026-08-30,envio
C-01234,K-14,2026-08-30,envio
C-01234,K-14,2026-08-30,apertura
C-01307,K-10,2026-08-30,envio
C-01349,K-14,2026-08-30,envio
C-01417,K-14,2026-08-30,envio
C-01499,K-04,2026-08-30,envio
C-01499,K-04,2026-08-30,apertura
C-00012,K-14,2026-08-31,envio
C-00012,K-14,2026-08-31,apertura
C-00050,K-14,2026-08-31,envio
C-00111,K-04,2026-08-31,envio
C-00119,K-01,2026-08-31,envio
C-00215,K-13,2026-08-31,envio
C-00266,K-02,2026-08-31,envio
C-00482,K-14,2026-08-31,envio
C-00495,K-12,2026-08-31,envio
C-00524,K-14,2026-08-31,envio
C-00568,K-14,2026-08-31,envio
C-00568,K-14,2026-08-31,apertura
C-00612,K-11,2026-08-31,envio
C-00612,K-11,2026-08-31,apertura
C-00620,K-03,2026-08-31,envio
C-00620,K-03,2026-08-31,apertura
C-00620,K-03,2026-08-31,clic
C-00703,K-03,2026-08-31,envio
C-00703,K-03,2026-08-31,apertura
C-00833,K-14,2026-08-31,envio
C-00833,K-14,2026-08-31,apertura
C-00894,K-14,2026-08-31,envio
C-01005,K-04,2026-08-31,envio
C-01055,K-12,2026-08-31,envio
C-01181,K-12,2026-08-31,envio
C-01181,K-12,2026-08-31,apertura
C-01290,K-02,2026-08-31,envio
C-01414,K-12,2026-08-31,envio
C-01415,K-11,2026-08-31,canje
C-01433,K-14,2026-08-31,envio
C-01435,K-09,2026-08-31,envio
C-01435,K-09,2026-08-31,apertura
C-00002,K-09,2026-09-01,envio
C-00002,K-09,2026-09-01,apertura
C-00179,K-05,2026-09-01,envio
C-00192,K-14,2026-09-01,envio
C-00269,K-14,2026-09-01,envio
C-00460,K-01,2026-09-01,envio
C-00460,K-01,2026-09-01,apertura
C-00531,K-06,2026-09-01,envio
C-00531,K-06,2026-09-01,apertura
C-00569,K-02,2026-09-01,envio
C-00569,K-02,2026-09-01,apertura
C-00669,K-13,2026-09-01,envio
C-00761,K-13,2026-09-01,envio
C-00762,K-13,2026-09-01,envio
C-00810,K-14,2026-09-01,envio
C-00810,K-14,2026-09-01,apertura
C-00842,K-05,2026-09-01,envio
C-00842,K-05,2026-09-01,apertura
C-01039,K-14,2026-09-01,envio
C-01094,K-04,2026-09-01,envio
C-01109,K-13,2026-09-01,envio
C-01112,K-08,2026-09-01,envio
C-01133,K-14,2026-09-01,envio
C-01133,K-14,2026-09-01,apertura
C-01133,K-14,2026-09-01,clic
C-01141,K-09,2026-09-01,envio
C-01141,K-09,2026-09-01,apertura
C-01141,K-09,2026-09-01,clic
C-01160,K-01,2026-09-01,envio
C-01160,K-01,2026-09-01,apertura
C-01306,K-14,2026-09-01,envio
C-01477,K-14,2026-09-01,envio
C-00011,K-14,2026-09-02,envio
C-00011,K-14,2026-09-02,apertura
C-00215,K-11,2026-09-02,envio
C-00312,K-14,2026-09-02,envio
C-00340,K-12,2026-09-02,envio
C-00340,K-12,2026-09-02,apertura
C-00340,K-12,2026-09-02,clic
C-00418,K-14,2026-09-02,envio
C-00418,K-14,2026-09-02,apertura
C-00418,K-14,2026-09-02,clic
C-00445,K-14,2026-09-02,envio
C-00552,K-13,2026-09-02,envio
C-00563,K-14,2026-09-02,envio
C-00563,K-14,2026-09-02,apertura
C-00643,K-13,2026-09-02,envio
C-00746,K-03,2026-09-02,envio
C-00746,K-03,2026-09-02,apertura
C-00746,K-03,2026-09-02,clic
C-00826,K-06,2026-09-02,envio
C-00826,K-06,2026-09-02,apertura
C-00945,K-13,2026-09-02,envio
C-00945,K-13,2026-09-02,apertura
C-00954,K-14,2026-09-02,envio
C-00955,K-01,2026-09-02,envio
C-00955,K-01,2026-09-02,apertura
C-00973,K-14,2026-09-02,envio
C-00994,K-02,2026-09-02,envio
C-01006,K-07,2026-09-02,envio
C-01093,K-09,2026-09-02,envio
C-01155,K-14,2026-09-02,envio
C-01173,K-02,2026-09-02,envio
C-01173,K-02,2026-09-02,apertura
C-01222,K-12,2026-09-02,envio
C-01282,K-01,2026-09-02,envio
C-01282,K-01,2026-09-02,apertura
C-01321,K-02,2026-09-02,envio
C-01328,K-12,2026-09-02,envio
C-01328,K-12,2026-09-02,apertura
C-01366,K-02,2026-09-02,envio
C-01392,K-13,2026-09-02,envio
C-01392,K-13,2026-09-02,apertura
C-01420,K-01,2026-09-02,envio
C-01472,K-09,2026-09-02,envio
C-01472,K-09,2026-09-02,apertura
C-00243,K-02,2026-09-03,envio
C-00275,K-13,2026-09-03,envio
C-00275,K-13,2026-09-03,apertura
C-00275,K-13,2026-09-03,clic
C-00278,K-14,2026-09-03,envio
C-00297,K-14,2026-09-03,envio
C-00432,K-14,2026-09-03,envio
C-00436,K-08,2026-09-03,envio
C-00508,K-05,2026-09-03,envio
C-00508,K-05,2026-09-03,apertura
C-00570,K-14,2026-09-03,envio
C-00570,K-14,2026-09-03,apertura
C-00579,K-13,2026-09-03,envio
C-00579,K-13,2026-09-03,apertura
C-00579,K-13,2026-09-03,clic
C-00629,K-13,2026-09-03,envio
C-00674,K-14,2026-09-03,envio
C-00674,K-14,2026-09-03,apertura
C-00928,K-08,2026-09-03,envio
C-01021,K-06,2026-09-03,envio
C-01047,K-14,2026-09-03,envio
C-01047,K-14,2026-09-03,apertura
C-01096,K-08,2026-09-03,envio
C-01118,K-14,2026-09-03,envio
C-01235,K-14,2026-09-03,envio
C-01247,K-10,2026-09-03,envio
C-01250,K-14,2026-09-03,envio
C-01250,K-14,2026-09-03,apertura
C-01250,K-14,2026-09-03,clic
C-01255,K-14,2026-09-03,envio
C-01349,K-06,2026-09-03,envio
C-00060,K-01,2026-09-04,envio
C-00060,K-01,2026-09-04,apertura
C-00060,K-01,2026-09-04,clic
C-00213,K-14,2026-09-04,envio
C-00337,K-06,2026-09-04,envio
C-00363,K-14,2026-09-04,envio
C-00601,K-13,2026-09-04,envio
C-00646,K-14,2026-09-04,envio
C-00715,K-06,2026-09-04,envio
C-00738,K-01,2026-09-04,envio
C-00785,K-14,2026-09-04,envio
C-00794,K-14,2026-09-04,envio
C-00840,K-12,2026-09-04,envio
C-00857,K-14,2026-09-04,envio
C-00867,K-05,2026-09-04,envio
C-00867,K-05,2026-09-04,apertura
C-00867,K-05,2026-09-04,clic
C-00869,K-07,2026-09-04,envio
C-01049,K-14,2026-09-04,envio
C-01073,K-10,2026-09-04,envio
C-01222,K-09,2026-09-04,envio
C-01238,K-04,2026-09-04,envio
C-01243,K-12,2026-09-04,envio
C-01243,K-12,2026-09-04,apertura
C-01243,K-12,2026-09-04,clic
C-01311,K-14,2026-09-04,envio
C-01337,K-01,2026-09-04,envio
C-01337,K-01,2026-09-04,apertura
C-01337,K-01,2026-09-04,clic
C-01390,K-14,2026-09-04,envio
C-01393,K-02,2026-09-04,envio
C-01396,K-05,2026-09-04,envio
C-01396,K-05,2026-09-04,apertura
C-01396,K-05,2026-09-04,clic
C-01421,K-01,2026-09-04,envio
C-01421,K-01,2026-09-04,apertura
C-01421,K-01,2026-09-04,clic
C-01424,K-08,2026-09-04,envio
C-01481,K-09,2026-09-04,envio
C-00137,K-08,2026-09-05,envio
C-00317,K-09,2026-09-05,envio
C-00317,K-09,2026-09-05,apertura
C-00349,K-10,2026-09-05,envio
C-00410,K-14,2026-09-05,envio
C-00459,K-14,2026-09-05,envio
C-00485,K-10,2026-09-05,envio
C-00544,K-02,2026-09-05,envio
C-00545,K-14,2026-09-05,envio
C-00545,K-14,2026-09-05,apertura
C-00570,K-01,2026-09-05,envio
C-00570,K-01,2026-09-05,apertura
C-00597,K-14,2026-09-05,envio
C-00613,K-14,2026-09-05,envio
C-00613,K-14,2026-09-05,apertura
C-00613,K-14,2026-09-05,clic
C-00743,K-02,2026-09-05,envio
C-00782,K-02,2026-09-05,envio
C-00782,K-02,2026-09-05,apertura
C-00842,K-02,2026-09-05,envio
C-00847,K-14,2026-09-05,envio
C-00847,K-14,2026-09-05,apertura
C-00938,K-09,2026-09-05,envio
C-00950,K-06,2026-09-05,envio
C-01052,K-04,2026-09-05,envio
C-01057,K-12,2026-09-05,envio
C-01057,K-12,2026-09-05,apertura
C-01057,K-12,2026-09-05,clic
C-01090,K-14,2026-09-05,envio
C-01156,K-14,2026-09-05,envio
C-01156,K-14,2026-09-05,apertura
C-01170,K-14,2026-09-05,envio
C-01170,K-14,2026-09-05,apertura
C-01403,K-13,2026-09-05,envio
C-01403,K-13,2026-09-05,apertura
C-01417,K-13,2026-09-05,envio
C-01497,K-14,2026-09-05,envio
C-00239,K-12,2026-09-06,envio
C-00239,K-12,2026-09-06,apertura
C-00239,K-12,2026-09-06,clic
C-00291,K-02,2026-09-06,envio
C-00291,K-02,2026-09-06,apertura
C-00372,K-13,2026-09-06,envio
C-00390,K-14,2026-09-06,envio
C-00390,K-14,2026-09-06,apertura
C-00592,K-14,2026-09-06,envio
C-00670,K-14,2026-09-06,envio
C-00714,K-13,2026-09-06,envio
C-00719,K-14,2026-09-06,envio
C-00726,K-14,2026-09-06,envio
C-00760,K-07,2026-09-06,envio
C-00955,K-06,2026-09-06,envio
C-00955,K-06,2026-09-06,apertura
C-00986,K-01,2026-09-06,envio
C-00986,K-01,2026-09-06,apertura
C-01086,K-14,2026-09-06,envio
C-01362,K-14,2026-09-06,envio
C-01362,K-14,2026-09-06,apertura
C-01396,K-05,2026-09-06,inscripcion
C-01468,K-12,2026-09-06,envio
C-01468,K-12,2026-09-06,apertura
C-01479,K-14,2026-09-06,envio
C-01493,K-14,2026-09-06,envio
C-00001,K-01,2026-09-07,envio
C-00036,K-13,2026-09-07,envio
C-00042,K-11,2026-09-07,envio
C-00067,K-04,2026-09-07,envio
C-00067,K-04,2026-09-07,apertura
C-00067,K-04,2026-09-07,clic
C-00067,K-05,2026-09-07,envio
C-00067,K-05,2026-09-07,apertura
C-00067,K-05,2026-09-07,clic
C-00164,K-14,2026-09-07,envio
C-00164,K-14,2026-09-07,apertura
C-00214,K-14,2026-09-07,envio
C-00247,K-14,2026-09-07,envio
C-00289,K-14,2026-09-07,envio
C-00294,K-04,2026-09-07,envio
C-00313,K-14,2026-09-07,envio
C-00314,K-14,2026-09-07,envio
C-00355,K-01,2026-09-07,envio
C-00355,K-01,2026-09-07,apertura
C-00357,K-14,2026-09-07,envio
C-00357,K-14,2026-09-07,apertura
C-00357,K-14,2026-09-07,clic
C-00594,K-14,2026-09-07,envio
C-00594,K-14,2026-09-07,apertura
C-00678,K-14,2026-09-07,envio
C-00695,K-08,2026-09-07,envio
C-00695,K-08,2026-09-07,apertura
C-00735,K-08,2026-09-07,envio
C-00735,K-08,2026-09-07,apertura
C-00735,K-08,2026-09-07,clic
C-00839,K-05,2026-09-07,envio
C-00839,K-05,2026-09-07,apertura
C-00840,K-14,2026-09-07,envio
C-00852,K-14,2026-09-07,envio
C-00903,K-01,2026-09-07,envio
C-00934,K-04,2026-09-07,envio
C-00935,K-10,2026-09-07,envio
C-01003,K-14,2026-09-07,envio
C-01003,K-14,2026-09-07,apertura
C-01094,K-01,2026-09-07,envio
C-01094,K-01,2026-09-07,apertura
C-01169,K-12,2026-09-07,envio
C-01198,K-14,2026-09-07,envio
C-01226,K-14,2026-09-07,envio
C-01414,K-04,2026-09-07,envio
C-01476,K-02,2026-09-07,envio
C-01499,K-01,2026-09-07,envio
C-00153,K-11,2026-09-08,envio
C-00208,K-12,2026-09-08,envio
C-00208,K-12,2026-09-08,apertura
C-00208,K-12,2026-09-08,clic
C-00210,K-11,2026-09-08,envio
C-00210,K-11,2026-09-08,apertura
C-00276,K-08,2026-09-08,envio
C-00276,K-08,2026-09-08,apertura
C-00281,K-13,2026-09-08,envio
C-00463,K-01,2026-09-08,envio
C-00463,K-01,2026-09-08,apertura
C-00628,K-08,2026-09-08,envio
C-00648,K-05,2026-09-08,envio
C-00740,K-14,2026-09-08,envio
C-00740,K-14,2026-09-08,apertura
C-00740,K-14,2026-09-08,clic
C-00759,K-14,2026-09-08,envio
C-00781,K-09,2026-09-08,envio
C-01042,K-14,2026-09-08,envio
C-01309,K-14,2026-09-08,envio
C-01374,K-01,2026-09-08,envio
C-01374,K-01,2026-09-08,apertura
C-01374,K-01,2026-09-08,clic
C-01483,K-13,2026-09-08,envio
C-01483,K-13,2026-09-08,apertura
C-00039,K-08,2026-09-09,envio
C-00039,K-08,2026-09-09,apertura
C-00087,K-14,2026-09-09,envio
C-00087,K-14,2026-09-09,apertura
C-00137,K-10,2026-09-09,envio
C-00137,K-10,2026-09-09,apertura
C-00142,K-14,2026-09-09,envio
C-00145,K-14,2026-09-09,envio
C-00145,K-14,2026-09-09,apertura
C-00147,K-14,2026-09-09,envio
C-00158,K-02,2026-09-09,envio
C-00158,K-02,2026-09-09,apertura
C-00163,K-08,2026-09-09,envio
C-00163,K-08,2026-09-09,apertura
C-00164,K-04,2026-09-09,envio
C-00250,K-01,2026-09-09,envio
C-00250,K-01,2026-09-09,apertura
C-00373,K-12,2026-09-09,envio
C-00373,K-12,2026-09-09,apertura
C-00381,K-14,2026-09-09,envio
C-00504,K-14,2026-09-09,envio
C-00504,K-14,2026-09-09,apertura
C-00600,K-01,2026-09-09,envio
C-00615,K-14,2026-09-09,envio
C-00615,K-14,2026-09-09,apertura
C-00672,K-09,2026-09-09,envio
C-00703,K-12,2026-09-09,envio
C-00791,K-02,2026-09-09,envio
C-00800,K-14,2026-09-09,envio
C-00800,K-14,2026-09-09,apertura
C-00868,K-13,2026-09-09,envio
C-00953,K-12,2026-09-09,envio
C-00954,K-06,2026-09-09,envio
C-00954,K-06,2026-09-09,apertura
C-01132,K-14,2026-09-09,envio
C-01132,K-14,2026-09-09,apertura
C-01132,K-14,2026-09-09,clic
C-01184,K-02,2026-09-09,envio
C-01197,K-08,2026-09-09,envio
C-01214,K-01,2026-09-09,envio
C-01214,K-01,2026-09-09,apertura
C-01290,K-11,2026-09-09,envio
C-01442,K-01,2026-09-09,envio
C-01459,K-14,2026-09-09,envio
C-01459,K-14,2026-09-09,apertura
C-01465,K-12,2026-09-09,envio
C-00035,K-04,2026-09-10,envio
C-00078,K-08,2026-09-10,envio
C-00186,K-14,2026-09-10,envio
C-00186,K-14,2026-09-10,apertura
C-00215,K-01,2026-09-10,envio
C-00268,K-01,2026-09-10,envio
C-00315,K-04,2026-09-10,envio
C-00338,K-14,2026-09-10,envio
C-00338,K-14,2026-09-10,apertura
C-00361,K-02,2026-09-10,envio
C-00361,K-02,2026-09-10,apertura
C-00495,K-03,2026-09-10,envio
C-00643,K-14,2026-09-10,envio
C-00643,K-14,2026-09-10,apertura
C-00760,K-10,2026-09-10,envio
C-00760,K-10,2026-09-10,apertura
C-00770,K-08,2026-09-10,envio
C-00779,K-08,2026-09-10,envio
C-00779,K-08,2026-09-10,apertura
C-00800,K-13,2026-09-10,envio
C-00800,K-13,2026-09-10,apertura
C-00800,K-13,2026-09-10,clic
C-00846,K-08,2026-09-10,envio
C-00846,K-08,2026-09-10,apertura
C-00846,K-09,2026-09-10,envio
C-00846,K-09,2026-09-10,apertura
C-00925,K-14,2026-09-10,envio
C-00973,K-01,2026-09-10,envio
C-00981,K-01,2026-09-10,envio
C-00981,K-01,2026-09-10,apertura
C-00990,K-14,2026-09-10,envio
C-00998,K-09,2026-09-10,envio
C-01064,K-07,2026-09-10,envio
C-01065,K-02,2026-09-10,envio
C-01082,K-14,2026-09-10,envio
C-01082,K-14,2026-09-10,apertura
C-01314,K-07,2026-09-10,envio
C-01371,K-01,2026-09-10,envio
C-01371,K-01,2026-09-10,apertura
C-01371,K-01,2026-09-10,clic
C-01466,K-01,2026-09-10,envio
C-01466,K-01,2026-09-10,apertura
C-01466,K-01,2026-09-10,clic
C-00056,K-10,2026-09-11,envio
C-00056,K-10,2026-09-11,apertura
C-00268,K-14,2026-09-11,envio
C-00330,K-13,2026-09-11,envio
C-00330,K-13,2026-09-11,apertura
C-00330,K-13,2026-09-11,clic
C-00343,K-03,2026-09-11,envio
C-00434,K-08,2026-09-11,envio
C-00434,K-08,2026-09-11,apertura
C-00438,K-04,2026-09-11,envio
C-00469,K-14,2026-09-11,envio
C-00471,K-07,2026-09-11,envio
C-00508,K-02,2026-09-11,envio
C-00508,K-02,2026-09-11,apertura
C-00508,K-02,2026-09-11,clic
C-00837,K-13,2026-09-11,envio
C-00930,K-12,2026-09-11,envio
C-00930,K-12,2026-09-11,apertura
C-01073,K-04,2026-09-11,envio
C-01073,K-04,2026-09-11,apertura
C-01107,K-08,2026-09-11,envio
C-01110,K-06,2026-09-11,envio
C-01110,K-06,2026-09-11,apertura
C-01136,K-14,2026-09-11,envio
C-01161,K-14,2026-09-11,envio
C-01161,K-14,2026-09-11,apertura
C-01233,K-08,2026-09-11,envio
C-01233,K-08,2026-09-11,apertura
C-01233,K-08,2026-09-11,clic
C-01337,K-13,2026-09-11,envio
C-01337,K-13,2026-09-11,apertura
C-01337,K-13,2026-09-11,clic
C-01364,K-11,2026-09-11,envio
C-01431,K-01,2026-09-11,envio
C-01449,K-01,2026-09-11,envio
C-01449,K-01,2026-09-11,apertura
C-00055,K-14,2026-09-12,envio
C-00056,K-08,2026-09-12,envio
C-00056,K-08,2026-09-12,apertura
C-00056,K-08,2026-09-12,clic
C-00102,K-14,2026-09-12,envio
C-00137,K-07,2026-09-12,envio
C-00137,K-07,2026-09-12,apertura
C-00160,K-12,2026-09-12,envio
C-00325,K-08,2026-09-12,envio
C-00395,K-04,2026-09-12,envio
C-00532,K-07,2026-09-12,envio
C-00532,K-07,2026-09-12,apertura
C-00596,K-14,2026-09-12,envio
C-00596,K-14,2026-09-12,apertura
C-00834,K-11,2026-09-12,envio
C-00909,K-01,2026-09-12,envio
C-00986,K-14,2026-09-12,envio
C-00986,K-14,2026-09-12,apertura
C-01037,K-08,2026-09-12,envio
C-01167,K-05,2026-09-12,envio
C-01167,K-05,2026-09-12,apertura
C-01167,K-05,2026-09-12,clic
C-01215,K-14,2026-09-12,envio
C-01238,K-01,2026-09-12,envio
C-01238,K-01,2026-09-12,apertura
C-01238,K-01,2026-09-12,clic
C-01263,K-14,2026-09-12,envio
C-01355,K-07,2026-09-12,envio
C-00182,K-14,2026-09-13,envio
C-00187,K-10,2026-09-13,envio
C-00199,K-14,2026-09-13,envio
C-00318,K-14,2026-09-13,envio
C-00343,K-02,2026-09-13,envio
C-00343,K-02,2026-09-13,apertura
C-00368,K-14,2026-09-13,envio
C-00368,K-14,2026-09-13,apertura
C-00368,K-14,2026-09-13,clic
C-00384,K-10,2026-09-13,envio
C-00384,K-10,2026-09-13,apertura
C-00504,K-03,2026-09-13,envio
C-00565,K-14,2026-09-13,envio
C-00601,K-01,2026-09-13,envio
C-00601,K-01,2026-09-13,apertura
C-00612,K-14,2026-09-13,envio
C-00612,K-14,2026-09-13,apertura
C-00612,K-14,2026-09-13,clic
C-00824,K-14,2026-09-13,envio
C-00839,K-02,2026-09-13,envio
C-00843,K-10,2026-09-13,envio
C-00870,K-14,2026-09-13,envio
C-00875,K-14,2026-09-13,envio
C-00875,K-14,2026-09-13,apertura
C-00877,K-14,2026-09-13,envio
C-00879,K-13,2026-09-13,envio
C-00886,K-14,2026-09-13,envio
C-00895,K-14,2026-09-13,envio
C-00895,K-14,2026-09-13,apertura
C-00911,K-14,2026-09-13,envio
C-00911,K-14,2026-09-13,apertura
C-00969,K-02,2026-09-13,envio
C-01005,K-06,2026-09-13,envio
C-01005,K-06,2026-09-13,apertura
C-01005,K-06,2026-09-13,clic
C-01058,K-14,2026-09-13,envio
C-01058,K-14,2026-09-13,apertura
C-01068,K-14,2026-09-13,envio
C-01068,K-14,2026-09-13,apertura
C-01174,K-07,2026-09-13,envio
C-01174,K-07,2026-09-13,apertura
C-01309,K-01,2026-09-13,envio
C-01309,K-01,2026-09-13,apertura
C-01314,K-08,2026-09-13,envio
C-01314,K-08,2026-09-13,apertura
C-01359,K-03,2026-09-13,envio
C-00021,K-13,2026-09-14,envio
C-00309,K-03,2026-09-14,envio
C-00320,K-14,2026-09-14,envio
C-00320,K-14,2026-09-14,apertura
C-00320,K-14,2026-09-14,clic
C-00478,K-13,2026-09-14,envio
C-00478,K-13,2026-09-14,apertura
C-00583,K-14,2026-09-14,envio
C-00583,K-14,2026-09-14,apertura
C-00583,K-14,2026-09-14,clic
C-00699,K-14,2026-09-14,envio
C-00714,K-04,2026-09-14,envio
C-00761,K-01,2026-09-14,envio
C-00938,K-08,2026-09-14,envio
C-00986,K-04,2026-09-14,envio
C-00986,K-04,2026-09-14,apertura
C-01008,K-14,2026-09-14,envio
C-01008,K-14,2026-09-14,apertura
C-01027,K-09,2026-09-14,envio
C-01027,K-09,2026-09-14,apertura
C-01059,K-04,2026-09-14,envio
C-01059,K-04,2026-09-14,apertura
C-01059,K-04,2026-09-14,clic
C-01120,K-06,2026-09-14,envio
C-01256,K-04,2026-09-14,envio
C-01386,K-14,2026-09-14,envio
C-01461,K-02,2026-09-14,envio
C-01483,K-02,2026-09-14,envio
C-01483,K-02,2026-09-14,apertura
C-00064,K-14,2026-09-15,envio
C-00064,K-14,2026-09-15,apertura
C-00122,K-14,2026-09-15,envio
C-00208,K-10,2026-09-15,envio
C-00208,K-10,2026-09-15,apertura
C-00232,K-13,2026-09-15,envio
C-00232,K-13,2026-09-15,apertura
C-00387,K-08,2026-09-15,envio
C-00387,K-08,2026-09-15,apertura
C-00479,K-02,2026-09-15,envio
C-00686,K-14,2026-09-15,envio
C-00686,K-14,2026-09-15,apertura
C-00703,K-14,2026-09-15,envio
C-00703,K-14,2026-09-15,apertura
C-00703,K-14,2026-09-15,clic
C-00909,K-14,2026-09-15,envio
C-00992,K-14,2026-09-15,envio
C-01021,K-04,2026-09-15,envio
C-01021,K-04,2026-09-15,apertura
C-01089,K-14,2026-09-15,envio
C-01089,K-14,2026-09-15,apertura
C-01282,K-13,2026-09-15,envio
C-01282,K-13,2026-09-15,apertura
C-01300,K-01,2026-09-15,envio
C-01332,K-14,2026-09-15,envio
C-01360,K-13,2026-09-15,envio
C-01459,K-06,2026-09-15,envio
C-01487,K-14,2026-09-15,envio
C-00099,K-14,2026-09-16,envio
C-00279,K-09,2026-09-16,envio
C-00281,K-14,2026-09-16,envio
C-00351,K-14,2026-09-16,envio
C-00353,K-04,2026-09-16,envio
C-00462,K-01,2026-09-16,envio
C-00592,K-02,2026-09-16,envio
C-00649,K-04,2026-09-16,envio
C-00685,K-09,2026-09-16,envio
C-00760,K-08,2026-09-16,envio
C-00781,K-08,2026-09-16,envio
C-00781,K-08,2026-09-16,apertura
C-00959,K-14,2026-09-16,envio
C-01072,K-14,2026-09-16,envio
C-01072,K-14,2026-09-16,apertura
C-01212,K-14,2026-09-16,envio
C-01316,K-12,2026-09-16,envio
C-01326,K-05,2026-09-16,envio
C-01326,K-05,2026-09-16,apertura
C-01418,K-14,2026-09-16,envio
C-01418,K-14,2026-09-16,apertura
C-01418,K-14,2026-09-16,clic
C-01472,K-12,2026-09-16,envio
C-01499,K-13,2026-09-16,envio
C-01499,K-13,2026-09-16,apertura
C-01499,K-13,2026-09-16,clic
C-00022,K-06,2026-09-17,envio
C-00022,K-06,2026-09-17,apertura
C-00137,K-12,2026-09-17,envio
C-00245,K-01,2026-09-17,envio
C-00255,K-08,2026-09-17,envio
C-00255,K-08,2026-09-17,apertura
C-00255,K-08,2026-09-17,clic
C-00297,K-05,2026-09-17,envio
C-00366,K-04,2026-09-17,envio
C-00444,K-09,2026-09-17,envio
C-00517,K-14,2026-09-17,envio
C-00517,K-14,2026-09-17,apertura
C-00536,K-02,2026-09-17,envio
C-00619,K-14,2026-09-17,envio
C-00778,K-14,2026-09-17,envio
C-00810,K-13,2026-09-17,envio
C-00810,K-13,2026-09-17,apertura
C-00858,K-12,2026-09-17,envio
C-00912,K-14,2026-09-17,envio
C-00923,K-14,2026-09-17,envio
C-01021,K-01,2026-09-17,envio
C-01021,K-01,2026-09-17,apertura
C-01057,K-07,2026-09-17,envio
C-01064,K-10,2026-09-17,envio
C-01227,K-08,2026-09-17,envio
C-01369,K-02,2026-09-17,envio
C-01390,K-01,2026-09-17,envio
C-01399,K-14,2026-09-17,envio
C-01399,K-14,2026-09-17,apertura
C-01399,K-14,2026-09-17,clic
C-01416,K-12,2026-09-17,envio
C-01416,K-12,2026-09-17,apertura
C-01497,K-02,2026-09-17,envio
C-01497,K-02,2026-09-17,apertura
C-00042,K-05,2026-09-18,envio
C-00079,K-09,2026-09-18,envio
C-00099,K-04,2026-09-18,envio
C-00099,K-04,2026-09-18,apertura
C-00135,K-12,2026-09-18,envio
C-00135,K-12,2026-09-18,apertura
C-00155,K-14,2026-09-18,envio
C-00155,K-14,2026-09-18,apertura
C-00155,K-14,2026-09-18,clic
C-00162,K-14,2026-09-18,envio
C-00211,K-14,2026-09-18,envio
C-00211,K-14,2026-09-18,apertura
C-00257,K-14,2026-09-18,envio
C-00267,K-14,2026-09-18,envio
C-00298,K-08,2026-09-18,envio
C-00298,K-08,2026-09-18,apertura
C-00300,K-01,2026-09-18,envio
C-00335,K-11,2026-09-18,envio
C-00341,K-14,2026-09-18,envio
C-00341,K-14,2026-09-18,apertura
C-00347,K-08,2026-09-18,envio
C-00386,K-14,2026-09-18,envio
C-00386,K-14,2026-09-18,apertura
C-00454,K-13,2026-09-18,envio
C-00526,K-14,2026-09-18,envio
C-00580,K-02,2026-09-18,envio
C-00634,K-08,2026-09-18,envio
C-00745,K-03,2026-09-18,envio
C-00855,K-01,2026-09-18,envio
C-00971,K-14,2026-09-18,envio
C-00971,K-14,2026-09-18,apertura
C-01038,K-14,2026-09-18,envio
C-01217,K-08,2026-09-18,envio
C-01217,K-08,2026-09-18,apertura
C-01242,K-01,2026-09-18,envio
C-01334,K-09,2026-09-18,envio
C-01334,K-09,2026-09-18,apertura
C-01338,K-02,2026-09-18,envio
C-01417,K-04,2026-09-18,envio
C-01417,K-04,2026-09-18,apertura
C-01450,K-08,2026-09-18,envio
C-00309,K-05,2026-09-19,envio
C-00351,K-01,2026-09-19,envio
C-00351,K-01,2026-09-19,apertura
C-00387,K-09,2026-09-19,envio
C-00452,K-14,2026-09-19,envio
C-00480,K-14,2026-09-19,envio
C-00480,K-14,2026-09-19,apertura
C-00480,K-14,2026-09-19,clic
C-00530,K-14,2026-09-19,envio
C-00653,K-03,2026-09-19,envio
C-00653,K-03,2026-09-19,apertura
C-00660,K-14,2026-09-19,envio
C-00745,K-14,2026-09-19,envio
C-00752,K-14,2026-09-19,envio
C-00774,K-14,2026-09-19,envio
C-00774,K-14,2026-09-19,apertura
C-00831,K-08,2026-09-19,envio
C-00831,K-08,2026-09-19,apertura
C-00903,K-13,2026-09-19,envio
C-00903,K-13,2026-09-19,apertura
C-00903,K-13,2026-09-19,clic
C-00949,K-14,2026-09-19,envio
C-00953,K-10,2026-09-19,envio
C-00978,K-09,2026-09-19,envio
C-00978,K-09,2026-09-19,apertura
C-00978,K-09,2026-09-19,clic
C-01273,K-11,2026-09-19,envio
C-01356,K-07,2026-09-19,envio
C-01356,K-07,2026-09-19,apertura
C-01420,K-05,2026-09-19,envio
C-01449,K-13,2026-09-19,envio
C-01489,K-14,2026-09-19,envio
C-01489,K-14,2026-09-19,apertura
C-00171,K-07,2026-09-20,envio
C-00180,K-04,2026-09-20,envio
C-00399,K-07,2026-09-20,envio
C-00433,K-11,2026-09-20,envio
C-00451,K-14,2026-09-20,envio
C-00489,K-01,2026-09-20,envio
C-00500,K-10,2026-09-20,envio
C-00577,K-14,2026-09-20,envio
C-00764,K-07,2026-09-20,envio
C-00950,K-12,2026-09-20,envio
C-01043,K-12,2026-09-20,envio
C-01043,K-12,2026-09-20,apertura
C-01184,K-13,2026-09-20,envio
C-01184,K-13,2026-09-20,apertura
C-01266,K-14,2026-09-20,envio
C-01266,K-14,2026-09-20,apertura
C-01266,K-14,2026-09-20,clic
C-01333,K-13,2026-09-20,envio
C-00138,K-02,2026-09-21,envio
C-00138,K-02,2026-09-21,apertura
C-00264,K-14,2026-09-21,envio
C-00264,K-14,2026-09-21,apertura
C-00402,K-11,2026-09-21,envio
C-00402,K-11,2026-09-21,apertura
C-00402,K-11,2026-09-21,clic
C-00504,K-01,2026-09-21,envio
C-00504,K-01,2026-09-21,apertura
C-00505,K-13,2026-09-21,envio
C-00505,K-13,2026-09-21,apertura
C-00690,K-09,2026-09-21,envio
C-00690,K-09,2026-09-21,apertura
C-00690,K-09,2026-09-21,clic
C-00756,K-11,2026-09-21,envio
C-00768,K-13,2026-09-21,envio
C-00768,K-13,2026-09-21,apertura
C-00844,K-01,2026-09-21,envio
C-00898,K-14,2026-09-21,envio
C-00898,K-14,2026-09-21,apertura
C-00898,K-14,2026-09-21,clic
C-00901,K-02,2026-09-21,envio
C-00901,K-02,2026-09-21,apertura
C-00963,K-09,2026-09-21,envio
C-01018,K-13,2026-09-21,envio
C-01086,K-13,2026-09-21,envio
C-01119,K-14,2026-09-21,envio
C-01271,K-08,2026-09-21,envio
C-01499,K-14,2026-09-21,envio
C-01499,K-14,2026-09-21,apertura
C-00033,K-14,2026-09-22,envio
C-00060,K-13,2026-09-22,envio
C-00060,K-13,2026-09-22,apertura
C-00139,K-05,2026-09-22,envio
C-00139,K-05,2026-09-22,apertura
C-00196,K-14,2026-09-22,envio
C-00212,K-14,2026-09-22,envio
C-00212,K-14,2026-09-22,apertura
C-00292,K-14,2026-09-22,envio
C-00335,K-14,2026-09-22,envio
C-00487,K-14,2026-09-22,envio
C-00700,K-02,2026-09-22,envio
C-00700,K-02,2026-09-22,apertura
C-00780,K-14,2026-09-22,envio
C-00946,K-12,2026-09-22,envio
C-00946,K-12,2026-09-22,apertura
C-00950,K-04,2026-09-22,envio
C-00950,K-04,2026-09-22,apertura
C-00950,K-04,2026-09-22,clic
C-00987,K-14,2026-09-22,envio
C-00987,K-14,2026-09-22,apertura
C-00987,K-14,2026-09-22,clic
C-01007,K-14,2026-09-22,envio
C-01065,K-14,2026-09-22,envio
C-01065,K-14,2026-09-22,apertura
C-01186,K-13,2026-09-22,envio
C-01254,K-14,2026-09-22,envio
C-01254,K-14,2026-09-22,apertura
C-01280,K-02,2026-09-22,envio
C-01280,K-02,2026-09-22,apertura
C-01315,K-14,2026-09-22,envio
C-01315,K-14,2026-09-22,apertura
C-01315,K-14,2026-09-22,clic
C-01459,K-13,2026-09-22,envio
C-01478,K-07,2026-09-22,envio
C-00014,K-07,2026-09-23,envio
C-00014,K-07,2026-09-23,apertura
C-00022,K-14,2026-09-23,envio
C-00022,K-04,2026-09-23,envio
C-00161,K-03,2026-09-23,envio
C-00272,K-14,2026-09-23,envio
C-00328,K-13,2026-09-23,envio
C-00358,K-14,2026-09-23,envio
C-00358,K-14,2026-09-23,apertura
C-00372,K-11,2026-09-23,envio
C-00385,K-04,2026-09-23,envio
C-00385,K-04,2026-09-23,apertura
C-00402,K-11,2026-09-23,canje
C-00507,K-13,2026-09-23,envio
C-00538,K-09,2026-09-23,envio
C-00737,K-14,2026-09-23,envio
C-00766,K-12,2026-09-23,envio
C-00799,K-01,2026-09-23,envio
C-00814,K-07,2026-09-23,envio
C-00814,K-07,2026-09-23,apertura
C-00858,K-09,2026-09-23,envio
C-00858,K-09,2026-09-23,apertura
C-00883,K-02,2026-09-23,envio
C-00980,K-14,2026-09-23,envio
C-00980,K-14,2026-09-23,apertura
C-01176,K-08,2026-09-23,envio
C-01176,K-08,2026-09-23,apertura
C-01227,K-07,2026-09-23,envio
C-01402,K-02,2026-09-23,envio
C-01416,K-14,2026-09-23,envio
C-01416,K-14,2026-09-23,apertura
C-01416,K-14,2026-09-23,clic
C-01450,K-09,2026-09-23,envio
C-01450,K-09,2026-09-23,apertura
C-00001,K-13,2026-09-24,envio
C-00003,K-08,2026-09-24,envio
C-00016,K-02,2026-09-24,envio
C-00016,K-02,2026-09-24,apertura
C-00016,K-02,2026-09-24,clic
C-00039,K-10,2026-09-24,envio
C-00039,K-10,2026-09-24,apertura
C-00298,K-07,2026-09-24,envio
C-00298,K-07,2026-09-24,apertura
C-00382,K-14,2026-09-24,envio
C-00442,K-05,2026-09-24,envio
C-00505,K-14,2026-09-24,envio
C-00505,K-14,2026-09-24,apertura
C-00545,K-13,2026-09-24,envio
C-00545,K-01,2026-09-24,envio
C-00597,K-13,2026-09-24,envio
C-00845,K-08,2026-09-24,envio
C-00857,K-01,2026-09-24,envio
C-00857,K-01,2026-09-24,apertura
C-00955,K-14,2026-09-24,envio
C-00955,K-14,2026-09-24,apertura
C-01007,K-01,2026-09-24,envio
C-01023,K-10,2026-09-24,envio
C-01058,K-03,2026-09-24,envio
C-01058,K-03,2026-09-24,apertura
C-01483,K-01,2026-09-24,envio
C-01483,K-01,2026-09-24,apertura
C-01483,K-01,2026-09-24,clic
C-01490,K-12,2026-09-24,envio
C-00077,K-14,2026-09-25,envio
C-00086,K-13,2026-09-25,envio
C-00094,K-05,2026-09-25,envio
C-00094,K-05,2026-09-25,apertura
C-00094,K-05,2026-09-25,clic
C-00130,K-14,2026-09-25,envio
C-00130,K-14,2026-09-25,apertura
C-00240,K-10,2026-09-25,envio
C-00338,K-01,2026-09-25,envio
C-00338,K-01,2026-09-25,apertura
C-00356,K-14,2026-09-25,envio
C-00422,K-13,2026-09-25,envio
C-00483,K-12,2026-09-25,envio
C-00643,K-01,2026-09-25,envio
C-00686,K-05,2026-09-25,envio
C-00754,K-07,2026-09-25,envio
C-00754,K-07,2026-09-25,apertura
C-00945,K-01,2026-09-25,envio
C-00945,K-01,2026-09-25,apertura
C-00981,K-10,2026-09-25,envio
C-01132,K-02,2026-09-25,envio
C-01132,K-02,2026-09-25,apertura
C-01132,K-02,2026-09-25,clic
C-01297,K-14,2026-09-25,envio
C-01421,K-13,2026-09-25,envio
C-01421,K-13,2026-09-25,apertura
